obs_id,night_date,timestamp,hour,station,lat,lon,temp_c,humidity_pct,rain_mm,weather_condition,AS_system
2,1/3/2024,1/3/2024 22:00,22,ภูชี้ฟ้า,19.851383,100.453975,17.4,56,0,Clear,1
3,1/3/2024,1/3/2024 23:00,23,ภูชี้ฟ้า,19.851383,100.453975,16.9,53,0,Clear,1
4,1/3/2024,2/3/2024 0:00,0,ภูชี้ฟ้า,19.851383,100.453975,16.1,66,0,Clear,1
5,1/3/2024,2/3/2024 1:00,1,ภูชี้ฟ้า,19.851383,100.453975,16.7,70,0,Clear,1
6,1/3/2024,2/3/2024 2:00,2,ภูชี้ฟ้า,19.851383,100.453975,16.8,75,0,Clear,1
7,1/3/2024,2/3/2024 3:00,3,ภูชี้ฟ้า,19.851383,100.453975,17.1,76,0,Clear,1
8,2/3/2024,2/3/2024 21:00,21,ภูชี้ฟ้า,19.851383,100.453975,17,75,0,Clear,1
9,2/3/2024,2/3/2024 22:00,22,ภูชี้ฟ้า,19.851383,100.453975,17,71,0,Clear,1
10,2/3/2024,2/3/2024 23:00,23,ภูชี้ฟ้า,19.851383,100.453975,16.8,73,0,Clear,1
11,2/3/2024,3/3/2024 0:00,0,ภูชี้ฟ้า,19.851383,100.453975,17.2,70,0,Clear,1
12,2/3/2024,3/3/2024 1:00,1,ภูชี้ฟ้า,19.851383,100.453975,16.9,73,0,Clear,1
13,2/3/2024,3/3/2024 2:00,2,ภูชี้ฟ้า,19.851383,100.453975,16.5,76,0,Clear,1
14,2/3/2024,3/3/2024 3:00,3,ภูชี้ฟ้า,19.851383,100.453975,16,78,0,Clear,1
15,3/3/2024,3/3/2024 21:00,21,ภูชี้ฟ้า,19.851383,100.453975,19.8,46,0,Mainly Clear,1
16,3/3/2024,3/3/2024 22:00,22,ภูชี้ฟ้า,19.851383,100.453975,19.7,44,0,Mainly Clear,1
17,3/3/2024,3/3/2024 23:00,23,ภูชี้ฟ้า,19.851383,100.453975,18.9,59,0,Mainly Clear,1
18,3/3/2024,4/3/2024 0:00,0,ภูชี้ฟ้า,19.851383,100.453975,17.9,68,0,Clear,1
19,3/3/2024,4/3/2024 1:00,1,ภูชี้ฟ้า,19.851383,100.453975,17.7,71,0,Clear,1
20,3/3/2024,4/3/2024 2:00,2,ภูชี้ฟ้า,19.851383,100.453975,17.1,74,0,Mainly Clear,1
21,3/3/2024,4/3/2024 3:00,3,ภูชี้ฟ้า,19.851383,100.453975,16.7,76,0,Clear,1
22,4/3/2024,4/3/2024 21:00,21,ภูชี้ฟ้า,19.851383,100.453975,19.7,42,0,Clear,1
23,4/3/2024,4/3/2024 22:00,22,ภูชี้ฟ้า,19.851383,100.453975,19.6,44,0,Clear,1
24,4/3/2024,4/3/2024 23:00,23,ภูชี้ฟ้า,19.851383,100.453975,18.7,50,0,Clear,1
25,4/3/2024,5/3/2024 0:00,0,ภูชี้ฟ้า,19.851383,100.453975,19.4,43,0,Clear,1
26,4/3/2024,5/3/2024 1:00,1,ภูชี้ฟ้า,19.851383,100.453975,19.1,43,0,Clear,1
27,4/3/2024,5/3/2024 2:00,2,ภูชี้ฟ้า,19.851383,100.453975,18.9,43,0,Clear,1
28,4/3/2024,5/3/2024 3:00,3,ภูชี้ฟ้า,19.851383,100.453975,17,53,0,Clear,1
29,5/3/2024,5/3/2024 21:00,21,ภูชี้ฟ้า,19.851383,100.453975,19.1,48,0,Clear,1
30,5/3/2024,5/3/2024 22:00,22,ภูชี้ฟ้า,19.851383,100.453975,18.4,54,0,Clear,1
31,5/3/2024,5/3/2024 23:00,23,ภูชี้ฟ้า,19.851383,100.453975,18.6,53,0,Clear,1
32,5/3/2024,6/3/2024 0:00,0,ภูชี้ฟ้า,19.851383,100.453975,19.2,48,0,Clear,1
33,5/3/2024,6/3/2024 1:00,1,ภูชี้ฟ้า,19.851383,100.453975,18.3,49,0,Clear,1
34,5/3/2024,6/3/2024 2:00,2,ภูชี้ฟ้า,19.851383,100.453975,18.6,44,0,Clear,1
35,5/3/2024,6/3/2024 3:00,3,ภูชี้ฟ้า,19.851383,100.453975,18.8,39,0,Clear,1
36,6/3/2024,6/3/2024 21:00,21,ภูชี้ฟ้า,19.851383,100.453975,22,27,0,Clear,1
37,6/3/2024,6/3/2024 22:00,22,ภูชี้ฟ้า,19.851383,100.453975,23,24,0,Clear,1
38,6/3/2024,6/3/2024 23:00,23,ภูชี้ฟ้า,19.851383,100.453975,19.7,40,0,Clear,1
39,6/3/2024,7/3/2024 0:00,0,ภูชี้ฟ้า,19.851383,100.453975,21,33,0,Clear,1
40,6/3/2024,7/3/2024 1:00,1,ภูชี้ฟ้า,19.851383,100.453975,23.3,23,0,Clear,1
41,6/3/2024,7/3/2024 2:00,2,ภูชี้ฟ้า,19.851383,100.453975,23,23,0,Mainly Clear,1
42,6/3/2024,7/3/2024 3:00,3,ภูชี้ฟ้า,19.851383,100.453975,18.4,41,0,Mainly Clear,1
43,7/3/2024,7/3/2024 21:00,21,ภูชี้ฟ้า,19.851383,100.453975,21.6,40,0,Clear,1
44,7/3/2024,7/3/2024 22:00,22,ภูชี้ฟ้า,19.851383,100.453975,22.3,39,0,Clear,1
45,7/3/2024,7/3/2024 23:00,23,ภูชี้ฟ้า,19.851383,100.453975,23.5,36,0,Clear,1
46,7/3/2024,8/3/2024 0:00,0,ภูชี้ฟ้า,19.851383,100.453975,23.9,36,0,Clear,1
47,7/3/2024,8/3/2024 1:00,1,ภูชี้ฟ้า,19.851383,100.453975,22.9,38,0,Clear,1
48,7/3/2024,8/3/2024 2:00,2,ภูชี้ฟ้า,19.851383,100.453975,21.9,42,0,Clear,1
49,7/3/2024,8/3/2024 3:00,3,ภูชี้ฟ้า,19.851383,100.453975,18,59,0,Clear,1
50,8/3/2024,8/3/2024 21:00,21,ภูชี้ฟ้า,19.851383,100.453975,20.5,50,0,Mainly Clear,1
51,8/3/2024,8/3/2024 22:00,22,ภูชี้ฟ้า,19.851383,100.453975,19.6,56,0,Clear,1
52,8/3/2024,8/3/2024 23:00,23,ภูชี้ฟ้า,19.851383,100.453975,19.1,61,0,Mainly Clear,1
53,8/3/2024,9/3/2024 0:00,0,ภูชี้ฟ้า,19.851383,100.453975,18.7,63,0,Clear,1
54,8/3/2024,9/3/2024 1:00,1,ภูชี้ฟ้า,19.851383,100.453975,19,63,0,Mainly Clear,1
55,8/3/2024,9/3/2024 2:00,2,ภูชี้ฟ้า,19.851383,100.453975,19.3,63,0,Clear,1
56,8/3/2024,9/3/2024 3:00,3,ภูชี้ฟ้า,19.851383,100.453975,18.5,67,0,Clear,1
57,9/3/2024,9/3/2024 21:00,21,ภูชี้ฟ้า,19.851383,100.453975,22.1,31,0,Clear,1
58,9/3/2024,9/3/2024 22:00,22,ภูชี้ฟ้า,19.851383,100.453975,21,36,0,Clear,1
59,9/3/2024,9/3/2024 23:00,23,ภูชี้ฟ้า,19.851383,100.453975,18.9,48,0,Clear,1
60,9/3/2024,10/3/2024 0:00,0,ภูชี้ฟ้า,19.851383,100.453975,18.6,59,0,Clear,1
61,9/3/2024,10/3/2024 1:00,1,ภูชี้ฟ้า,19.851383,100.453975,17.9,69,0,Clear,1
62,9/3/2024,10/3/2024 2:00,2,ภูชี้ฟ้า,19.851383,100.453975,17.5,74,0,Clear,1
63,9/3/2024,10/3/2024 3:00,3,ภูชี้ฟ้า,19.851383,100.453975,17.4,76,0,Clear,1
64,10/3/2024,10/3/2024 21:00,21,ภูชี้ฟ้า,19.851383,100.453975,21.6,38,0,Mainly Clear,1
65,10/3/2024,10/3/2024 22:00,22,ภูชี้ฟ้า,19.851383,100.453975,20.7,44,0,Clear,1
66,10/3/2024,10/3/2024 23:00,23,ภูชี้ฟ้า,19.851383,100.453975,19.3,51,0,Mainly Clear,1
67,10/3/2024,11/3/2024 0:00,0,ภูชี้ฟ้า,19.851383,100.453975,19.5,46,0,Clear,1
68,10/3/2024,11/3/2024 1:00,1,ภูชี้ฟ้า,19.851383,100.453975,19,48,0,Partly Cloudy,1
69,10/3/2024,11/3/2024 2:00,2,ภูชี้ฟ้า,19.851383,100.453975,18.7,49,0,Partly Cloudy,1
70,10/3/2024,11/3/2024 3:00,3,ภูชี้ฟ้า,19.851383,100.453975,18.7,49,0,Partly Cloudy,1
71,11/3/2024,11/3/2024 21:00,21,ภูชี้ฟ้า,19.851383,100.453975,19.5,49,0,Mainly Clear,1
72,11/3/2024,11/3/2024 22:00,22,ภูชี้ฟ้า,19.851383,100.453975,18.8,52,0,Partly Cloudy,1
73,11/3/2024,11/3/2024 23:00,23,ภูชี้ฟ้า,19.851383,100.453975,18.3,57,0,Partly Cloudy,1
74,11/3/2024,12/3/2024 0:00,0,ภูชี้ฟ้า,19.851383,100.453975,17.9,59,0,Overcast,0
75,11/3/2024,12/3/2024 1:00,1,ภูชี้ฟ้า,19.851383,100.453975,17.4,62,0,Overcast,0
76,11/3/2024,12/3/2024 2:00,2,ภูชี้ฟ้า,19.851383,100.453975,18.8,53,0,Overcast,0
77,11/3/2024,12/3/2024 3:00,3,ภูชี้ฟ้า,19.851383,100.453975,18.8,57,0,Overcast,0
78,12/3/2024,12/3/2024 21:00,21,ภูชี้ฟ้า,19.851383,100.453975,18.8,68,0,Clear,1
79,12/3/2024,12/3/2024 22:00,22,ภูชี้ฟ้า,19.851383,100.453975,18.2,72,0,Clear,1
80,12/3/2024,12/3/2024 23:00,23,ภูชี้ฟ้า,19.851383,100.453975,17.9,75,0,Clear,1
81,12/3/2024,13/3/2024 0:00,0,ภูชี้ฟ้า,19.851383,100.453975,18.1,76,0,Clear,1
82,12/3/2024,13/3/2024 1:00,1,ภูชี้ฟ้า,19.851383,100.453975,17.8,79,0,Mainly Clear,1
83,12/3/2024,13/3/2024 2:00,2,ภูชี้ฟ้า,19.851383,100.453975,17.4,83,0,Mainly Clear,0
84,12/3/2024,13/3/2024 3:00,3,ภูชี้ฟ้า,19.851383,100.453975,16.9,86,0,Clear,0
85,13/3/2024,13/3/2024 21:00,21,ภูชี้ฟ้า,19.851383,100.453975,19.2,48,0,Clear,1
86,13/3/2024,13/3/2024 22:00,22,ภูชี้ฟ้า,19.851383,100.453975,18.2,55,0,Clear,1
87,13/3/2024,13/3/2024 23:00,23,ภูชี้ฟ้า,19.851383,100.453975,18.9,49,0,Clear,1
88,13/3/2024,14/3/2024 0:00,0,ภูชี้ฟ้า,19.851383,100.453975,19.5,49,0,Clear,1
89,13/3/2024,14/3/2024 1:00,1,ภูชี้ฟ้า,19.851383,100.453975,18.8,50,0,Clear,1
90,13/3/2024,14/3/2024 2:00,2,ภูชี้ฟ้า,19.851383,100.453975,17.8,55,0,Clear,1
91,13/3/2024,14/3/2024 3:00,3,ภูชี้ฟ้า,19.851383,100.453975,17.4,56,0,Clear,1
92,14/3/2024,14/3/2024 21:00,21,ภูชี้ฟ้า,19.851383,100.453975,21.1,29,0,Clear,1
93,14/3/2024,14/3/2024 22:00,22,ภูชี้ฟ้า,19.851383,100.453975,19.2,42,0,Clear,1
94,14/3/2024,14/3/2024 23:00,23,ภูชี้ฟ้า,19.851383,100.453975,17.8,48,0,Clear,1
95,14/3/2024,15/3/2024 0:00,0,ภูชี้ฟ้า,19.851383,100.453975,21.5,25,0,Clear,1
96,14/3/2024,15/3/2024 1:00,1,ภูชี้ฟ้า,19.851383,100.453975,21.1,25,0,Mainly Clear,1
97,14/3/2024,15/3/2024 2:00,2,ภูชี้ฟ้า,19.851383,100.453975,20.6,27,0,Clear,1
98,14/3/2024,15/3/2024 3:00,3,ภูชี้ฟ้า,19.851383,100.453975,15.8,53,0,Clear,1
99,15/3/2024,15/3/2024 21:00,21,ภูชี้ฟ้า,19.851383,100.453975,22.4,24,0,Clear,1
100,15/3/2024,15/3/2024 22:00,22,ภูชี้ฟ้า,19.851383,100.453975,23.6,23,0,Clear,1
101,15/3/2024,15/3/2024 23:00,23,ภูชี้ฟ้า,19.851383,100.453975,24,23,0,Clear,1
102,15/3/2024,16/3/2024 0:00,0,ภูชี้ฟ้า,19.851383,100.453975,24,23,0,Clear,1
103,15/3/2024,16/3/2024 1:00,1,ภูชี้ฟ้า,19.851383,100.453975,19.9,40,0,Clear,1
104,15/3/2024,16/3/2024 2:00,2,ภูชี้ฟ้า,19.851383,100.453975,17.9,50,0,Clear,1
105,15/3/2024,16/3/2024 3:00,3,ภูชี้ฟ้า,19.851383,100.453975,17.6,50,0,Clear,1
106,16/3/2024,16/3/2024 21:00,21,ภูชี้ฟ้า,19.851383,100.453975,20.3,53,0,Clear,1
107,16/3/2024,16/3/2024 22:00,22,ภูชี้ฟ้า,19.851383,100.453975,22.3,36,0,Clear,1
108,16/3/2024,16/3/2024 23:00,23,ภูชี้ฟ้า,19.851383,100.453975,22.4,35,0,Clear,1
109,16/3/2024,17/3/2024 0:00,0,ภูชี้ฟ้า,19.851383,100.453975,19.9,46,0,Clear,1
110,16/3/2024,17/3/2024 1:00,1,ภูชี้ฟ้า,19.851383,100.453975,21.1,40,0,Clear,1
111,16/3/2024,17/3/2024 2:00,2,ภูชี้ฟ้า,19.851383,100.453975,20.4,48,0,Clear,1
112,16/3/2024,17/3/2024 3:00,3,ภูชี้ฟ้า,19.851383,100.453975,19.3,56,0,Clear,1
113,17/3/2024,17/3/2024 21:00,21,ภูชี้ฟ้า,19.851383,100.453975,20.1,58,0,Clear,1
114,17/3/2024,17/3/2024 22:00,22,ภูชี้ฟ้า,19.851383,100.453975,23,39,0,Mainly Clear,1
115,17/3/2024,17/3/2024 23:00,23,ภูชี้ฟ้า,19.851383,100.453975,23,40,0,Partly Cloudy,1
116,17/3/2024,18/3/2024 0:00,0,ภูชี้ฟ้า,19.851383,100.453975,19.5,67,0,Mainly Clear,1
117,17/3/2024,18/3/2024 1:00,1,ภูชี้ฟ้า,19.851383,100.453975,19.5,63,0,Partly Cloudy,1
118,17/3/2024,18/3/2024 2:00,2,ภูชี้ฟ้า,19.851383,100.453975,18.6,68,0,Overcast,0
119,17/3/2024,18/3/2024 3:00,3,ภูชี้ฟ้า,19.851383,100.453975,18.2,71,0,Overcast,0
120,18/3/2024,18/3/2024 21:00,21,ภูชี้ฟ้า,19.851383,100.453975,19.8,54,0,Clear,1
121,18/3/2024,18/3/2024 22:00,22,ภูชี้ฟ้า,19.851383,100.453975,22.3,32,0,Clear,1
122,18/3/2024,18/3/2024 23:00,23,ภูชี้ฟ้า,19.851383,100.453975,21.3,35,0,Clear,1
123,18/3/2024,19/3/2024 0:00,0,ภูชี้ฟ้า,19.851383,100.453975,18.9,48,0,Clear,1
124,18/3/2024,19/3/2024 1:00,1,ภูชี้ฟ้า,19.851383,100.453975,18.3,56,0,Clear,1
125,18/3/2024,19/3/2024 2:00,2,ภูชี้ฟ้า,19.851383,100.453975,18.4,57,0,Clear,1
126,18/3/2024,19/3/2024 3:00,3,ภูชี้ฟ้า,19.851383,100.453975,19.5,52,0,Clear,1
127,19/3/2024,19/3/2024 21:00,21,ภูชี้ฟ้า,19.851383,100.453975,19.1,68,0,Mainly Clear,1
128,19/3/2024,19/3/2024 22:00,22,ภูชี้ฟ้า,19.851383,100.453975,17.5,80,0,Mainly Clear,1
129,19/3/2024,19/3/2024 23:00,23,ภูชี้ฟ้า,19.851383,100.453975,16.4,89,0,Clear,0
130,19/3/2024,20/3/2024 0:00,0,ภูชี้ฟ้า,19.851383,100.453975,16.1,92,0,Partly Cloudy,0
131,19/3/2024,20/3/2024 1:00,1,ภูชี้ฟ้า,19.851383,100.453975,15.8,95,0,Overcast,0
132,19/3/2024,20/3/2024 2:00,2,ภูชี้ฟ้า,19.851383,100.453975,15,98,1.3,Light Rain,0
133,19/3/2024,20/3/2024 3:00,3,ภูชี้ฟ้า,19.851383,100.453975,14.2,99,4.1,Rain,0
134,20/3/2024,20/3/2024 21:00,21,ภูชี้ฟ้า,19.851383,100.453975,14.9,98,0,Clear,0
135,20/3/2024,20/3/2024 22:00,22,ภูชี้ฟ้า,19.851383,100.453975,14.5,98,0,Mainly Clear,0
136,20/3/2024,20/3/2024 23:00,23,ภูชี้ฟ้า,19.851383,100.453975,14.5,98,0,Mainly Clear,0
137,20/3/2024,21/3/2024 0:00,0,ภูชี้ฟ้า,19.851383,100.453975,13.9,100,0,Clear,0
138,20/3/2024,21/3/2024 1:00,1,ภูชี้ฟ้า,19.851383,100.453975,13.8,100,0,Overcast,0
139,20/3/2024,21/3/2024 2:00,2,ภูชี้ฟ้า,19.851383,100.453975,13.7,100,0,Overcast,0
140,20/3/2024,21/3/2024 3:00,3,ภูชี้ฟ้า,19.851383,100.453975,13.4,100,0,Overcast,0
141,21/3/2024,21/3/2024 21:00,21,ภูชี้ฟ้า,19.851383,100.453975,19,58,0,Clear,1
142,21/3/2024,21/3/2024 22:00,22,ภูชี้ฟ้า,19.851383,100.453975,18.3,62,0,Mainly Clear,1
143,21/3/2024,21/3/2024 23:00,23,ภูชี้ฟ้า,19.851383,100.453975,18.2,66,0,Partly Cloudy,1
144,21/3/2024,22/3/2024 0:00,0,ภูชี้ฟ้า,19.851383,100.453975,17.9,69,0,Partly Cloudy,1
145,21/3/2024,22/3/2024 1:00,1,ภูชี้ฟ้า,19.851383,100.453975,17.3,75,0,Mainly Clear,1
146,21/3/2024,22/3/2024 2:00,2,ภูชี้ฟ้า,19.851383,100.453975,16.8,79,0,Mainly Clear,1
147,21/3/2024,22/3/2024 3:00,3,ภูชี้ฟ้า,19.851383,100.453975,16.6,81,0,Overcast,0
148,22/3/2024,22/3/2024 21:00,21,ภูชี้ฟ้า,19.851383,100.453975,17,77,0,Mainly Clear,1
149,22/3/2024,22/3/2024 22:00,22,ภูชี้ฟ้า,19.851383,100.453975,16.7,76,0,Overcast,0
150,22/3/2024,22/3/2024 23:00,23,ภูชี้ฟ้า,19.851383,100.453975,16.2,77,0,Overcast,0
151,22/3/2024,23/3/2024 0:00,0,ภูชี้ฟ้า,19.851383,100.453975,15.9,78,0,Overcast,0
152,22/3/2024,23/3/2024 1:00,1,ภูชี้ฟ้า,19.851383,100.453975,16.2,76,0,Overcast,0
153,22/3/2024,23/3/2024 2:00,2,ภูชี้ฟ้า,19.851383,100.453975,16.5,74,0,Mainly Clear,1
154,22/3/2024,23/3/2024 3:00,3,ภูชี้ฟ้า,19.851383,100.453975,16.4,74,0,Overcast,0
155,23/3/2024,23/3/2024 21:00,21,ภูชี้ฟ้า,19.851383,100.453975,19,53,0,Clear,1
156,23/3/2024,23/3/2024 22:00,22,ภูชี้ฟ้า,19.851383,100.453975,20.5,40,0,Clear,1
157,23/3/2024,23/3/2024 23:00,23,ภูชี้ฟ้า,19.851383,100.453975,18.8,49,0,Clear,1
158,23/3/2024,24/3/2024 0:00,0,ภูชี้ฟ้า,19.851383,100.453975,18.5,52,0,Clear,1
159,23/3/2024,24/3/2024 1:00,1,ภูชี้ฟ้า,19.851383,100.453975,18,55,0,Clear,1
160,23/3/2024,24/3/2024 2:00,2,ภูชี้ฟ้า,19.851383,100.453975,17.6,55,0,Clear,1
161,23/3/2024,24/3/2024 3:00,3,ภูชี้ฟ้า,19.851383,100.453975,17,56,0,Clear,1
162,24/3/2024,24/3/2024 21:00,21,ภูชี้ฟ้า,19.851383,100.453975,21.3,40,0,Clear,1
163,24/3/2024,24/3/2024 22:00,22,ภูชี้ฟ้า,19.851383,100.453975,19.1,50,0,Clear,1
164,24/3/2024,24/3/2024 23:00,23,ภูชี้ฟ้า,19.851383,100.453975,19.4,42,0,Clear,1
165,24/3/2024,25/3/2024 0:00,0,ภูชี้ฟ้า,19.851383,100.453975,17.9,53,0,Clear,1
166,24/3/2024,25/3/2024 1:00,1,ภูชี้ฟ้า,19.851383,100.453975,18.7,45,0,Clear,1
167,24/3/2024,25/3/2024 2:00,2,ภูชี้ฟ้า,19.851383,100.453975,18.4,44,0,Clear,1
168,24/3/2024,25/3/2024 3:00,3,ภูชี้ฟ้า,19.851383,100.453975,17.3,50,0,Clear,1
169,25/3/2024,25/3/2024 21:00,21,ภูชี้ฟ้า,19.851383,100.453975,21.5,32,0,Partly Cloudy,1
170,25/3/2024,25/3/2024 22:00,22,ภูชี้ฟ้า,19.851383,100.453975,23.4,27,0,Overcast,0
171,25/3/2024,25/3/2024 23:00,23,ภูชี้ฟ้า,19.851383,100.453975,19.7,45,0,Overcast,0
172,25/3/2024,26/3/2024 0:00,0,ภูชี้ฟ้า,19.851383,100.453975,22.7,28,0,Overcast,0
173,25/3/2024,26/3/2024 1:00,1,ภูชี้ฟ้า,19.851383,100.453975,22.7,27,0,Overcast,0
174,25/3/2024,26/3/2024 2:00,2,ภูชี้ฟ้า,19.851383,100.453975,22.9,26,0,Overcast,0
175,25/3/2024,26/3/2024 3:00,3,ภูชี้ฟ้า,19.851383,100.453975,22.8,26,0,Overcast,0
176,26/3/2024,26/3/2024 21:00,21,ภูชี้ฟ้า,19.851383,100.453975,20.3,49,0,Overcast,0
177,26/3/2024,26/3/2024 22:00,22,ภูชี้ฟ้า,19.851383,100.453975,19.5,48,0,Partly Cloudy,1
178,26/3/2024,26/3/2024 23:00,23,ภูชี้ฟ้า,19.851383,100.453975,18.1,56,0,Overcast,0
179,26/3/2024,27/3/2024 0:00,0,ภูชี้ฟ้า,19.851383,100.453975,17,65,0,Overcast,0
180,26/3/2024,27/3/2024 1:00,1,ภูชี้ฟ้า,19.851383,100.453975,17,68,0,Overcast,0
181,26/3/2024,27/3/2024 2:00,2,ภูชี้ฟ้า,19.851383,100.453975,16.8,71,0,Overcast,0
182,26/3/2024,27/3/2024 3:00,3,ภูชี้ฟ้า,19.851383,100.453975,16.9,70,0,Overcast,0
183,27/3/2024,27/3/2024 21:00,21,ภูชี้ฟ้า,19.851383,100.453975,18.5,64,0,Overcast,0
184,27/3/2024,27/3/2024 22:00,22,ภูชี้ฟ้า,19.851383,100.453975,17.6,69,0,Clear,1
185,27/3/2024,27/3/2024 23:00,23,ภูชี้ฟ้า,19.851383,100.453975,18.1,67,0,Clear,1
186,27/3/2024,28/3/2024 0:00,0,ภูชี้ฟ้า,19.851383,100.453975,19.3,61,0,Clear,1
187,27/3/2024,28/3/2024 1:00,1,ภูชี้ฟ้า,19.851383,100.453975,19.1,62,0,Clear,1
188,27/3/2024,28/3/2024 2:00,2,ภูชี้ฟ้า,19.851383,100.453975,19.2,63,0,Clear,1
189,27/3/2024,28/3/2024 3:00,3,ภูชี้ฟ้า,19.851383,100.453975,18.7,68,0,Clear,1
190,28/3/2024,28/3/2024 21:00,21,ภูชี้ฟ้า,19.851383,100.453975,19.6,48,0,Clear,1
191,28/3/2024,28/3/2024 22:00,22,ภูชี้ฟ้า,19.851383,100.453975,22.1,31,0,Clear,1
192,28/3/2024,28/3/2024 23:00,23,ภูชี้ฟ้า,19.851383,100.453975,22.6,30,0,Clear,1
193,28/3/2024,29/3/2024 0:00,0,ภูชี้ฟ้า,19.851383,100.453975,18.8,53,0,Clear,1
194,28/3/2024,29/3/2024 1:00,1,ภูชี้ฟ้า,19.851383,100.453975,19.1,49,0,Clear,1
195,28/3/2024,29/3/2024 2:00,2,ภูชี้ฟ้า,19.851383,100.453975,18.8,49,0,Clear,1
196,28/3/2024,29/3/2024 3:00,3,ภูชี้ฟ้า,19.851383,100.453975,18.1,55,0,Clear,1
197,29/3/2024,29/3/2024 21:00,21,ภูชี้ฟ้า,19.851383,100.453975,21.6,38,0,Clear,1
198,29/3/2024,29/3/2024 22:00,22,ภูชี้ฟ้า,19.851383,100.453975,20.5,41,0,Clear,1
199,29/3/2024,29/3/2024 23:00,23,ภูชี้ฟ้า,19.851383,100.453975,20.1,46,0,Clear,1
200,29/3/2024,30/3/2024 0:00,0,ภูชี้ฟ้า,19.851383,100.453975,19.3,58,0,Clear,1
201,29/3/2024,30/3/2024 1:00,1,ภูชี้ฟ้า,19.851383,100.453975,18.8,61,0,Clear,1
202,29/3/2024,30/3/2024 2:00,2,ภูชี้ฟ้า,19.851383,100.453975,18.7,63,0,Clear,1
203,29/3/2024,30/3/2024 3:00,3,ภูชี้ฟ้า,19.851383,100.453975,18.4,67,0,Clear,1
204,30/3/2024,30/3/2024 21:00,21,ภูชี้ฟ้า,19.851383,100.453975,20.7,47,0,Clear,1
205,30/3/2024,30/3/2024 22:00,22,ภูชี้ฟ้า,19.851383,100.453975,20.9,46,0,Partly Cloudy,1
206,30/3/2024,30/3/2024 23:00,23,ภูชี้ฟ้า,19.851383,100.453975,21.4,44,0,Mainly Clear,1
207,30/3/2024,31/3/2024 0:00,0,ภูชี้ฟ้า,19.851383,100.453975,21.5,41,0,Clear,1
208,30/3/2024,31/3/2024 1:00,1,ภูชี้ฟ้า,19.851383,100.453975,20.1,52,0,Clear,1
209,30/3/2024,31/3/2024 2:00,2,ภูชี้ฟ้า,19.851383,100.453975,19.3,60,0,Mainly Clear,1
210,30/3/2024,31/3/2024 3:00,3,ภูชี้ฟ้า,19.851383,100.453975,18.9,63,0,Clear,1
211,31/3/2024,31/3/2024 21:00,21,ภูชี้ฟ้า,19.851383,100.453975,22.2,36,0,Clear,1
212,31/3/2024,31/3/2024 22:00,22,ภูชี้ฟ้า,19.851383,100.453975,21.7,40,0,Clear,1
213,31/3/2024,31/3/2024 23:00,23,ภูชี้ฟ้า,19.851383,100.453975,21.4,42,0,Clear,1
214,31/3/2024,1/4/2024 0:00,0,ภูชี้ฟ้า,19.851383,100.453975,21.3,40,0,Clear,1
215,31/3/2024,1/4/2024 1:00,1,ภูชี้ฟ้า,19.851383,100.453975,20.2,45,0,Clear,1
216,31/3/2024,1/4/2024 2:00,2,ภูชี้ฟ้า,19.851383,100.453975,19.5,50,0,Clear,1
217,31/3/2024,1/4/2024 3:00,3,ภูชี้ฟ้า,19.851383,100.453975,18.5,56,0,Clear,1
218,1/4/2024,1/4/2024 21:00,21,ภูชี้ฟ้า,19.851383,100.453975,22.7,37,0,Clear,1
219,1/4/2024,1/4/2024 22:00,22,ภูชี้ฟ้า,19.851383,100.453975,22.7,33,0,Clear,1
220,1/4/2024,1/4/2024 23:00,23,ภูชี้ฟ้า,19.851383,100.453975,21.3,39,0,Clear,1
221,1/4/2024,2/4/2024 0:00,0,ภูชี้ฟ้า,19.851383,100.453975,22.2,32,0,Clear,1
222,1/4/2024,2/4/2024 1:00,1,ภูชี้ฟ้า,19.851383,100.453975,21.2,39,0,Clear,1
223,1/4/2024,2/4/2024 2:00,2,ภูชี้ฟ้า,19.851383,100.453975,20.1,45,0,Clear,1
224,1/4/2024,2/4/2024 3:00,3,ภูชี้ฟ้า,19.851383,100.453975,19.3,51,0,Clear,1
225,2/4/2024,2/4/2024 21:00,21,ภูชี้ฟ้า,19.851383,100.453975,23.5,35,0,Clear,1
226,2/4/2024,2/4/2024 22:00,22,ภูชี้ฟ้า,19.851383,100.453975,20.6,54,0,Clear,1
227,2/4/2024,2/4/2024 23:00,23,ภูชี้ฟ้า,19.851383,100.453975,21.4,43,0,Clear,1
228,2/4/2024,3/4/2024 0:00,0,ภูชี้ฟ้า,19.851383,100.453975,22.5,34,0,Clear,1
229,2/4/2024,3/4/2024 1:00,1,ภูชี้ฟ้า,19.851383,100.453975,20.9,40,0,Clear,1
230,2/4/2024,3/4/2024 2:00,2,ภูชี้ฟ้า,19.851383,100.453975,21,43,0,Clear,1
231,2/4/2024,3/4/2024 3:00,3,ภูชี้ฟ้า,19.851383,100.453975,20.7,49,0,Clear,1
232,3/4/2024,3/4/2024 21:00,21,ภูชี้ฟ้า,19.851383,100.453975,22.7,42,0,Clear,1
233,3/4/2024,3/4/2024 22:00,22,ภูชี้ฟ้า,19.851383,100.453975,22,49,0,Clear,1
234,3/4/2024,3/4/2024 23:00,23,ภูชี้ฟ้า,19.851383,100.453975,22.5,42,0,Clear,1
235,3/4/2024,4/4/2024 0:00,0,ภูชี้ฟ้า,19.851383,100.453975,22.1,44,0,Clear,1
236,3/4/2024,4/4/2024 1:00,1,ภูชี้ฟ้า,19.851383,100.453975,21.7,48,0,Clear,1
237,3/4/2024,4/4/2024 2:00,2,ภูชี้ฟ้า,19.851383,100.453975,21,51,0,Clear,1
238,3/4/2024,4/4/2024 3:00,3,ภูชี้ฟ้า,19.851383,100.453975,20.6,54,0,Clear,1
239,4/4/2024,4/4/2024 21:00,21,ภูชี้ฟ้า,19.851383,100.453975,22.2,54,0,Clear,1
240,4/4/2024,4/4/2024 22:00,22,ภูชี้ฟ้า,19.851383,100.453975,23.9,36,0,Clear,1
241,4/4/2024,4/4/2024 23:00,23,ภูชี้ฟ้า,19.851383,100.453975,23.5,38,0,Clear,1
242,4/4/2024,5/4/2024 0:00,0,ภูชี้ฟ้า,19.851383,100.453975,23.5,42,0,Clear,1
243,4/4/2024,5/4/2024 1:00,1,ภูชี้ฟ้า,19.851383,100.453975,22.5,49,0,Clear,1
244,4/4/2024,5/4/2024 2:00,2,ภูชี้ฟ้า,19.851383,100.453975,22.2,54,0,Clear,1
245,4/4/2024,5/4/2024 3:00,3,ภูชี้ฟ้า,19.851383,100.453975,21.7,57,0,Clear,1
246,5/4/2024,5/4/2024 21:00,21,ภูชี้ฟ้า,19.851383,100.453975,24.3,40,0,Clear,1
247,5/4/2024,5/4/2024 22:00,22,ภูชี้ฟ้า,19.851383,100.453975,24.2,41,0,Clear,1
248,5/4/2024,5/4/2024 23:00,23,ภูชี้ฟ้า,19.851383,100.453975,23,52,0,Clear,1
249,5/4/2024,6/4/2024 0:00,0,ภูชี้ฟ้า,19.851383,100.453975,22.4,59,0,Clear,1
250,5/4/2024,6/4/2024 1:00,1,ภูชี้ฟ้า,19.851383,100.453975,22,63,0,Clear,1
251,5/4/2024,6/4/2024 2:00,2,ภูชี้ฟ้า,19.851383,100.453975,21.6,67,0,Clear,1
252,5/4/2024,6/4/2024 3:00,3,ภูชี้ฟ้า,19.851383,100.453975,21.2,70,0,Clear,1
253,6/4/2024,6/4/2024 21:00,21,ภูชี้ฟ้า,19.851383,100.453975,23.9,47,0,Clear,1
254,6/4/2024,6/4/2024 22:00,22,ภูชี้ฟ้า,19.851383,100.453975,23.6,49,0,Clear,1
255,6/4/2024,6/4/2024 23:00,23,ภูชี้ฟ้า,19.851383,100.453975,22.7,63,0,Clear,1
256,6/4/2024,7/4/2024 0:00,0,ภูชี้ฟ้า,19.851383,100.453975,22.2,70,0,Clear,1
257,6/4/2024,7/4/2024 1:00,1,ภูชี้ฟ้า,19.851383,100.453975,21.7,73,0,Clear,1
258,6/4/2024,7/4/2024 2:00,2,ภูชี้ฟ้า,19.851383,100.453975,21.2,76,0,Clear,1
259,6/4/2024,7/4/2024 3:00,3,ภูชี้ฟ้า,19.851383,100.453975,21,76,0,Clear,1
260,7/4/2024,7/4/2024 21:00,21,ภูชี้ฟ้า,19.851383,100.453975,22.8,49,0.3,Light Drizzle,0
261,7/4/2024,7/4/2024 22:00,22,ภูชี้ฟ้า,19.851383,100.453975,21,63,0,Clear,1
262,7/4/2024,7/4/2024 23:00,23,ภูชี้ฟ้า,19.851383,100.453975,22.3,55,0,Clear,1
263,7/4/2024,8/4/2024 0:00,0,ภูชี้ฟ้า,19.851383,100.453975,23.1,58,0,Clear,1
264,7/4/2024,8/4/2024 1:00,1,ภูชี้ฟ้า,19.851383,100.453975,22.5,66,0,Clear,1
265,7/4/2024,8/4/2024 2:00,2,ภูชี้ฟ้า,19.851383,100.453975,21.6,72,0,Clear,1
266,7/4/2024,8/4/2024 3:00,3,ภูชี้ฟ้า,19.851383,100.453975,21.3,74,0,Clear,1
267,8/4/2024,8/4/2024 21:00,21,ภูชี้ฟ้า,19.851383,100.453975,25.3,41,0,Clear,1
268,8/4/2024,8/4/2024 22:00,22,ภูชี้ฟ้า,19.851383,100.453975,22.9,59,0,Clear,1
269,8/4/2024,8/4/2024 23:00,23,ภูชี้ฟ้า,19.851383,100.453975,23.4,51,0,Clear,1
270,8/4/2024,9/4/2024 0:00,0,ภูชี้ฟ้า,19.851383,100.453975,23.8,47,0,Clear,1
271,8/4/2024,9/4/2024 1:00,1,ภูชี้ฟ้า,19.851383,100.453975,23.6,51,0,Clear,1
272,8/4/2024,9/4/2024 2:00,2,ภูชี้ฟ้า,19.851383,100.453975,23,56,0,Clear,1
273,8/4/2024,9/4/2024 3:00,3,ภูชี้ฟ้า,19.851383,100.453975,22.8,59,0,Clear,1
274,9/4/2024,9/4/2024 21:00,21,ภูชี้ฟ้า,19.851383,100.453975,20.3,60,0,Clear,1
275,9/4/2024,9/4/2024 22:00,22,ภูชี้ฟ้า,19.851383,100.453975,19.4,64,0,Mainly Clear,1
276,9/4/2024,9/4/2024 23:00,23,ภูชี้ฟ้า,19.851383,100.453975,19.2,67,0,Clear,1
277,9/4/2024,10/4/2024 0:00,0,ภูชี้ฟ้า,19.851383,100.453975,19.1,68,0,Clear,1
278,9/4/2024,10/4/2024 1:00,1,ภูชี้ฟ้า,19.851383,100.453975,19,68,0,Partly Cloudy,1
279,9/4/2024,10/4/2024 2:00,2,ภูชี้ฟ้า,19.851383,100.453975,18.9,65,0,Mainly Clear,1
280,9/4/2024,10/4/2024 3:00,3,ภูชี้ฟ้า,19.851383,100.453975,19.1,64,0,Clear,1
281,10/4/2024,10/4/2024 21:00,21,ภูชี้ฟ้า,19.851383,100.453975,20.9,67,0,Overcast,0
282,10/4/2024,10/4/2024 22:00,22,ภูชี้ฟ้า,19.851383,100.453975,21.1,61,0,Overcast,0
283,10/4/2024,10/4/2024 23:00,23,ภูชี้ฟ้า,19.851383,100.453975,20.5,67,0,Overcast,0
284,10/4/2024,11/4/2024 0:00,0,ภูชี้ฟ้า,19.851383,100.453975,20,72,0,Overcast,0
285,10/4/2024,11/4/2024 1:00,1,ภูชี้ฟ้า,19.851383,100.453975,20.4,64,0,Overcast,0
286,10/4/2024,11/4/2024 2:00,2,ภูชี้ฟ้า,19.851383,100.453975,18.8,79,0,Overcast,0
287,10/4/2024,11/4/2024 3:00,3,ภูชี้ฟ้า,19.851383,100.453975,18.8,73,0,Overcast,0
288,11/4/2024,11/4/2024 21:00,21,ภูชี้ฟ้า,19.851383,100.453975,20.8,61,0,Clear,1
289,11/4/2024,11/4/2024 22:00,22,ภูชี้ฟ้า,19.851383,100.453975,19.6,68,0,Clear,1
290,11/4/2024,11/4/2024 23:00,23,ภูชี้ฟ้า,19.851383,100.453975,20.7,53,0,Clear,1
291,11/4/2024,12/4/2024 0:00,0,ภูชี้ฟ้า,19.851383,100.453975,19.1,65,0,Clear,1
292,11/4/2024,12/4/2024 1:00,1,ภูชี้ฟ้า,19.851383,100.453975,19.2,65,0,Clear,1
293,11/4/2024,12/4/2024 2:00,2,ภูชี้ฟ้า,19.851383,100.453975,18.7,69,0,Clear,1
294,11/4/2024,12/4/2024 3:00,3,ภูชี้ฟ้า,19.851383,100.453975,18.5,71,0,Clear,1
295,12/4/2024,12/4/2024 21:00,21,ภูชี้ฟ้า,19.851383,100.453975,18.9,65,0,Overcast,0
296,12/4/2024,12/4/2024 22:00,22,ภูชี้ฟ้า,19.851383,100.453975,19.3,65,0,Overcast,0
297,12/4/2024,12/4/2024 23:00,23,ภูชี้ฟ้า,19.851383,100.453975,17.3,79,0,Overcast,0
298,12/4/2024,13/4/2024 0:00,0,ภูชี้ฟ้า,19.851383,100.453975,16.3,87,0.1,Light Drizzle,0
299,12/4/2024,13/4/2024 1:00,1,ภูชี้ฟ้า,19.851383,100.453975,16.2,87,0,Clear,0
300,12/4/2024,13/4/2024 2:00,2,ภูชี้ฟ้า,19.851383,100.453975,16.7,84,0,Clear,0
301,12/4/2024,13/4/2024 3:00,3,ภูชี้ฟ้า,19.851383,100.453975,17.8,73,0,Clear,1
302,13/4/2024,13/4/2024 21:00,21,ภูชี้ฟ้า,19.851383,100.453975,23.1,33,0,Clear,1
303,13/4/2024,13/4/2024 22:00,22,ภูชี้ฟ้า,19.851383,100.453975,21.3,44,0,Mainly Clear,1
304,13/4/2024,13/4/2024 23:00,23,ภูชี้ฟ้า,19.851383,100.453975,20.4,58,0,Clear,1
305,13/4/2024,14/4/2024 0:00,0,ภูชี้ฟ้า,19.851383,100.453975,19.7,62,0,Clear,1
306,13/4/2024,14/4/2024 1:00,1,ภูชี้ฟ้า,19.851383,100.453975,19.6,58,0,Clear,1
307,13/4/2024,14/4/2024 2:00,2,ภูชี้ฟ้า,19.851383,100.453975,19.9,54,0,Clear,1
308,13/4/2024,14/4/2024 3:00,3,ภูชี้ฟ้า,19.851383,100.453975,19.5,58,0,Clear,1
309,14/4/2024,14/4/2024 21:00,21,ภูชี้ฟ้า,19.851383,100.453975,21,52,0,Mainly Clear,1
310,14/4/2024,14/4/2024 22:00,22,ภูชี้ฟ้า,19.851383,100.453975,20.5,53,0,Partly Cloudy,1
311,14/4/2024,14/4/2024 23:00,23,ภูชี้ฟ้า,19.851383,100.453975,19.5,64,0,Mainly Clear,1
312,14/4/2024,15/4/2024 0:00,0,ภูชี้ฟ้า,19.851383,100.453975,19.1,69,0,Clear,1
313,14/4/2024,15/4/2024 1:00,1,ภูชี้ฟ้า,19.851383,100.453975,19.5,63,0,Clear,1
314,14/4/2024,15/4/2024 2:00,2,ภูชี้ฟ้า,19.851383,100.453975,18.2,73,0,Clear,1
315,14/4/2024,15/4/2024 3:00,3,ภูชี้ฟ้า,19.851383,100.453975,18.4,69,0,Clear,1
316,15/4/2024,15/4/2024 21:00,21,ภูชี้ฟ้า,19.851383,100.453975,15.2,100,0,Clear,0
317,15/4/2024,15/4/2024 22:00,22,ภูชี้ฟ้า,19.851383,100.453975,17.2,78,0,Clear,1
318,15/4/2024,15/4/2024 23:00,23,ภูชี้ฟ้า,19.851383,100.453975,16.7,78,0,Clear,1
319,15/4/2024,16/4/2024 0:00,0,ภูชี้ฟ้า,19.851383,100.453975,17.1,73,0,Clear,1
320,15/4/2024,16/4/2024 1:00,1,ภูชี้ฟ้า,19.851383,100.453975,18.3,67,0,Clear,1
321,15/4/2024,16/4/2024 2:00,2,ภูชี้ฟ้า,19.851383,100.453975,17.2,71,0,Clear,1
322,15/4/2024,16/4/2024 3:00,3,ภูชี้ฟ้า,19.851383,100.453975,17.6,70,0,Clear,1
323,16/4/2024,16/4/2024 21:00,21,ภูชี้ฟ้า,19.851383,100.453975,21.7,52,0,Clear,1
324,16/4/2024,16/4/2024 22:00,22,ภูชี้ฟ้า,19.851383,100.453975,21.6,55,0,Clear,1
325,16/4/2024,16/4/2024 23:00,23,ภูชี้ฟ้า,19.851383,100.453975,22.1,50,0,Clear,1
326,16/4/2024,17/4/2024 0:00,0,ภูชี้ฟ้า,19.851383,100.453975,21.5,54,0,Clear,1
327,16/4/2024,17/4/2024 1:00,1,ภูชี้ฟ้า,19.851383,100.453975,21.1,57,0,Clear,1
328,16/4/2024,17/4/2024 2:00,2,ภูชี้ฟ้า,19.851383,100.453975,21,60,0,Clear,1
329,16/4/2024,17/4/2024 3:00,3,ภูชี้ฟ้า,19.851383,100.453975,20.3,65,0,Clear,1
330,17/4/2024,17/4/2024 21:00,21,ภูชี้ฟ้า,19.851383,100.453975,17.7,84,0,Clear,0
331,17/4/2024,17/4/2024 22:00,22,ภูชี้ฟ้า,19.851383,100.453975,17.5,83,0,Clear,0
332,17/4/2024,17/4/2024 23:00,23,ภูชี้ฟ้า,19.851383,100.453975,17.6,79,0,Clear,1
333,17/4/2024,18/4/2024 0:00,0,ภูชี้ฟ้า,19.851383,100.453975,17.5,76,0,Clear,1
334,17/4/2024,18/4/2024 1:00,1,ภูชี้ฟ้า,19.851383,100.453975,19.4,65,0,Clear,1
335,17/4/2024,18/4/2024 2:00,2,ภูชี้ฟ้า,19.851383,100.453975,17,78,0,Clear,1
336,17/4/2024,18/4/2024 3:00,3,ภูชี้ฟ้า,19.851383,100.453975,17.3,75,0,Clear,1
337,18/4/2024,18/4/2024 21:00,21,ภูชี้ฟ้า,19.851383,100.453975,20.7,60,0,Overcast,0
338,18/4/2024,18/4/2024 22:00,22,ภูชี้ฟ้า,19.851383,100.453975,19.3,68,0,Overcast,0
339,18/4/2024,18/4/2024 23:00,23,ภูชี้ฟ้า,19.851383,100.453975,20.5,60,0,Partly Cloudy,1
340,18/4/2024,19/4/2024 0:00,0,ภูชี้ฟ้า,19.851383,100.453975,19.5,64,0,Clear,1
341,18/4/2024,19/4/2024 1:00,1,ภูชี้ฟ้า,19.851383,100.453975,18.6,66,0,Clear,1
342,18/4/2024,19/4/2024 2:00,2,ภูชี้ฟ้า,19.851383,100.453975,18.3,67,0,Clear,1
343,18/4/2024,19/4/2024 3:00,3,ภูชี้ฟ้า,19.851383,100.453975,18,69,0,Clear,1
344,19/4/2024,19/4/2024 21:00,21,ภูชี้ฟ้า,19.851383,100.453975,20.5,69,0,Clear,1
345,19/4/2024,19/4/2024 22:00,22,ภูชี้ฟ้า,19.851383,100.453975,20.7,65,0,Clear,1
346,19/4/2024,19/4/2024 23:00,23,ภูชี้ฟ้า,19.851383,100.453975,20.4,66,0,Clear,1
347,19/4/2024,20/4/2024 0:00,0,ภูชี้ฟ้า,19.851383,100.453975,20.3,65,0,Clear,1
348,19/4/2024,20/4/2024 1:00,1,ภูชี้ฟ้า,19.851383,100.453975,20.3,65,0,Clear,1
349,19/4/2024,20/4/2024 2:00,2,ภูชี้ฟ้า,19.851383,100.453975,18.6,77,0,Clear,1
350,19/4/2024,20/4/2024 3:00,3,ภูชี้ฟ้า,19.851383,100.453975,18.2,77,0,Clear,1
351,20/4/2024,20/4/2024 21:00,21,ภูชี้ฟ้า,19.851383,100.453975,20.9,63,0,Clear,1
352,20/4/2024,20/4/2024 22:00,22,ภูชี้ฟ้า,19.851383,100.453975,20.7,66,0,Clear,1
353,20/4/2024,20/4/2024 23:00,23,ภูชี้ฟ้า,19.851383,100.453975,21.4,56,0,Clear,1
354,20/4/2024,21/4/2024 0:00,0,ภูชี้ฟ้า,19.851383,100.453975,22.4,45,0,Clear,1
355,20/4/2024,21/4/2024 1:00,1,ภูชี้ฟ้า,19.851383,100.453975,21.5,48,0,Clear,1
356,20/4/2024,21/4/2024 2:00,2,ภูชี้ฟ้า,19.851383,100.453975,21,50,0,Clear,1
357,20/4/2024,21/4/2024 3:00,3,ภูชี้ฟ้า,19.851383,100.453975,20.5,53,0,Clear,1
358,21/4/2024,21/4/2024 21:00,21,ภูชี้ฟ้า,19.851383,100.453975,24.4,30,0,Partly Cloudy,1
359,21/4/2024,21/4/2024 22:00,22,ภูชี้ฟ้า,19.851383,100.453975,23.8,32,0,Partly Cloudy,1
360,21/4/2024,21/4/2024 23:00,23,ภูชี้ฟ้า,19.851383,100.453975,24.6,30,0,Partly Cloudy,0
361,21/4/2024,22/4/2024 0:00,0,ภูชี้ฟ้า,19.851383,100.453975,21.5,52,0,Partly Cloudy,1
362,21/4/2024,22/4/2024 1:00,1,ภูชี้ฟ้า,19.851383,100.453975,22.6,42,0,Partly Cloudy,1
363,21/4/2024,22/4/2024 2:00,2,ภูชี้ฟ้า,19.851383,100.453975,22.8,43,0,Partly Cloudy,1
364,21/4/2024,22/4/2024 3:00,3,ภูชี้ฟ้า,19.851383,100.453975,21.2,52,0,Mainly Clear,1
365,22/4/2024,22/4/2024 21:00,21,ภูชี้ฟ้า,19.851383,100.453975,22.6,58,0,Clear,1
366,22/4/2024,22/4/2024 22:00,22,ภูชี้ฟ้า,19.851383,100.453975,23.5,47,0,Clear,1
367,22/4/2024,22/4/2024 23:00,23,ภูชี้ฟ้า,19.851383,100.453975,24.1,36,0,Clear,1
368,22/4/2024,23/4/2024 0:00,0,ภูชี้ฟ้า,19.851383,100.453975,24.3,39,0,Clear,1
369,22/4/2024,23/4/2024 1:00,1,ภูชี้ฟ้า,19.851383,100.453975,23.1,49,0,Clear,1
370,22/4/2024,23/4/2024 2:00,2,ภูชี้ฟ้า,19.851383,100.453975,22.6,52,0,Clear,1
371,22/4/2024,23/4/2024 3:00,3,ภูชี้ฟ้า,19.851383,100.453975,22.1,54,0,Clear,1
372,23/4/2024,23/4/2024 21:00,21,ภูชี้ฟ้า,19.851383,100.453975,24.2,48,0,Clear,1
373,23/4/2024,23/4/2024 22:00,22,ภูชี้ฟ้า,19.851383,100.453975,24.2,48,0,Mainly Clear,1
374,23/4/2024,23/4/2024 23:00,23,ภูชี้ฟ้า,19.851383,100.453975,23.7,49,0,Mainly Clear,1
375,23/4/2024,24/4/2024 0:00,0,ภูชี้ฟ้า,19.851383,100.453975,23.3,51,0,Mainly Clear,1
376,23/4/2024,24/4/2024 1:00,1,ภูชี้ฟ้า,19.851383,100.453975,22.6,54,0,Mainly Clear,1
377,23/4/2024,24/4/2024 2:00,2,ภูชี้ฟ้า,19.851383,100.453975,22,56,0,Mainly Clear,1
378,23/4/2024,24/4/2024 3:00,3,ภูชี้ฟ้า,19.851383,100.453975,22,54,0,Mainly Clear,1
379,24/4/2024,24/4/2024 21:00,21,ภูชี้ฟ้า,19.851383,100.453975,20.5,86,0,Clear,0
380,24/4/2024,24/4/2024 22:00,22,ภูชี้ฟ้า,19.851383,100.453975,20.7,80,0,Mainly Clear,1
381,24/4/2024,24/4/2024 23:00,23,ภูชี้ฟ้า,19.851383,100.453975,21.3,68,0.4,Light Drizzle,0
382,24/4/2024,25/4/2024 0:00,0,ภูชี้ฟ้า,19.851383,100.453975,19.8,75,0,Clear,1
383,24/4/2024,25/4/2024 1:00,1,ภูชี้ฟ้า,19.851383,100.453975,18.9,78,0,Clear,1
384,24/4/2024,25/4/2024 2:00,2,ภูชี้ฟ้า,19.851383,100.453975,18.2,79,0,Clear,1
385,24/4/2024,25/4/2024 3:00,3,ภูชี้ฟ้า,19.851383,100.453975,18,80,0,Clear,1
386,25/4/2024,25/4/2024 21:00,21,ภูชี้ฟ้า,19.851383,100.453975,20.6,77,0,Clear,1
387,25/4/2024,25/4/2024 22:00,22,ภูชี้ฟ้า,19.851383,100.453975,22.5,56,0,Clear,1
388,25/4/2024,25/4/2024 23:00,23,ภูชี้ฟ้า,19.851383,100.453975,21.5,63,0,Clear,1
389,25/4/2024,26/4/2024 0:00,0,ภูชี้ฟ้า,19.851383,100.453975,20.6,70,0,Mainly Clear,1
390,25/4/2024,26/4/2024 1:00,1,ภูชี้ฟ้า,19.851383,100.453975,22.7,53,0,Mainly Clear,1
391,25/4/2024,26/4/2024 2:00,2,ภูชี้ฟ้า,19.851383,100.453975,20.6,66,0,Mainly Clear,1
392,25/4/2024,26/4/2024 3:00,3,ภูชี้ฟ้า,19.851383,100.453975,20.5,67,0,Clear,1
393,26/4/2024,26/4/2024 21:00,21,ภูชี้ฟ้า,19.851383,100.453975,21.8,60,0,Clear,1
394,26/4/2024,26/4/2024 22:00,22,ภูชี้ฟ้า,19.851383,100.453975,21.2,64,0,Clear,1
395,26/4/2024,26/4/2024 23:00,23,ภูชี้ฟ้า,19.851383,100.453975,20.8,66,0,Clear,1
396,26/4/2024,27/4/2024 0:00,0,ภูชี้ฟ้า,19.851383,100.453975,21.9,55,0,Clear,1
397,26/4/2024,27/4/2024 1:00,1,ภูชี้ฟ้า,19.851383,100.453975,22.1,51,0,Clear,1
398,26/4/2024,27/4/2024 2:00,2,ภูชี้ฟ้า,19.851383,100.453975,22.3,49,0,Clear,1
399,26/4/2024,27/4/2024 3:00,3,ภูชี้ฟ้า,19.851383,100.453975,22.1,50,0,Clear,1
400,27/4/2024,27/4/2024 21:00,21,ภูชี้ฟ้า,19.851383,100.453975,22.6,57,0,Clear,1
401,27/4/2024,27/4/2024 22:00,22,ภูชี้ฟ้า,19.851383,100.453975,22.4,57,0,Clear,1
402,27/4/2024,27/4/2024 23:00,23,ภูชี้ฟ้า,19.851383,100.453975,23,49,0,Clear,1
403,27/4/2024,28/4/2024 0:00,0,ภูชี้ฟ้า,19.851383,100.453975,22.9,50,0,Clear,1
404,27/4/2024,28/4/2024 1:00,1,ภูชี้ฟ้า,19.851383,100.453975,22.7,49,0,Clear,1
405,27/4/2024,28/4/2024 2:00,2,ภูชี้ฟ้า,19.851383,100.453975,23.1,43,0,Clear,1
406,27/4/2024,28/4/2024 3:00,3,ภูชี้ฟ้า,19.851383,100.453975,22,49,0,Mainly Clear,1
407,28/4/2024,28/4/2024 21:00,21,ภูชี้ฟ้า,19.851383,100.453975,23.6,49,0,Clear,1
408,28/4/2024,28/4/2024 22:00,22,ภูชี้ฟ้า,19.851383,100.453975,23.8,46,0,Clear,1
409,28/4/2024,28/4/2024 23:00,23,ภูชี้ฟ้า,19.851383,100.453975,23.1,47,0,Clear,1
410,28/4/2024,29/4/2024 0:00,0,ภูชี้ฟ้า,19.851383,100.453975,22.9,47,0,Clear,1
411,28/4/2024,29/4/2024 1:00,1,ภูชี้ฟ้า,19.851383,100.453975,23.4,46,0,Clear,1
412,28/4/2024,29/4/2024 2:00,2,ภูชี้ฟ้า,19.851383,100.453975,23.1,47,0,Clear,1
413,28/4/2024,29/4/2024 3:00,3,ภูชี้ฟ้า,19.851383,100.453975,22.3,49,0,Clear,1
414,29/4/2024,29/4/2024 21:00,21,ภูชี้ฟ้า,19.851383,100.453975,20.3,73,0,Mainly Clear,1
415,29/4/2024,29/4/2024 22:00,22,ภูชี้ฟ้า,19.851383,100.453975,22.3,57,0,Clear,1
416,29/4/2024,29/4/2024 23:00,23,ภูชี้ฟ้า,19.851383,100.453975,21,61,0,Clear,1
417,29/4/2024,30/4/2024 0:00,0,ภูชี้ฟ้า,19.851383,100.453975,21.2,57,0,Mainly Clear,1
418,29/4/2024,30/4/2024 1:00,1,ภูชี้ฟ้า,19.851383,100.453975,22.3,49,0,Mainly Clear,1
419,29/4/2024,30/4/2024 2:00,2,ภูชี้ฟ้า,19.851383,100.453975,21.8,56,0,Clear,1
420,29/4/2024,30/4/2024 3:00,3,ภูชี้ฟ้า,19.851383,100.453975,21.2,60,0,Clear,1
421,30/4/2024,30/4/2024 21:00,21,ภูชี้ฟ้า,19.851383,100.453975,25.9,37,0,Clear,1
422,30/4/2024,30/4/2024 22:00,22,ภูชี้ฟ้า,19.851383,100.453975,22.8,55,0,Clear,1
423,30/4/2024,30/4/2024 23:00,23,ภูชี้ฟ้า,19.851383,100.453975,22.8,54,0,Clear,1
424,30/4/2024,1/5/2024 0:00,0,ภูชี้ฟ้า,19.851383,100.453975,21.7,59,0,Overcast,0
425,30/4/2024,1/5/2024 1:00,1,ภูชี้ฟ้า,19.851383,100.453975,24.6,35,0,Partly Cloudy,1
426,30/4/2024,1/5/2024 2:00,2,ภูชี้ฟ้า,19.851383,100.453975,22.1,52,0,Partly Cloudy,1
427,30/4/2024,1/5/2024 3:00,3,ภูชี้ฟ้า,19.851383,100.453975,21.3,58,0,Partly Cloudy,1
428,1/5/2024,1/5/2024 21:00,21,ภูชี้ฟ้า,19.851383,100.453975,24.8,37,0,Mainly Clear,1
429,1/5/2024,1/5/2024 22:00,22,ภูชี้ฟ้า,19.851383,100.453975,23.4,54,0,Partly Cloudy,1
430,1/5/2024,1/5/2024 23:00,23,ภูชี้ฟ้า,19.851383,100.453975,23.5,50,0,Clear,1
431,1/5/2024,2/5/2024 0:00,0,ภูชี้ฟ้า,19.851383,100.453975,23.1,46,0,Mainly Clear,1
432,1/5/2024,2/5/2024 1:00,1,ภูชี้ฟ้า,19.851383,100.453975,22.6,48,0,Mainly Clear,1
433,1/5/2024,2/5/2024 2:00,2,ภูชี้ฟ้า,19.851383,100.453975,22.4,54,0,Clear,1
434,1/5/2024,2/5/2024 3:00,3,ภูชี้ฟ้า,19.851383,100.453975,23.9,39,0,Clear,1
435,2/5/2024,2/5/2024 21:00,21,ภูชี้ฟ้า,19.851383,100.453975,20.9,68,0,Mainly Clear,1
436,2/5/2024,2/5/2024 22:00,22,ภูชี้ฟ้า,19.851383,100.453975,18.7,85,1.9,Light Rain,0
437,2/5/2024,2/5/2024 23:00,23,ภูชี้ฟ้า,19.851383,100.453975,18.9,85,0,Mainly Clear,0
438,2/5/2024,3/5/2024 0:00,0,ภูชี้ฟ้า,19.851383,100.453975,18.5,85,0,Clear,0
439,2/5/2024,3/5/2024 1:00,1,ภูชี้ฟ้า,19.851383,100.453975,17.5,90,0,Clear,0
440,2/5/2024,3/5/2024 2:00,2,ภูชี้ฟ้า,19.851383,100.453975,17.4,90,0,Clear,0
441,2/5/2024,3/5/2024 3:00,3,ภูชี้ฟ้า,19.851383,100.453975,17.6,87,0,Clear,0
442,3/5/2024,3/5/2024 21:00,21,ภูชี้ฟ้า,19.851383,100.453975,21.4,66,0,Clear,1
443,3/5/2024,3/5/2024 22:00,22,ภูชี้ฟ้า,19.851383,100.453975,21.3,64,0,Clear,1
444,3/5/2024,3/5/2024 23:00,23,ภูชี้ฟ้า,19.851383,100.453975,20.9,66,0,Clear,1
445,3/5/2024,4/5/2024 0:00,0,ภูชี้ฟ้า,19.851383,100.453975,19.8,69,0,Clear,1
446,3/5/2024,4/5/2024 1:00,1,ภูชี้ฟ้า,19.851383,100.453975,18.9,76,0,Clear,1
447,3/5/2024,4/5/2024 2:00,2,ภูชี้ฟ้า,19.851383,100.453975,18.8,74,0,Clear,1
448,3/5/2024,4/5/2024 3:00,3,ภูชี้ฟ้า,19.851383,100.453975,19.1,71,0,Clear,1
449,4/5/2024,4/5/2024 21:00,21,ภูชี้ฟ้า,19.851383,100.453975,22.4,53,0,Clear,1
450,4/5/2024,4/5/2024 22:00,22,ภูชี้ฟ้า,19.851383,100.453975,22.6,56,0,Clear,1
451,4/5/2024,4/5/2024 23:00,23,ภูชี้ฟ้า,19.851383,100.453975,22,61,0,Partly Cloudy,1
452,4/5/2024,5/5/2024 0:00,0,ภูชี้ฟ้า,19.851383,100.453975,21.6,62,0,Overcast,0
453,4/5/2024,5/5/2024 1:00,1,ภูชี้ฟ้า,19.851383,100.453975,21.1,59,0,Overcast,0
454,4/5/2024,5/5/2024 2:00,2,ภูชี้ฟ้า,19.851383,100.453975,20.5,62,0,Overcast,0
455,4/5/2024,5/5/2024 3:00,3,ภูชี้ฟ้า,19.851383,100.453975,19.9,64,0,Overcast,0
456,5/5/2024,5/5/2024 21:00,21,ภูชี้ฟ้า,19.851383,100.453975,21.2,61,0.1,Light Drizzle,0
457,5/5/2024,5/5/2024 22:00,22,ภูชี้ฟ้า,19.851383,100.453975,18.4,83,0.7,Drizzle,0
458,5/5/2024,5/5/2024 23:00,23,ภูชี้ฟ้า,19.851383,100.453975,17.9,90,0,Mainly Clear,0
459,5/5/2024,6/5/2024 0:00,0,ภูชี้ฟ้า,19.851383,100.453975,17.7,88,0,Partly Cloudy,0
460,5/5/2024,6/5/2024 1:00,1,ภูชี้ฟ้า,19.851383,100.453975,18.1,80,0,Mainly Clear,0
461,5/5/2024,6/5/2024 2:00,2,ภูชี้ฟ้า,19.851383,100.453975,18.2,77,0,Mainly Clear,1
462,5/5/2024,6/5/2024 3:00,3,ภูชี้ฟ้า,19.851383,100.453975,17.8,80,0,Mainly Clear,0
463,6/5/2024,6/5/2024 21:00,21,ภูชี้ฟ้า,19.851383,100.453975,22.1,59,0,Clear,1
464,6/5/2024,6/5/2024 22:00,22,ภูชี้ฟ้า,19.851383,100.453975,20.7,67,0.2,Light Drizzle,0
465,6/5/2024,6/5/2024 23:00,23,ภูชี้ฟ้า,19.851383,100.453975,19.4,73,0.9,Drizzle,0
466,6/5/2024,7/5/2024 0:00,0,ภูชี้ฟ้า,19.851383,100.453975,18.9,78,0,Mainly Clear,1
467,6/5/2024,7/5/2024 1:00,1,ภูชี้ฟ้า,19.851383,100.453975,17.6,82,1.5,Light Rain,0
468,6/5/2024,7/5/2024 2:00,2,ภูชี้ฟ้า,19.851383,100.453975,17.1,93,0,Mainly Clear,0
469,6/5/2024,7/5/2024 3:00,3,ภูชี้ฟ้า,19.851383,100.453975,16.9,91,0,Mainly Clear,0
470,7/5/2024,7/5/2024 21:00,21,ภูชี้ฟ้า,19.851383,100.453975,16,95,0.4,Light Drizzle,0
471,7/5/2024,7/5/2024 22:00,22,ภูชี้ฟ้า,19.851383,100.453975,15.8,99,3.3,Rain,0
472,7/5/2024,7/5/2024 23:00,23,ภูชี้ฟ้า,19.851383,100.453975,15.7,100,0.2,Light Drizzle,0
473,7/5/2024,8/5/2024 0:00,0,ภูชี้ฟ้า,19.851383,100.453975,15.6,100,0.8,Drizzle,0
474,7/5/2024,8/5/2024 1:00,1,ภูชี้ฟ้า,19.851383,100.453975,15.6,99,0.5,Drizzle,0
475,7/5/2024,8/5/2024 2:00,2,ภูชี้ฟ้า,19.851383,100.453975,15.5,97,0.1,Light Drizzle,0
476,7/5/2024,8/5/2024 3:00,3,ภูชี้ฟ้า,19.851383,100.453975,15.1,100,0,Overcast,0
477,8/5/2024,8/5/2024 21:00,21,ภูชี้ฟ้า,19.851383,100.453975,20.8,75,0,Overcast,0
478,8/5/2024,8/5/2024 22:00,22,ภูชี้ฟ้า,19.851383,100.453975,19.8,79,0,Partly Cloudy,1
479,8/5/2024,8/5/2024 23:00,23,ภูชี้ฟ้า,19.851383,100.453975,17.1,95,7.9,Heavy Rain,0
480,8/5/2024,9/5/2024 0:00,0,ภูชี้ฟ้า,19.851383,100.453975,15.9,100,6.3,Rain,0
481,8/5/2024,9/5/2024 1:00,1,ภูชี้ฟ้า,19.851383,100.453975,16.4,94,0.2,Light Drizzle,0
482,8/5/2024,9/5/2024 2:00,2,ภูชี้ฟ้า,19.851383,100.453975,15.8,98,0,Overcast,0
483,8/5/2024,9/5/2024 3:00,3,ภูชี้ฟ้า,19.851383,100.453975,15.4,100,0,Overcast,0
484,9/5/2024,9/5/2024 21:00,21,ภูชี้ฟ้า,19.851383,100.453975,19.2,86,0,Overcast,0
485,9/5/2024,9/5/2024 22:00,22,ภูชี้ฟ้า,19.851383,100.453975,18.8,88,0,Clear,0
486,9/5/2024,9/5/2024 23:00,23,ภูชี้ฟ้า,19.851383,100.453975,18.3,89,0,Clear,0
487,9/5/2024,10/5/2024 0:00,0,ภูชี้ฟ้า,19.851383,100.453975,17.8,92,0,Clear,0
488,9/5/2024,10/5/2024 1:00,1,ภูชี้ฟ้า,19.851383,100.453975,16.3,100,6.3,Rain,0
489,9/5/2024,10/5/2024 2:00,2,ภูชี้ฟ้า,19.851383,100.453975,15.3,100,13.9,Heavy Rain,0
490,9/5/2024,10/5/2024 3:00,3,ภูชี้ฟ้า,19.851383,100.453975,15.2,98,0.2,Light Drizzle,0
491,10/5/2024,10/5/2024 21:00,21,ภูชี้ฟ้า,19.851383,100.453975,17.6,91,4.9,Rain,0
492,10/5/2024,10/5/2024 22:00,22,ภูชี้ฟ้า,19.851383,100.453975,16.9,100,4.6,Rain,0
493,10/5/2024,10/5/2024 23:00,23,ภูชี้ฟ้า,19.851383,100.453975,16.7,100,0.8,Drizzle,0
494,10/5/2024,11/5/2024 0:00,0,ภูชี้ฟ้า,19.851383,100.453975,15.9,100,6.1,Rain,0
495,10/5/2024,11/5/2024 1:00,1,ภูชี้ฟ้า,19.851383,100.453975,15.7,100,1.1,Heavy Drizzle,0
496,10/5/2024,11/5/2024 2:00,2,ภูชี้ฟ้า,19.851383,100.453975,15.2,100,0,Mainly Clear,0
497,10/5/2024,11/5/2024 3:00,3,ภูชี้ฟ้า,19.851383,100.453975,15.1,100,0,Clear,0
498,11/5/2024,11/5/2024 21:00,21,ภูชี้ฟ้า,19.851383,100.453975,18.4,88,0,Partly Cloudy,0
499,11/5/2024,11/5/2024 22:00,22,ภูชี้ฟ้า,19.851383,100.453975,19.7,81,0,Overcast,0
500,11/5/2024,11/5/2024 23:00,23,ภูชี้ฟ้า,19.851383,100.453975,18.8,87,0,Overcast,0
501,11/5/2024,12/5/2024 0:00,0,ภูชี้ฟ้า,19.851383,100.453975,17.7,91,0.4,Light Drizzle,0
502,11/5/2024,12/5/2024 1:00,1,ภูชี้ฟ้า,19.851383,100.453975,16.5,96,0.2,Light Drizzle,0
503,11/5/2024,12/5/2024 2:00,2,ภูชี้ฟ้า,19.851383,100.453975,15.8,100,0,Mainly Clear,0
504,11/5/2024,12/5/2024 3:00,3,ภูชี้ฟ้า,19.851383,100.453975,15.8,100,0,Overcast,0
505,12/5/2024,12/5/2024 21:00,21,ภูชี้ฟ้า,19.851383,100.453975,20.6,76,0,Mainly Clear,1
506,12/5/2024,12/5/2024 22:00,22,ภูชี้ฟ้า,19.851383,100.453975,20.2,81,0,Clear,0
507,12/5/2024,12/5/2024 23:00,23,ภูชี้ฟ้า,19.851383,100.453975,19.2,86,1.3,Light Rain,0
508,12/5/2024,13/5/2024 0:00,0,ภูชี้ฟ้า,19.851383,100.453975,17,100,6.5,Rain,0
509,12/5/2024,13/5/2024 1:00,1,ภูชี้ฟ้า,19.851383,100.453975,17,99,0.1,Light Drizzle,0
510,12/5/2024,13/5/2024 2:00,2,ภูชี้ฟ้า,19.851383,100.453975,16.8,97,0,Mainly Clear,0
511,12/5/2024,13/5/2024 3:00,3,ภูชี้ฟ้า,19.851383,100.453975,16.4,97,0,Clear,0
512,13/5/2024,13/5/2024 21:00,21,ภูชี้ฟ้า,19.851383,100.453975,20.1,86,0,Overcast,0
513,13/5/2024,13/5/2024 22:00,22,ภูชี้ฟ้า,19.851383,100.453975,19.3,88,0,Mainly Clear,0
514,13/5/2024,13/5/2024 23:00,23,ภูชี้ฟ้า,19.851383,100.453975,19.2,84,0.2,Light Drizzle,0
515,13/5/2024,14/5/2024 0:00,0,ภูชี้ฟ้า,19.851383,100.453975,18.2,85,0,Partly Cloudy,0
516,13/5/2024,14/5/2024 1:00,1,ภูชี้ฟ้า,19.851383,100.453975,17.6,86,0.1,Light Drizzle,0
517,13/5/2024,14/5/2024 2:00,2,ภูชี้ฟ้า,19.851383,100.453975,16.5,97,4.2,Rain,0
518,13/5/2024,14/5/2024 3:00,3,ภูชี้ฟ้า,19.851383,100.453975,16.4,97,0,Partly Cloudy,0
519,14/5/2024,14/5/2024 21:00,21,ภูชี้ฟ้า,19.851383,100.453975,21.7,74,0,Mainly Clear,1
520,14/5/2024,14/5/2024 22:00,22,ภูชี้ฟ้า,19.851383,100.453975,20.6,69,1.9,Light Rain,0
521,14/5/2024,14/5/2024 23:00,23,ภูชี้ฟ้า,19.851383,100.453975,18.9,85,2.5,Rain,1
522,14/5/2024,15/5/2024 0:00,0,ภูชี้ฟ้า,19.851383,100.453975,18.4,90,0.2,Light Drizzle,0
523,14/5/2024,15/5/2024 1:00,1,ภูชี้ฟ้า,19.851383,100.453975,16.7,100,11,Heavy Rain,0
524,14/5/2024,15/5/2024 2:00,2,ภูชี้ฟ้า,19.851383,100.453975,16.6,100,9.6,Heavy Rain,0
525,14/5/2024,15/5/2024 3:00,3,ภูชี้ฟ้า,19.851383,100.453975,16.6,99,0.1,Light Drizzle,0
526,15/5/2024,15/5/2024 21:00,21,ภูชี้ฟ้า,19.851383,100.453975,20.2,86,0,Clear,0
527,15/5/2024,15/5/2024 22:00,22,ภูชี้ฟ้า,19.851383,100.453975,20.1,81,0,Clear,1
528,15/5/2024,15/5/2024 23:00,23,ภูชี้ฟ้า,19.851383,100.453975,20.1,78,0,Clear,1
529,15/5/2024,16/5/2024 0:00,0,ภูชี้ฟ้า,19.851383,100.453975,19.5,80,0,Clear,1
530,15/5/2024,16/5/2024 1:00,1,ภูชี้ฟ้า,19.851383,100.453975,18.7,84,0,Clear,0
531,15/5/2024,16/5/2024 2:00,2,ภูชี้ฟ้า,19.851383,100.453975,18.5,85,0,Clear,0
532,15/5/2024,16/5/2024 3:00,3,ภูชี้ฟ้า,19.851383,100.453975,18.5,82,0,Partly Cloudy,0
533,16/5/2024,16/5/2024 21:00,21,ภูชี้ฟ้า,19.851383,100.453975,18.9,95,0,Overcast,0
534,16/5/2024,16/5/2024 22:00,22,ภูชี้ฟ้า,19.851383,100.453975,18.9,94,0,Overcast,0
535,16/5/2024,16/5/2024 23:00,23,ภูชี้ฟ้า,19.851383,100.453975,18.6,95,0,Overcast,0
536,16/5/2024,17/5/2024 0:00,0,ภูชี้ฟ้า,19.851383,100.453975,18.4,96,0,Clear,0
537,16/5/2024,17/5/2024 1:00,1,ภูชี้ฟ้า,19.851383,100.453975,17.7,98,0,Overcast,0
538,16/5/2024,17/5/2024 2:00,2,ภูชี้ฟ้า,19.851383,100.453975,17.5,98,1.5,Light Rain,0
539,16/5/2024,17/5/2024 3:00,3,ภูชี้ฟ้า,19.851383,100.453975,16.8,100,6.7,Rain,0
540,17/5/2024,17/5/2024 21:00,21,ภูชี้ฟ้า,19.851383,100.453975,18.6,98,0.1,Light Drizzle,0
541,17/5/2024,17/5/2024 22:00,22,ภูชี้ฟ้า,19.851383,100.453975,17.6,98,8.2,Heavy Rain,0
542,17/5/2024,17/5/2024 23:00,23,ภูชี้ฟ้า,19.851383,100.453975,17.4,100,0.5,Drizzle,0
543,17/5/2024,18/5/2024 0:00,0,ภูชี้ฟ้า,19.851383,100.453975,17.1,100,0.6,Drizzle,0
544,17/5/2024,18/5/2024 1:00,1,ภูชี้ฟ้า,19.851383,100.453975,17.3,98,0.1,Light Drizzle,0
545,17/5/2024,18/5/2024 2:00,2,ภูชี้ฟ้า,19.851383,100.453975,17.1,100,0.1,Light Drizzle,0
546,17/5/2024,18/5/2024 3:00,3,ภูชี้ฟ้า,19.851383,100.453975,17,100,0,Overcast,0
547,18/5/2024,18/5/2024 21:00,21,ภูชี้ฟ้า,19.851383,100.453975,20.1,86,0,Overcast,0
548,18/5/2024,18/5/2024 22:00,22,ภูชี้ฟ้า,19.851383,100.453975,20.2,83,0,Clear,0
549,18/5/2024,18/5/2024 23:00,23,ภูชี้ฟ้า,19.851383,100.453975,20.7,80,0,Mainly Clear,1
550,18/5/2024,19/5/2024 0:00,0,ภูชี้ฟ้า,19.851383,100.453975,20.3,82,0,Overcast,0
551,18/5/2024,19/5/2024 1:00,1,ภูชี้ฟ้า,19.851383,100.453975,19.9,83,0,Clear,0
552,18/5/2024,19/5/2024 2:00,2,ภูชี้ฟ้า,19.851383,100.453975,19.5,85,0,Clear,0
553,18/5/2024,19/5/2024 3:00,3,ภูชี้ฟ้า,19.851383,100.453975,19.3,86,0,Clear,0
554,19/5/2024,19/5/2024 21:00,21,ภูชี้ฟ้า,19.851383,100.453975,21.9,68,0,Overcast,0
555,19/5/2024,19/5/2024 22:00,22,ภูชี้ฟ้า,19.851383,100.453975,20.8,75,0,Overcast,0
556,19/5/2024,19/5/2024 23:00,23,ภูชี้ฟ้า,19.851383,100.453975,20.4,77,0,Mainly Clear,1
557,19/5/2024,20/5/2024 0:00,0,ภูชี้ฟ้า,19.851383,100.453975,20,78,0,Mainly Clear,1
558,19/5/2024,20/5/2024 1:00,1,ภูชี้ฟ้า,19.851383,100.453975,19.8,77,0,Clear,1
559,19/5/2024,20/5/2024 2:00,2,ภูชี้ฟ้า,19.851383,100.453975,19.5,81,0,Clear,1
560,19/5/2024,20/5/2024 3:00,3,ภูชี้ฟ้า,19.851383,100.453975,19.3,83,0,Clear,0
561,20/5/2024,20/5/2024 21:00,21,ภูชี้ฟ้า,19.851383,100.453975,17.5,96,1.1,Heavy Drizzle,0
562,20/5/2024,20/5/2024 22:00,22,ภูชี้ฟ้า,19.851383,100.453975,17,97,0.1,Light Drizzle,0
563,20/5/2024,20/5/2024 23:00,23,ภูชี้ฟ้า,19.851383,100.453975,16.9,100,2.4,Light Rain,0
564,20/5/2024,21/5/2024 0:00,0,ภูชี้ฟ้า,19.851383,100.453975,16.8,100,0.6,Drizzle,0
565,20/5/2024,21/5/2024 1:00,1,ภูชี้ฟ้า,19.851383,100.453975,16.8,100,0.6,Drizzle,0
566,20/5/2024,21/5/2024 2:00,2,ภูชี้ฟ้า,19.851383,100.453975,16.6,100,0.2,Light Drizzle,0
567,20/5/2024,21/5/2024 3:00,3,ภูชี้ฟ้า,19.851383,100.453975,16.5,100,0.2,Light Drizzle,0
568,21/5/2024,21/5/2024 21:00,21,ภูชี้ฟ้า,19.851383,100.453975,17.5,100,0,Overcast,0
569,21/5/2024,21/5/2024 22:00,22,ภูชี้ฟ้า,19.851383,100.453975,17.5,100,0,Overcast,0
570,21/5/2024,21/5/2024 23:00,23,ภูชี้ฟ้า,19.851383,100.453975,17,100,0,Overcast,0
571,21/5/2024,22/5/2024 0:00,0,ภูชี้ฟ้า,19.851383,100.453975,17.1,100,0,Overcast,0
572,21/5/2024,22/5/2024 1:00,1,ภูชี้ฟ้า,19.851383,100.453975,17,100,0,Overcast,0
573,21/5/2024,22/5/2024 2:00,2,ภูชี้ฟ้า,19.851383,100.453975,16.6,100,0,Overcast,0
574,21/5/2024,22/5/2024 3:00,3,ภูชี้ฟ้า,19.851383,100.453975,16.2,100,0,Overcast,0
575,22/5/2024,22/5/2024 21:00,21,ภูชี้ฟ้า,19.851383,100.453975,17.7,97,0.1,Light Drizzle,0
576,22/5/2024,22/5/2024 22:00,22,ภูชี้ฟ้า,19.851383,100.453975,17.8,94,0.2,Light Drizzle,0
577,22/5/2024,22/5/2024 23:00,23,ภูชี้ฟ้า,19.851383,100.453975,17.3,97,0,Overcast,0
578,22/5/2024,23/5/2024 0:00,0,ภูชี้ฟ้า,19.851383,100.453975,16.9,98,1.9,Light Rain,0
579,22/5/2024,23/5/2024 1:00,1,ภูชี้ฟ้า,19.851383,100.453975,16.7,100,0.4,Light Drizzle,0
580,22/5/2024,23/5/2024 2:00,2,ภูชี้ฟ้า,19.851383,100.453975,16.4,100,0.7,Drizzle,0
581,22/5/2024,23/5/2024 3:00,3,ภูชี้ฟ้า,19.851383,100.453975,16.3,100,1.3,Light Rain,0
582,23/5/2024,23/5/2024 21:00,21,ภูชี้ฟ้า,19.851383,100.453975,18.2,97,0,Partly Cloudy,0
583,23/5/2024,23/5/2024 22:00,22,ภูชี้ฟ้า,19.851383,100.453975,17.7,98,0,Overcast,0
584,23/5/2024,23/5/2024 23:00,23,ภูชี้ฟ้า,19.851383,100.453975,17.4,98,0.1,Light Drizzle,0
585,23/5/2024,24/5/2024 0:00,0,ภูชี้ฟ้า,19.851383,100.453975,16.9,100,2.2,Light Rain,0
586,23/5/2024,24/5/2024 1:00,1,ภูชี้ฟ้า,19.851383,100.453975,16.9,100,0.3,Light Drizzle,0
587,23/5/2024,24/5/2024 2:00,2,ภูชี้ฟ้า,19.851383,100.453975,16.7,100,1.4,Light Rain,0
588,23/5/2024,24/5/2024 3:00,3,ภูชี้ฟ้า,19.851383,100.453975,16.4,100,1.7,Light Rain,0
589,24/5/2024,24/5/2024 21:00,21,ภูชี้ฟ้า,19.851383,100.453975,17.1,99,1.1,Heavy Drizzle,0
590,24/5/2024,24/5/2024 22:00,22,ภูชี้ฟ้า,19.851383,100.453975,16.7,99,3.1,Rain,0
591,24/5/2024,24/5/2024 23:00,23,ภูชี้ฟ้า,19.851383,100.453975,16.6,100,0,Overcast,0
592,24/5/2024,25/5/2024 0:00,0,ภูชี้ฟ้า,19.851383,100.453975,16.1,100,2.1,Light Rain,0
593,24/5/2024,25/5/2024 1:00,1,ภูชี้ฟ้า,19.851383,100.453975,15.9,100,7.9,Heavy Rain,0
594,24/5/2024,25/5/2024 2:00,2,ภูชี้ฟ้า,19.851383,100.453975,15.8,100,5.6,Rain,0
595,24/5/2024,25/5/2024 3:00,3,ภูชี้ฟ้า,19.851383,100.453975,15.7,100,1.6,Light Rain,0
596,25/5/2024,25/5/2024 21:00,21,ภูชี้ฟ้า,19.851383,100.453975,18.2,88,0.3,Light Drizzle,0
597,25/5/2024,25/5/2024 22:00,22,ภูชี้ฟ้า,19.851383,100.453975,17.9,91,0.4,Light Drizzle,0
598,25/5/2024,25/5/2024 23:00,23,ภูชี้ฟ้า,19.851383,100.453975,17.4,92,1.2,Heavy Drizzle,0
599,25/5/2024,26/5/2024 0:00,0,ภูชี้ฟ้า,19.851383,100.453975,16.7,100,1.4,Light Rain,0
600,25/5/2024,26/5/2024 1:00,1,ภูชี้ฟ้า,19.851383,100.453975,16.8,100,0.3,Light Drizzle,0
601,25/5/2024,26/5/2024 2:00,2,ภูชี้ฟ้า,19.851383,100.453975,16.4,100,0.4,Light Drizzle,0
602,25/5/2024,26/5/2024 3:00,3,ภูชี้ฟ้า,19.851383,100.453975,16.4,100,0.1,Light Drizzle,0
603,26/5/2024,26/5/2024 21:00,21,ภูชี้ฟ้า,19.851383,100.453975,17.9,95,0,Overcast,0
604,26/5/2024,26/5/2024 22:00,22,ภูชี้ฟ้า,19.851383,100.453975,18.1,93,0,Overcast,0
605,26/5/2024,26/5/2024 23:00,23,ภูชี้ฟ้า,19.851383,100.453975,17.9,94,0,Overcast,0
606,26/5/2024,27/5/2024 0:00,0,ภูชี้ฟ้า,19.851383,100.453975,17.8,94,0,Overcast,0
607,26/5/2024,27/5/2024 1:00,1,ภูชี้ฟ้า,19.851383,100.453975,17.5,94,0,Overcast,0
608,26/5/2024,27/5/2024 2:00,2,ภูชี้ฟ้า,19.851383,100.453975,17.4,94,0,Overcast,0
609,26/5/2024,27/5/2024 3:00,3,ภูชี้ฟ้า,19.851383,100.453975,17.3,95,0,Overcast,0
610,27/5/2024,27/5/2024 21:00,21,ภูชี้ฟ้า,19.851383,100.453975,18.1,94,0,Overcast,0
611,27/5/2024,27/5/2024 22:00,22,ภูชี้ฟ้า,19.851383,100.453975,18,94,0,Overcast,0
612,27/5/2024,27/5/2024 23:00,23,ภูชี้ฟ้า,19.851383,100.453975,18,94,0,Overcast,0
613,27/5/2024,28/5/2024 0:00,0,ภูชี้ฟ้า,19.851383,100.453975,17.7,96,0,Overcast,0
614,27/5/2024,28/5/2024 1:00,1,ภูชี้ฟ้า,19.851383,100.453975,17.5,97,0,Overcast,0
615,27/5/2024,28/5/2024 2:00,2,ภูชี้ฟ้า,19.851383,100.453975,17.4,98,0,Overcast,0
616,27/5/2024,28/5/2024 3:00,3,ภูชี้ฟ้า,19.851383,100.453975,17.4,98,0.1,Light Drizzle,0
617,28/5/2024,28/5/2024 21:00,21,ภูชี้ฟ้า,19.851383,100.453975,19.2,88,0,Overcast,0
618,28/5/2024,28/5/2024 22:00,22,ภูชี้ฟ้า,19.851383,100.453975,19,89,0,Overcast,0
619,28/5/2024,28/5/2024 23:00,23,ภูชี้ฟ้า,19.851383,100.453975,18.6,91,0,Overcast,0
620,28/5/2024,29/5/2024 0:00,0,ภูชี้ฟ้า,19.851383,100.453975,18.3,92,0,Overcast,0
621,28/5/2024,29/5/2024 1:00,1,ภูชี้ฟ้า,19.851383,100.453975,18.1,93,0,Overcast,0
622,28/5/2024,29/5/2024 2:00,2,ภูชี้ฟ้า,19.851383,100.453975,17.9,95,0,Overcast,0
623,28/5/2024,29/5/2024 3:00,3,ภูชี้ฟ้า,19.851383,100.453975,17.7,98,0,Overcast,0
624,29/5/2024,29/5/2024 21:00,21,ภูชี้ฟ้า,19.851383,100.453975,19,92,0,Partly Cloudy,0
625,29/5/2024,29/5/2024 22:00,22,ภูชี้ฟ้า,19.851383,100.453975,18.8,93,0,Partly Cloudy,0
626,29/5/2024,29/5/2024 23:00,23,ภูชี้ฟ้า,19.851383,100.453975,18.5,95,0,Overcast,0
627,29/5/2024,30/5/2024 0:00,0,ภูชี้ฟ้า,19.851383,100.453975,18.3,96,0,Partly Cloudy,0
628,29/5/2024,30/5/2024 1:00,1,ภูชี้ฟ้า,19.851383,100.453975,18,98,0,Overcast,0
629,29/5/2024,30/5/2024 2:00,2,ภูชี้ฟ้า,19.851383,100.453975,17.9,99,0,Overcast,0
630,29/5/2024,30/5/2024 3:00,3,ภูชี้ฟ้า,19.851383,100.453975,17.7,100,0,Overcast,0
631,30/5/2024,30/5/2024 21:00,21,ภูชี้ฟ้า,19.851383,100.453975,21.7,75,0,Overcast,0
632,30/5/2024,30/5/2024 22:00,22,ภูชี้ฟ้า,19.851383,100.453975,21.9,72,0,Overcast,0
633,30/5/2024,30/5/2024 23:00,23,ภูชี้ฟ้า,19.851383,100.453975,21,79,0,Overcast,0
634,30/5/2024,31/5/2024 0:00,0,ภูชี้ฟ้า,19.851383,100.453975,20.2,85,0,Overcast,0
635,30/5/2024,31/5/2024 1:00,1,ภูชี้ฟ้า,19.851383,100.453975,19.7,89,0,Mainly Clear,0
636,30/5/2024,31/5/2024 2:00,2,ภูชี้ฟ้า,19.851383,100.453975,19.4,90,0,Overcast,0
637,30/5/2024,31/5/2024 3:00,3,ภูชี้ฟ้า,19.851383,100.453975,19.2,92,0,Overcast,0
638,31/5/2024,31/5/2024 21:00,21,ภูชี้ฟ้า,19.851383,100.453975,19.8,93,0,Overcast,0
639,31/5/2024,31/5/2024 22:00,22,ภูชี้ฟ้า,19.851383,100.453975,19.1,95,1.4,Light Rain,0
640,31/5/2024,31/5/2024 23:00,23,ภูชี้ฟ้า,19.851383,100.453975,19.1,95,0,Overcast,0
641,31/5/2024,1/6/2024 0:00,0,ภูชี้ฟ้า,19.851383,100.453975,17.9,99,3.3,Rain,0
642,31/5/2024,1/6/2024 1:00,1,ภูชี้ฟ้า,19.851383,100.453975,17.7,98,1.3,Light Rain,0
643,31/5/2024,1/6/2024 2:00,2,ภูชี้ฟ้า,19.851383,100.453975,17.2,100,2.4,Light Rain,0
644,31/5/2024,1/6/2024 3:00,3,ภูชี้ฟ้า,19.851383,100.453975,16.8,100,2.2,Light Rain,0
645,1/6/2024,1/6/2024 21:00,21,ภูชี้ฟ้า,19.851383,100.453975,18.2,97,0,Overcast,0
646,1/6/2024,1/6/2024 22:00,22,ภูชี้ฟ้า,19.851383,100.453975,17.6,98,0.4,Light Drizzle,0
647,1/6/2024,1/6/2024 23:00,23,ภูชี้ฟ้า,19.851383,100.453975,16.6,100,6.6,Rain,0
648,1/6/2024,2/6/2024 0:00,0,ภูชี้ฟ้า,19.851383,100.453975,16.8,100,3.9,Rain,0
649,1/6/2024,2/6/2024 1:00,1,ภูชี้ฟ้า,19.851383,100.453975,17.5,95,0.3,Light Drizzle,0
650,1/6/2024,2/6/2024 2:00,2,ภูชี้ฟ้า,19.851383,100.453975,17.1,92,0.5,Drizzle,0
651,1/6/2024,2/6/2024 3:00,3,ภูชี้ฟ้า,19.851383,100.453975,16.5,100,0.3,Light Drizzle,0
652,2/6/2024,2/6/2024 21:00,21,ภูชี้ฟ้า,19.851383,100.453975,18.4,91,0,Overcast,0
653,2/6/2024,2/6/2024 22:00,22,ภูชี้ฟ้า,19.851383,100.453975,18,92,0,Overcast,0
654,2/6/2024,2/6/2024 23:00,23,ภูชี้ฟ้า,19.851383,100.453975,17.9,92,0.1,Light Drizzle,0
655,2/6/2024,3/6/2024 0:00,0,ภูชี้ฟ้า,19.851383,100.453975,17.6,93,0,Overcast,0
656,2/6/2024,3/6/2024 1:00,1,ภูชี้ฟ้า,19.851383,100.453975,17.4,94,0,Overcast,0
657,2/6/2024,3/6/2024 2:00,2,ภูชี้ฟ้า,19.851383,100.453975,17,94,0,Overcast,0
658,2/6/2024,3/6/2024 3:00,3,ภูชี้ฟ้า,19.851383,100.453975,16.6,94,0,Overcast,0
659,3/6/2024,3/6/2024 21:00,21,ภูชี้ฟ้า,19.851383,100.453975,17.9,94,0,Overcast,0
660,3/6/2024,3/6/2024 22:00,22,ภูชี้ฟ้า,19.851383,100.453975,17.7,95,0,Overcast,0
661,3/6/2024,3/6/2024 23:00,23,ภูชี้ฟ้า,19.851383,100.453975,17.6,96,0,Overcast,0
662,3/6/2024,4/6/2024 0:00,0,ภูชี้ฟ้า,19.851383,100.453975,17.4,96,0,Overcast,0
663,3/6/2024,4/6/2024 1:00,1,ภูชี้ฟ้า,19.851383,100.453975,17.3,96,0,Overcast,0
664,3/6/2024,4/6/2024 2:00,2,ภูชี้ฟ้า,19.851383,100.453975,17.2,97,0,Overcast,0
665,3/6/2024,4/6/2024 3:00,3,ภูชี้ฟ้า,19.851383,100.453975,17,97,0.2,Light Drizzle,0
666,4/6/2024,4/6/2024 21:00,21,ภูชี้ฟ้า,19.851383,100.453975,18.7,88,0,Overcast,0
667,4/6/2024,4/6/2024 22:00,22,ภูชี้ฟ้า,19.851383,100.453975,19,84,0,Overcast,0
668,4/6/2024,4/6/2024 23:00,23,ภูชี้ฟ้า,19.851383,100.453975,19.2,81,0,Partly Cloudy,0
669,4/6/2024,5/6/2024 0:00,0,ภูชี้ฟ้า,19.851383,100.453975,19,81,0,Overcast,0
670,4/6/2024,5/6/2024 1:00,1,ภูชี้ฟ้า,19.851383,100.453975,18.3,85,0,Overcast,0
671,4/6/2024,5/6/2024 2:00,2,ภูชี้ฟ้า,19.851383,100.453975,17.8,88,0,Partly Cloudy,0
672,4/6/2024,5/6/2024 3:00,3,ภูชี้ฟ้า,19.851383,100.453975,17,92,0,Partly Cloudy,0
673,5/6/2024,5/6/2024 21:00,21,ภูชี้ฟ้า,19.851383,100.453975,19.5,81,0,Overcast,0
674,5/6/2024,5/6/2024 22:00,22,ภูชี้ฟ้า,19.851383,100.453975,18.8,84,0,Overcast,0
675,5/6/2024,5/6/2024 23:00,23,ภูชี้ฟ้า,19.851383,100.453975,18.2,88,0,Overcast,0
676,5/6/2024,6/6/2024 0:00,0,ภูชี้ฟ้า,19.851383,100.453975,17.9,90,0,Overcast,0
677,5/6/2024,6/6/2024 1:00,1,ภูชี้ฟ้า,19.851383,100.453975,17.9,91,0,Overcast,0
678,5/6/2024,6/6/2024 2:00,2,ภูชี้ฟ้า,19.851383,100.453975,17.9,91,0,Overcast,0
679,5/6/2024,6/6/2024 3:00,3,ภูชี้ฟ้า,19.851383,100.453975,17.4,94,0,Overcast,0
680,6/6/2024,6/6/2024 21:00,21,ภูชี้ฟ้า,19.851383,100.453975,18.9,85,0,Overcast,0
681,6/6/2024,6/6/2024 22:00,22,ภูชี้ฟ้า,19.851383,100.453975,18.6,87,0,Overcast,0
682,6/6/2024,6/6/2024 23:00,23,ภูชี้ฟ้า,19.851383,100.453975,18.4,88,0.1,Light Drizzle,0
683,6/6/2024,7/6/2024 0:00,0,ภูชี้ฟ้า,19.851383,100.453975,18.1,90,0,Overcast,0
684,6/6/2024,7/6/2024 1:00,1,ภูชี้ฟ้า,19.851383,100.453975,17.6,91,0.2,Light Drizzle,0
685,6/6/2024,7/6/2024 2:00,2,ภูชี้ฟ้า,19.851383,100.453975,17.3,94,0.3,Light Drizzle,0
686,6/6/2024,7/6/2024 3:00,3,ภูชี้ฟ้า,19.851383,100.453975,16.9,96,0.1,Light Drizzle,0
687,7/6/2024,7/6/2024 21:00,21,ภูชี้ฟ้า,19.851383,100.453975,18.3,88,0,Overcast,0
688,7/6/2024,7/6/2024 22:00,22,ภูชี้ฟ้า,19.851383,100.453975,18.1,88,0.4,Light Drizzle,0
689,7/6/2024,7/6/2024 23:00,23,ภูชี้ฟ้า,19.851383,100.453975,16.7,100,5.9,Rain,0
690,7/6/2024,8/6/2024 0:00,0,ภูชี้ฟ้า,19.851383,100.453975,16.9,100,0.1,Light Drizzle,0
691,7/6/2024,8/6/2024 1:00,1,ภูชี้ฟ้า,19.851383,100.453975,16.8,100,0.3,Light Drizzle,0
692,7/6/2024,8/6/2024 2:00,2,ภูชี้ฟ้า,19.851383,100.453975,16.5,100,0.2,Light Drizzle,0
693,7/6/2024,8/6/2024 3:00,3,ภูชี้ฟ้า,19.851383,100.453975,16.3,100,0.1,Light Drizzle,0
694,8/6/2024,8/6/2024 21:00,21,ภูชี้ฟ้า,19.851383,100.453975,17.8,95,0,Overcast,0
695,8/6/2024,8/6/2024 22:00,22,ภูชี้ฟ้า,19.851383,100.453975,17.9,93,0,Overcast,0
696,8/6/2024,8/6/2024 23:00,23,ภูชี้ฟ้า,19.851383,100.453975,17.8,92,0,Overcast,0
697,8/6/2024,9/6/2024 0:00,0,ภูชี้ฟ้า,19.851383,100.453975,17.4,93,0,Overcast,0
698,8/6/2024,9/6/2024 1:00,1,ภูชี้ฟ้า,19.851383,100.453975,17.4,93,0,Overcast,0
699,8/6/2024,9/6/2024 2:00,2,ภูชี้ฟ้า,19.851383,100.453975,17.1,94,0,Overcast,0
700,8/6/2024,9/6/2024 3:00,3,ภูชี้ฟ้า,19.851383,100.453975,16.5,96,0,Overcast,0
701,9/6/2024,9/6/2024 21:00,21,ภูชี้ฟ้า,19.851383,100.453975,18.2,100,0,Overcast,0
702,9/6/2024,9/6/2024 22:00,22,ภูชี้ฟ้า,19.851383,100.453975,17.9,100,0,Overcast,0
703,9/6/2024,9/6/2024 23:00,23,ภูชี้ฟ้า,19.851383,100.453975,17.6,100,0,Overcast,0
704,9/6/2024,10/6/2024 0:00,0,ภูชี้ฟ้า,19.851383,100.453975,17.4,100,0,Overcast,0
705,9/6/2024,10/6/2024 1:00,1,ภูชี้ฟ้า,19.851383,100.453975,17,100,0,Overcast,0
706,9/6/2024,10/6/2024 2:00,2,ภูชี้ฟ้า,19.851383,100.453975,17.1,100,0,Overcast,0
707,9/6/2024,10/6/2024 3:00,3,ภูชี้ฟ้า,19.851383,100.453975,16.8,100,0,Overcast,0
708,10/6/2024,10/6/2024 21:00,21,ภูชี้ฟ้า,19.851383,100.453975,18.1,100,0,Overcast,0
709,10/6/2024,10/6/2024 22:00,22,ภูชี้ฟ้า,19.851383,100.453975,17.8,100,0,Overcast,0
710,10/6/2024,10/6/2024 23:00,23,ภูชี้ฟ้า,19.851383,100.453975,17.4,100,1.2,Heavy Drizzle,0
711,10/6/2024,11/6/2024 0:00,0,ภูชี้ฟ้า,19.851383,100.453975,17.1,100,0.7,Drizzle,0
712,10/6/2024,11/6/2024 1:00,1,ภูชี้ฟ้า,19.851383,100.453975,17,100,0.1,Light Drizzle,0
713,10/6/2024,11/6/2024 2:00,2,ภูชี้ฟ้า,19.851383,100.453975,16.9,100,0.1,Light Drizzle,0
714,10/6/2024,11/6/2024 3:00,3,ภูชี้ฟ้า,19.851383,100.453975,16.8,100,0,Overcast,0
715,11/6/2024,11/6/2024 21:00,21,ภูชี้ฟ้า,19.851383,100.453975,17.7,94,0.1,Light Drizzle,0
716,11/6/2024,11/6/2024 22:00,22,ภูชี้ฟ้า,19.851383,100.453975,17,97,0.2,Light Drizzle,0
717,11/6/2024,11/6/2024 23:00,23,ภูชี้ฟ้า,19.851383,100.453975,17.1,96,0,Overcast,0
718,11/6/2024,12/6/2024 0:00,0,ภูชี้ฟ้า,19.851383,100.453975,16.9,98,0.1,Light Drizzle,0
719,11/6/2024,12/6/2024 1:00,1,ภูชี้ฟ้า,19.851383,100.453975,16.7,99,0.1,Light Drizzle,0
720,11/6/2024,12/6/2024 2:00,2,ภูชี้ฟ้า,19.851383,100.453975,16.7,99,0,Overcast,0
721,11/6/2024,12/6/2024 3:00,3,ภูชี้ฟ้า,19.851383,100.453975,16.6,99,0,Overcast,0
722,12/6/2024,12/6/2024 21:00,21,ภูชี้ฟ้า,19.851383,100.453975,18.2,88,0,Overcast,0
723,12/6/2024,12/6/2024 22:00,22,ภูชี้ฟ้า,19.851383,100.453975,17.9,89,0,Overcast,0
724,12/6/2024,12/6/2024 23:00,23,ภูชี้ฟ้า,19.851383,100.453975,17.7,91,0,Overcast,0
725,12/6/2024,13/6/2024 0:00,0,ภูชี้ฟ้า,19.851383,100.453975,17.5,92,0,Overcast,0
726,12/6/2024,13/6/2024 1:00,1,ภูชี้ฟ้า,19.851383,100.453975,17.2,94,0,Overcast,0
727,12/6/2024,13/6/2024 2:00,2,ภูชี้ฟ้า,19.851383,100.453975,16.9,95,0,Overcast,0
728,12/6/2024,13/6/2024 3:00,3,ภูชี้ฟ้า,19.851383,100.453975,16.8,95,0,Overcast,0
729,13/6/2024,13/6/2024 21:00,21,ภูชี้ฟ้า,19.851383,100.453975,18.7,84,0,Overcast,0
730,13/6/2024,13/6/2024 22:00,22,ภูชี้ฟ้า,19.851383,100.453975,18.3,85,0,Overcast,0
731,13/6/2024,13/6/2024 23:00,23,ภูชี้ฟ้า,19.851383,100.453975,18,86,0,Overcast,0
732,13/6/2024,14/6/2024 0:00,0,ภูชี้ฟ้า,19.851383,100.453975,17.7,88,0,Overcast,0
733,13/6/2024,14/6/2024 1:00,1,ภูชี้ฟ้า,19.851383,100.453975,17.5,90,0,Overcast,0
734,13/6/2024,14/6/2024 2:00,2,ภูชี้ฟ้า,19.851383,100.453975,17.4,92,0,Overcast,0
735,13/6/2024,14/6/2024 3:00,3,ภูชี้ฟ้า,19.851383,100.453975,17.4,92,0,Overcast,0
736,14/6/2024,14/6/2024 21:00,21,ภูชี้ฟ้า,19.851383,100.453975,18.4,91,0,Overcast,0
737,14/6/2024,14/6/2024 22:00,22,ภูชี้ฟ้า,19.851383,100.453975,18.4,90,0,Overcast,0
738,14/6/2024,14/6/2024 23:00,23,ภูชี้ฟ้า,19.851383,100.453975,18.3,91,0.1,Light Drizzle,0
739,14/6/2024,15/6/2024 0:00,0,ภูชี้ฟ้า,19.851383,100.453975,18.2,92,0,Overcast,0
740,14/6/2024,15/6/2024 1:00,1,ภูชี้ฟ้า,19.851383,100.453975,17.9,94,0,Overcast,0
741,14/6/2024,15/6/2024 2:00,2,ภูชี้ฟ้า,19.851383,100.453975,17.6,96,0,Overcast,0
742,14/6/2024,15/6/2024 3:00,3,ภูชี้ฟ้า,19.851383,100.453975,17.4,98,0,Overcast,0
743,15/6/2024,15/6/2024 21:00,21,ภูชี้ฟ้า,19.851383,100.453975,19.2,85,0,Overcast,0
744,15/6/2024,15/6/2024 22:00,22,ภูชี้ฟ้า,19.851383,100.453975,18.9,87,0,Overcast,0
745,15/6/2024,15/6/2024 23:00,23,ภูชี้ฟ้า,19.851383,100.453975,18.4,90,0,Overcast,0
746,15/6/2024,16/6/2024 0:00,0,ภูชี้ฟ้า,19.851383,100.453975,18.2,91,0,Overcast,0
747,15/6/2024,16/6/2024 1:00,1,ภูชี้ฟ้า,19.851383,100.453975,18,92,0,Overcast,0
748,15/6/2024,16/6/2024 2:00,2,ภูชี้ฟ้า,19.851383,100.453975,17.7,93,0,Overcast,0
749,15/6/2024,16/6/2024 3:00,3,ภูชี้ฟ้า,19.851383,100.453975,17.5,95,0,Overcast,0
750,16/6/2024,16/6/2024 21:00,21,ภูชี้ฟ้า,19.851383,100.453975,19.2,86,0,Overcast,0
751,16/6/2024,16/6/2024 22:00,22,ภูชี้ฟ้า,19.851383,100.453975,19.1,85,0,Overcast,0
752,16/6/2024,16/6/2024 23:00,23,ภูชี้ฟ้า,19.851383,100.453975,19,86,0,Overcast,0
753,16/6/2024,17/6/2024 0:00,0,ภูชี้ฟ้า,19.851383,100.453975,19,86,0,Overcast,0
754,16/6/2024,17/6/2024 1:00,1,ภูชี้ฟ้า,19.851383,100.453975,18.7,86,0,Overcast,0
755,16/6/2024,17/6/2024 2:00,2,ภูชี้ฟ้า,19.851383,100.453975,18.2,89,0,Overcast,0
756,16/6/2024,17/6/2024 3:00,3,ภูชี้ฟ้า,19.851383,100.453975,17.9,90,0,Overcast,0
757,17/6/2024,17/6/2024 21:00,21,ภูชี้ฟ้า,19.851383,100.453975,19.2,87,0,Overcast,0
758,17/6/2024,17/6/2024 22:00,22,ภูชี้ฟ้า,19.851383,100.453975,18.6,90,0,Overcast,0
759,17/6/2024,17/6/2024 23:00,23,ภูชี้ฟ้า,19.851383,100.453975,18.2,91,0,Overcast,0
760,17/6/2024,18/6/2024 0:00,0,ภูชี้ฟ้า,19.851383,100.453975,17.8,92,0,Overcast,0
761,17/6/2024,18/6/2024 1:00,1,ภูชี้ฟ้า,19.851383,100.453975,17.5,92,0,Overcast,0
762,17/6/2024,18/6/2024 2:00,2,ภูชี้ฟ้า,19.851383,100.453975,17.3,94,0,Overcast,0
763,17/6/2024,18/6/2024 3:00,3,ภูชี้ฟ้า,19.851383,100.453975,17.1,94,0,Overcast,0
764,18/6/2024,18/6/2024 21:00,21,ภูชี้ฟ้า,19.851383,100.453975,18.7,90,0,Overcast,0
765,18/6/2024,18/6/2024 22:00,22,ภูชี้ฟ้า,19.851383,100.453975,18.3,92,0,Overcast,0
766,18/6/2024,18/6/2024 23:00,23,ภูชี้ฟ้า,19.851383,100.453975,17.9,94,0,Overcast,0
767,18/6/2024,19/6/2024 0:00,0,ภูชี้ฟ้า,19.851383,100.453975,17.7,94,0,Overcast,0
768,18/6/2024,19/6/2024 1:00,1,ภูชี้ฟ้า,19.851383,100.453975,17.6,94,0,Overcast,0
769,18/6/2024,19/6/2024 2:00,2,ภูชี้ฟ้า,19.851383,100.453975,17.4,94,0,Overcast,0
770,18/6/2024,19/6/2024 3:00,3,ภูชี้ฟ้า,19.851383,100.453975,16.9,95,0,Overcast,0
771,19/6/2024,19/6/2024 21:00,21,ภูชี้ฟ้า,19.851383,100.453975,19.4,81,0,Overcast,0
772,19/6/2024,19/6/2024 22:00,22,ภูชี้ฟ้า,19.851383,100.453975,19.3,81,0,Overcast,0
773,19/6/2024,19/6/2024 23:00,23,ภูชี้ฟ้า,19.851383,100.453975,19,82,0,Overcast,0
774,19/6/2024,20/6/2024 0:00,0,ภูชี้ฟ้า,19.851383,100.453975,18.8,84,0,Overcast,0
775,19/6/2024,20/6/2024 1:00,1,ภูชี้ฟ้า,19.851383,100.453975,18.7,84,0,Overcast,0
776,19/6/2024,20/6/2024 2:00,2,ภูชี้ฟ้า,19.851383,100.453975,18.7,84,0,Overcast,0
777,19/6/2024,20/6/2024 3:00,3,ภูชี้ฟ้า,19.851383,100.453975,18.5,86,0,Overcast,0
778,20/6/2024,20/6/2024 21:00,21,ภูชี้ฟ้า,19.851383,100.453975,19.9,80,0,Overcast,0
779,20/6/2024,20/6/2024 22:00,22,ภูชี้ฟ้า,19.851383,100.453975,19.7,81,0,Overcast,0
780,20/6/2024,20/6/2024 23:00,23,ภูชี้ฟ้า,19.851383,100.453975,19.3,83,0,Overcast,0
781,20/6/2024,21/6/2024 0:00,0,ภูชี้ฟ้า,19.851383,100.453975,18.8,85,0,Overcast,0
782,20/6/2024,21/6/2024 1:00,1,ภูชี้ฟ้า,19.851383,100.453975,18.4,88,0,Overcast,0
783,20/6/2024,21/6/2024 2:00,2,ภูชี้ฟ้า,19.851383,100.453975,18.2,89,0,Overcast,0
784,20/6/2024,21/6/2024 3:00,3,ภูชี้ฟ้า,19.851383,100.453975,18,91,0,Overcast,0
785,21/6/2024,21/6/2024 21:00,21,ภูชี้ฟ้า,19.851383,100.453975,20.7,78,0,Overcast,0
786,21/6/2024,21/6/2024 22:00,22,ภูชี้ฟ้า,19.851383,100.453975,20.2,82,0,Overcast,0
787,21/6/2024,21/6/2024 23:00,23,ภูชี้ฟ้า,19.851383,100.453975,20.4,78,0,Overcast,0
788,21/6/2024,22/6/2024 0:00,0,ภูชี้ฟ้า,19.851383,100.453975,20.6,74,0,Overcast,0
789,21/6/2024,22/6/2024 1:00,1,ภูชี้ฟ้า,19.851383,100.453975,20.2,76,0,Partly Cloudy,1
790,21/6/2024,22/6/2024 2:00,2,ภูชี้ฟ้า,19.851383,100.453975,19.9,78,0,Partly Cloudy,1
791,21/6/2024,22/6/2024 3:00,3,ภูชี้ฟ้า,19.851383,100.453975,19.6,80,0,Mainly Clear,1
792,22/6/2024,22/6/2024 21:00,21,ภูชี้ฟ้า,19.851383,100.453975,20.2,86,0,Partly Cloudy,0
793,22/6/2024,22/6/2024 22:00,22,ภูชี้ฟ้า,19.851383,100.453975,19.8,84,0,Overcast,0
794,22/6/2024,22/6/2024 23:00,23,ภูชี้ฟ้า,19.851383,100.453975,19.7,85,0,Partly Cloudy,0
795,22/6/2024,23/6/2024 0:00,0,ภูชี้ฟ้า,19.851383,100.453975,19.6,84,0,Overcast,0
796,22/6/2024,23/6/2024 1:00,1,ภูชี้ฟ้า,19.851383,100.453975,18.4,90,2.7,Rain,0
797,22/6/2024,23/6/2024 2:00,2,ภูชี้ฟ้า,19.851383,100.453975,17.9,98,0.2,Light Drizzle,0
798,22/6/2024,23/6/2024 3:00,3,ภูชี้ฟ้า,19.851383,100.453975,17.5,98,0,Overcast,0
799,23/6/2024,23/6/2024 21:00,21,ภูชี้ฟ้า,19.851383,100.453975,17.9,99,0,Overcast,0
800,23/6/2024,23/6/2024 22:00,22,ภูชี้ฟ้า,19.851383,100.453975,18.4,96,0,Overcast,0
801,23/6/2024,23/6/2024 23:00,23,ภูชี้ฟ้า,19.851383,100.453975,18.4,95,0,Overcast,0
802,23/6/2024,24/6/2024 0:00,0,ภูชี้ฟ้า,19.851383,100.453975,18.4,94,0,Overcast,0
803,23/6/2024,24/6/2024 1:00,1,ภูชี้ฟ้า,19.851383,100.453975,18.1,95,0,Overcast,0
804,23/6/2024,24/6/2024 2:00,2,ภูชี้ฟ้า,19.851383,100.453975,17.7,97,0,Overcast,0
805,23/6/2024,24/6/2024 3:00,3,ภูชี้ฟ้า,19.851383,100.453975,17.3,98,0,Overcast,0
806,24/6/2024,24/6/2024 21:00,21,ภูชี้ฟ้า,19.851383,100.453975,18.5,100,0,Overcast,0
807,24/6/2024,24/6/2024 22:00,22,ภูชี้ฟ้า,19.851383,100.453975,18.3,100,0,Overcast,0
808,24/6/2024,24/6/2024 23:00,23,ภูชี้ฟ้า,19.851383,100.453975,18.4,98,0,Overcast,0
809,24/6/2024,25/6/2024 0:00,0,ภูชี้ฟ้า,19.851383,100.453975,17.7,96,0.2,Light Drizzle,0
810,24/6/2024,25/6/2024 1:00,1,ภูชี้ฟ้า,19.851383,100.453975,16.8,100,0.7,Drizzle,0
811,24/6/2024,25/6/2024 2:00,2,ภูชี้ฟ้า,19.851383,100.453975,16.9,100,0.2,Light Drizzle,0
812,24/6/2024,25/6/2024 3:00,3,ภูชี้ฟ้า,19.851383,100.453975,16.5,100,1.1,Heavy Drizzle,0
813,25/6/2024,25/6/2024 21:00,21,ภูชี้ฟ้า,19.851383,100.453975,17.3,100,0.2,Light Drizzle,0
814,25/6/2024,25/6/2024 22:00,22,ภูชี้ฟ้า,19.851383,100.453975,16.8,100,0.6,Drizzle,0
815,25/6/2024,25/6/2024 23:00,23,ภูชี้ฟ้า,19.851383,100.453975,16.6,100,0.6,Drizzle,0
816,25/6/2024,26/6/2024 0:00,0,ภูชี้ฟ้า,19.851383,100.453975,16.5,100,0.5,Drizzle,0
817,25/6/2024,26/6/2024 1:00,1,ภูชี้ฟ้า,19.851383,100.453975,16.4,100,0.5,Drizzle,0
818,25/6/2024,26/6/2024 2:00,2,ภูชี้ฟ้า,19.851383,100.453975,16.4,100,0.9,Drizzle,0
819,25/6/2024,26/6/2024 3:00,3,ภูชี้ฟ้า,19.851383,100.453975,16.3,100,0.5,Drizzle,0
820,26/6/2024,26/6/2024 21:00,21,ภูชี้ฟ้า,19.851383,100.453975,17.2,100,0.1,Light Drizzle,0
821,26/6/2024,26/6/2024 22:00,22,ภูชี้ฟ้า,19.851383,100.453975,17,100,0.1,Light Drizzle,0
822,26/6/2024,26/6/2024 23:00,23,ภูชี้ฟ้า,19.851383,100.453975,16.8,100,0.2,Light Drizzle,0
823,26/6/2024,27/6/2024 0:00,0,ภูชี้ฟ้า,19.851383,100.453975,16.7,98,0.5,Drizzle,0
824,26/6/2024,27/6/2024 1:00,1,ภูชี้ฟ้า,19.851383,100.453975,16.6,100,0.3,Light Drizzle,0
825,26/6/2024,27/6/2024 2:00,2,ภูชี้ฟ้า,19.851383,100.453975,16.4,100,1.6,Light Rain,0
826,26/6/2024,27/6/2024 3:00,3,ภูชี้ฟ้า,19.851383,100.453975,16,100,1,Heavy Drizzle,0
827,27/6/2024,27/6/2024 21:00,21,ภูชี้ฟ้า,19.851383,100.453975,18.7,89,0,Overcast,0
828,27/6/2024,27/6/2024 22:00,22,ภูชี้ฟ้า,19.851383,100.453975,18.2,92,0,Overcast,0
829,27/6/2024,27/6/2024 23:00,23,ภูชี้ฟ้า,19.851383,100.453975,18.1,92,0,Overcast,0
830,27/6/2024,28/6/2024 0:00,0,ภูชี้ฟ้า,19.851383,100.453975,17.5,92,0.1,Light Drizzle,0
831,27/6/2024,28/6/2024 1:00,1,ภูชี้ฟ้า,19.851383,100.453975,17.4,92,0.1,Light Drizzle,0
832,27/6/2024,28/6/2024 2:00,2,ภูชี้ฟ้า,19.851383,100.453975,17.5,93,0,Overcast,0
833,27/6/2024,28/6/2024 3:00,3,ภูชี้ฟ้า,19.851383,100.453975,17.4,95,0,Overcast,0
834,28/6/2024,28/6/2024 21:00,21,ภูชี้ฟ้า,19.851383,100.453975,19.6,83,0,Overcast,0
835,28/6/2024,28/6/2024 22:00,22,ภูชี้ฟ้า,19.851383,100.453975,19.4,83,0,Overcast,0
836,28/6/2024,28/6/2024 23:00,23,ภูชี้ฟ้า,19.851383,100.453975,19.9,79,0,Overcast,0
837,28/6/2024,29/6/2024 0:00,0,ภูชี้ฟ้า,19.851383,100.453975,19.1,82,0,Overcast,0
838,28/6/2024,29/6/2024 1:00,1,ภูชี้ฟ้า,19.851383,100.453975,18.7,86,0,Overcast,0
839,28/6/2024,29/6/2024 2:00,2,ภูชี้ฟ้า,19.851383,100.453975,18.4,90,0,Overcast,0
840,28/6/2024,29/6/2024 3:00,3,ภูชี้ฟ้า,19.851383,100.453975,18.2,90,0,Overcast,0
841,29/6/2024,29/6/2024 21:00,21,ภูชี้ฟ้า,19.851383,100.453975,19.9,81,0,Overcast,0
842,29/6/2024,29/6/2024 22:00,22,ภูชี้ฟ้า,19.851383,100.453975,19.2,84,0,Overcast,0
843,29/6/2024,29/6/2024 23:00,23,ภูชี้ฟ้า,19.851383,100.453975,18.4,88,0,Overcast,0
844,29/6/2024,30/6/2024 0:00,0,ภูชี้ฟ้า,19.851383,100.453975,17.9,91,0,Overcast,0
845,29/6/2024,30/6/2024 1:00,1,ภูชี้ฟ้า,19.851383,100.453975,17.1,94,1.3,Light Rain,0
846,29/6/2024,30/6/2024 2:00,2,ภูชี้ฟ้า,19.851383,100.453975,16.4,100,5.4,Rain,0
847,29/6/2024,30/6/2024 3:00,3,ภูชี้ฟ้า,19.851383,100.453975,16.5,98,0.1,Light Drizzle,0
848,30/6/2024,30/6/2024 21:00,21,ภูชี้ฟ้า,19.851383,100.453975,18.6,90,0.1,Light Drizzle,0
849,30/6/2024,30/6/2024 22:00,22,ภูชี้ฟ้า,19.851383,100.453975,18.4,90,0.1,Light Drizzle,0
850,30/6/2024,30/6/2024 23:00,23,ภูชี้ฟ้า,19.851383,100.453975,18,91,0.1,Light Drizzle,0
851,30/6/2024,1/7/2024 0:00,0,ภูชี้ฟ้า,19.851383,100.453975,17.7,93,0,Overcast,0
852,30/6/2024,1/7/2024 1:00,1,ภูชี้ฟ้า,19.851383,100.453975,17.5,96,0,Overcast,0
853,30/6/2024,1/7/2024 2:00,2,ภูชี้ฟ้า,19.851383,100.453975,17.5,96,0,Overcast,0
854,30/6/2024,1/7/2024 3:00,3,ภูชี้ฟ้า,19.851383,100.453975,17.2,97,0,Overcast,0
855,1/7/2024,1/7/2024 21:00,21,ภูชี้ฟ้า,19.851383,100.453975,18.1,93,0,Overcast,0
856,1/7/2024,1/7/2024 22:00,22,ภูชี้ฟ้า,19.851383,100.453975,17.9,93,0,Overcast,0
857,1/7/2024,1/7/2024 23:00,23,ภูชี้ฟ้า,19.851383,100.453975,17.7,91,0,Overcast,0
858,1/7/2024,2/7/2024 0:00,0,ภูชี้ฟ้า,19.851383,100.453975,17.3,92,0,Overcast,0
859,1/7/2024,2/7/2024 1:00,1,ภูชี้ฟ้า,19.851383,100.453975,16.9,94,0,Overcast,0
860,1/7/2024,2/7/2024 2:00,2,ภูชี้ฟ้า,19.851383,100.453975,16.7,95,0,Overcast,0
861,1/7/2024,2/7/2024 3:00,3,ภูชี้ฟ้า,19.851383,100.453975,16.5,96,0,Overcast,0
862,2/7/2024,2/7/2024 21:00,21,ภูชี้ฟ้า,19.851383,100.453975,18.9,85,0,Overcast,0
863,2/7/2024,2/7/2024 22:00,22,ภูชี้ฟ้า,19.851383,100.453975,18.8,85,0,Overcast,0
864,2/7/2024,2/7/2024 23:00,23,ภูชี้ฟ้า,19.851383,100.453975,18.6,85,0,Overcast,0
865,2/7/2024,3/7/2024 0:00,0,ภูชี้ฟ้า,19.851383,100.453975,18.3,86,0,Overcast,0
866,2/7/2024,3/7/2024 1:00,1,ภูชี้ฟ้า,19.851383,100.453975,17.9,87,0,Overcast,0
867,2/7/2024,3/7/2024 2:00,2,ภูชี้ฟ้า,19.851383,100.453975,17.7,88,0,Overcast,0
868,2/7/2024,3/7/2024 3:00,3,ภูชี้ฟ้า,19.851383,100.453975,17.5,89,0,Overcast,0
869,3/7/2024,3/7/2024 21:00,21,ภูชี้ฟ้า,19.851383,100.453975,17.9,95,1,Heavy Drizzle,0
870,3/7/2024,3/7/2024 22:00,22,ภูชี้ฟ้า,19.851383,100.453975,17.4,100,2.6,Rain,0
871,3/7/2024,3/7/2024 23:00,23,ภูชี้ฟ้า,19.851383,100.453975,17.4,100,1.2,Heavy Drizzle,0
872,3/7/2024,4/7/2024 0:00,0,ภูชี้ฟ้า,19.851383,100.453975,17.2,100,0.7,Drizzle,0
873,3/7/2024,4/7/2024 1:00,1,ภูชี้ฟ้า,19.851383,100.453975,16.7,100,3.3,Rain,0
874,3/7/2024,4/7/2024 2:00,2,ภูชี้ฟ้า,19.851383,100.453975,16.7,100,1.8,Light Rain,0
875,3/7/2024,4/7/2024 3:00,3,ภูชี้ฟ้า,19.851383,100.453975,16.2,100,1.8,Light Rain,0
876,4/7/2024,4/7/2024 21:00,21,ภูชี้ฟ้า,19.851383,100.453975,17.5,100,0,Overcast,0
877,4/7/2024,4/7/2024 22:00,22,ภูชี้ฟ้า,19.851383,100.453975,17.4,100,0.7,Drizzle,0
878,4/7/2024,4/7/2024 23:00,23,ภูชี้ฟ้า,19.851383,100.453975,16.8,98,1.8,Light Rain,0
879,4/7/2024,5/7/2024 0:00,0,ภูชี้ฟ้า,19.851383,100.453975,16.8,100,1.9,Light Rain,0
880,4/7/2024,5/7/2024 1:00,1,ภูชี้ฟ้า,19.851383,100.453975,16.5,100,0,Overcast,0
881,4/7/2024,5/7/2024 2:00,2,ภูชี้ฟ้า,19.851383,100.453975,16.2,100,0.3,Light Drizzle,0
882,4/7/2024,5/7/2024 3:00,3,ภูชี้ฟ้า,19.851383,100.453975,15.9,100,0.1,Light Drizzle,0
883,5/7/2024,5/7/2024 21:00,21,ภูชี้ฟ้า,19.851383,100.453975,17.5,98,0,Overcast,0
884,5/7/2024,5/7/2024 22:00,22,ภูชี้ฟ้า,19.851383,100.453975,17.5,97,0,Overcast,0
885,5/7/2024,5/7/2024 23:00,23,ภูชี้ฟ้า,19.851383,100.453975,17.5,95,0,Overcast,0
886,5/7/2024,6/7/2024 0:00,0,ภูชี้ฟ้า,19.851383,100.453975,17.1,96,0,Overcast,0
887,5/7/2024,6/7/2024 1:00,1,ภูชี้ฟ้า,19.851383,100.453975,17.1,94,0.5,Drizzle,0
888,5/7/2024,6/7/2024 2:00,2,ภูชี้ฟ้า,19.851383,100.453975,16.7,97,0.1,Light Drizzle,0
889,5/7/2024,6/7/2024 3:00,3,ภูชี้ฟ้า,19.851383,100.453975,16.3,98,0,Overcast,0
890,6/7/2024,6/7/2024 21:00,21,ภูชี้ฟ้า,19.851383,100.453975,17.4,98,0,Overcast,0
891,6/7/2024,6/7/2024 22:00,22,ภูชี้ฟ้า,19.851383,100.453975,17.4,97,0,Overcast,0
892,6/7/2024,6/7/2024 23:00,23,ภูชี้ฟ้า,19.851383,100.453975,16.8,97,0,Mainly Clear,0
893,6/7/2024,7/7/2024 0:00,0,ภูชี้ฟ้า,19.851383,100.453975,17,95,0,Mainly Clear,0
894,6/7/2024,7/7/2024 1:00,1,ภูชี้ฟ้า,19.851383,100.453975,17.8,92,0,Mainly Clear,0
895,6/7/2024,7/7/2024 2:00,2,ภูชี้ฟ้า,19.851383,100.453975,17.9,90,0,Mainly Clear,0
896,6/7/2024,7/7/2024 3:00,3,ภูชี้ฟ้า,19.851383,100.453975,16.7,94,0.9,Drizzle,0
897,7/7/2024,7/7/2024 21:00,21,ภูชี้ฟ้า,19.851383,100.453975,18.6,94,0,Overcast,0
898,7/7/2024,7/7/2024 22:00,22,ภูชี้ฟ้า,19.851383,100.453975,18.2,96,0,Overcast,0
899,7/7/2024,7/7/2024 23:00,23,ภูชี้ฟ้า,19.851383,100.453975,17.8,98,0,Overcast,0
900,7/7/2024,8/7/2024 0:00,0,ภูชี้ฟ้า,19.851383,100.453975,17.6,99,0,Overcast,0
901,7/7/2024,8/7/2024 1:00,1,ภูชี้ฟ้า,19.851383,100.453975,17.4,99,0,Clear,0
902,7/7/2024,8/7/2024 2:00,2,ภูชี้ฟ้า,19.851383,100.453975,17.2,97,0.3,Light Drizzle,0
903,7/7/2024,8/7/2024 3:00,3,ภูชี้ฟ้า,19.851383,100.453975,16.9,94,1.1,Heavy Drizzle,0
904,8/7/2024,8/7/2024 21:00,21,ภูชี้ฟ้า,19.851383,100.453975,19.2,87,0,Partly Cloudy,0
905,8/7/2024,8/7/2024 22:00,22,ภูชี้ฟ้า,19.851383,100.453975,18.9,87,0,Overcast,0
906,8/7/2024,8/7/2024 23:00,23,ภูชี้ฟ้า,19.851383,100.453975,18.6,87,0,Partly Cloudy,0
907,8/7/2024,9/7/2024 0:00,0,ภูชี้ฟ้า,19.851383,100.453975,18.4,87,0,Overcast,0
908,8/7/2024,9/7/2024 1:00,1,ภูชี้ฟ้า,19.851383,100.453975,17.8,89,0,Partly Cloudy,0
909,8/7/2024,9/7/2024 2:00,2,ภูชี้ฟ้า,19.851383,100.453975,17.2,92,1.1,Heavy Drizzle,0
910,8/7/2024,9/7/2024 3:00,3,ภูชี้ฟ้า,19.851383,100.453975,16.8,98,0.2,Light Drizzle,0
911,9/7/2024,9/7/2024 21:00,21,ภูชี้ฟ้า,19.851383,100.453975,18.7,87,0,Overcast,0
912,9/7/2024,9/7/2024 22:00,22,ภูชี้ฟ้า,19.851383,100.453975,18.7,86,0,Overcast,0
913,9/7/2024,9/7/2024 23:00,23,ภูชี้ฟ้า,19.851383,100.453975,18.5,85,0,Overcast,0
914,9/7/2024,10/7/2024 0:00,0,ภูชี้ฟ้า,19.851383,100.453975,18.1,85,0,Overcast,0
915,9/7/2024,10/7/2024 1:00,1,ภูชี้ฟ้า,19.851383,100.453975,17.8,86,0,Overcast,0
916,9/7/2024,10/7/2024 2:00,2,ภูชี้ฟ้า,19.851383,100.453975,17.6,88,0,Overcast,0
917,9/7/2024,10/7/2024 3:00,3,ภูชี้ฟ้า,19.851383,100.453975,17.5,90,0,Overcast,0
918,10/7/2024,10/7/2024 21:00,21,ภูชี้ฟ้า,19.851383,100.453975,19.8,80,0,Overcast,1
919,10/7/2024,10/7/2024 22:00,22,ภูชี้ฟ้า,19.851383,100.453975,17.7,89,4.1,Rain,0
920,10/7/2024,10/7/2024 23:00,23,ภูชี้ฟ้า,19.851383,100.453975,16.7,100,1.4,Light Rain,0
921,10/7/2024,11/7/2024 0:00,0,ภูชี้ฟ้า,19.851383,100.453975,16.4,100,1.1,Heavy Drizzle,0
922,10/7/2024,11/7/2024 1:00,1,ภูชี้ฟ้า,19.851383,100.453975,16.4,100,0.6,Drizzle,0
923,10/7/2024,11/7/2024 2:00,2,ภูชี้ฟ้า,19.851383,100.453975,16.5,100,1.1,Heavy Drizzle,0
924,10/7/2024,11/7/2024 3:00,3,ภูชี้ฟ้า,19.851383,100.453975,16.4,100,0.3,Light Drizzle,0
925,11/7/2024,11/7/2024 21:00,21,ภูชี้ฟ้า,19.851383,100.453975,18.7,89,0,Overcast,0
926,11/7/2024,11/7/2024 22:00,22,ภูชี้ฟ้า,19.851383,100.453975,18.3,89,0,Overcast,0
927,11/7/2024,11/7/2024 23:00,23,ภูชี้ฟ้า,19.851383,100.453975,18.2,89,0,Overcast,0
928,11/7/2024,12/7/2024 0:00,0,ภูชี้ฟ้า,19.851383,100.453975,16.4,97,4.2,Rain,0
929,11/7/2024,12/7/2024 1:00,1,ภูชี้ฟ้า,19.851383,100.453975,16.3,100,1.2,Heavy Drizzle,0
930,11/7/2024,12/7/2024 2:00,2,ภูชี้ฟ้า,19.851383,100.453975,16.1,100,2.4,Light Rain,0
931,11/7/2024,12/7/2024 3:00,3,ภูชี้ฟ้า,19.851383,100.453975,16.1,100,0.2,Light Drizzle,0
932,12/7/2024,12/7/2024 21:00,21,ภูชี้ฟ้า,19.851383,100.453975,19.1,88,0,Overcast,0
933,12/7/2024,12/7/2024 22:00,22,ภูชี้ฟ้า,19.851383,100.453975,18.9,85,0,Overcast,0
934,12/7/2024,12/7/2024 23:00,23,ภูชี้ฟ้า,19.851383,100.453975,18.4,87,0,Overcast,0
935,12/7/2024,13/7/2024 0:00,0,ภูชี้ฟ้า,19.851383,100.453975,17.9,88,0,Overcast,0
936,12/7/2024,13/7/2024 1:00,1,ภูชี้ฟ้า,19.851383,100.453975,17.6,91,0,Overcast,0
937,12/7/2024,13/7/2024 2:00,2,ภูชี้ฟ้า,19.851383,100.453975,17.3,93,0,Overcast,0
938,12/7/2024,13/7/2024 3:00,3,ภูชี้ฟ้า,19.851383,100.453975,16.5,97,1.5,Light Rain,0
939,13/7/2024,13/7/2024 21:00,21,ภูชี้ฟ้า,19.851383,100.453975,19.1,87,0,Overcast,0
940,13/7/2024,13/7/2024 22:00,22,ภูชี้ฟ้า,19.851383,100.453975,19.1,85,0,Overcast,0
941,13/7/2024,13/7/2024 23:00,23,ภูชี้ฟ้า,19.851383,100.453975,18.8,86,0,Overcast,0
942,13/7/2024,14/7/2024 0:00,0,ภูชี้ฟ้า,19.851383,100.453975,18.3,88,0,Overcast,0
943,13/7/2024,14/7/2024 1:00,1,ภูชี้ฟ้า,19.851383,100.453975,17.9,90,0,Overcast,0
944,13/7/2024,14/7/2024 2:00,2,ภูชี้ฟ้า,19.851383,100.453975,17.4,93,0,Overcast,0
945,13/7/2024,14/7/2024 3:00,3,ภูชี้ฟ้า,19.851383,100.453975,17.1,94,0.1,Light Drizzle,0
946,14/7/2024,14/7/2024 21:00,21,ภูชี้ฟ้า,19.851383,100.453975,19.7,83,0,Overcast,0
947,14/7/2024,14/7/2024 22:00,22,ภูชี้ฟ้า,19.851383,100.453975,19.4,82,0,Overcast,0
948,14/7/2024,14/7/2024 23:00,23,ภูชี้ฟ้า,19.851383,100.453975,19.6,80,0,Overcast,0
949,14/7/2024,15/7/2024 0:00,0,ภูชี้ฟ้า,19.851383,100.453975,18.1,86,0,Overcast,0
950,14/7/2024,15/7/2024 1:00,1,ภูชี้ฟ้า,19.851383,100.453975,17,93,0,Overcast,0
951,14/7/2024,15/7/2024 2:00,2,ภูชี้ฟ้า,19.851383,100.453975,16.9,95,0,Overcast,0
952,14/7/2024,15/7/2024 3:00,3,ภูชี้ฟ้า,19.851383,100.453975,16.8,97,0,Overcast,0
953,15/7/2024,15/7/2024 21:00,21,ภูชี้ฟ้า,19.851383,100.453975,18.6,98,0,Overcast,0
954,15/7/2024,15/7/2024 22:00,22,ภูชี้ฟ้า,19.851383,100.453975,18.4,98,0,Overcast,0
955,15/7/2024,15/7/2024 23:00,23,ภูชี้ฟ้า,19.851383,100.453975,18.4,95,0,Overcast,0
956,15/7/2024,16/7/2024 0:00,0,ภูชี้ฟ้า,19.851383,100.453975,18,95,0.3,Light Drizzle,0
957,15/7/2024,16/7/2024 1:00,1,ภูชี้ฟ้า,19.851383,100.453975,17.2,100,5.6,Rain,0
958,15/7/2024,16/7/2024 2:00,2,ภูชี้ฟ้า,19.851383,100.453975,17,100,0.5,Drizzle,0
959,15/7/2024,16/7/2024 3:00,3,ภูชี้ฟ้า,19.851383,100.453975,16.7,100,1.6,Light Rain,0
960,16/7/2024,16/7/2024 21:00,21,ภูชี้ฟ้า,19.851383,100.453975,19.2,94,0,Overcast,0
961,16/7/2024,16/7/2024 22:00,22,ภูชี้ฟ้า,19.851383,100.453975,18.8,95,0,Overcast,0
962,16/7/2024,16/7/2024 23:00,23,ภูชี้ฟ้า,19.851383,100.453975,18.5,97,0,Overcast,0
963,16/7/2024,17/7/2024 0:00,0,ภูชี้ฟ้า,19.851383,100.453975,17.9,97,0.4,Light Drizzle,0
964,16/7/2024,17/7/2024 1:00,1,ภูชี้ฟ้า,19.851383,100.453975,17.3,100,1,Heavy Drizzle,0
965,16/7/2024,17/7/2024 2:00,2,ภูชี้ฟ้า,19.851383,100.453975,17.1,100,2.2,Light Rain,0
966,16/7/2024,17/7/2024 3:00,3,ภูชี้ฟ้า,19.851383,100.453975,16.4,100,2.7,Rain,0
967,17/7/2024,17/7/2024 21:00,21,ภูชี้ฟ้า,19.851383,100.453975,18,99,0,Overcast,0
968,17/7/2024,17/7/2024 22:00,22,ภูชี้ฟ้า,19.851383,100.453975,18,96,0,Overcast,0
969,17/7/2024,17/7/2024 23:00,23,ภูชี้ฟ้า,19.851383,100.453975,17.8,94,0,Overcast,0
970,17/7/2024,18/7/2024 0:00,0,ภูชี้ฟ้า,19.851383,100.453975,17.1,100,1.7,Light Rain,0
971,17/7/2024,18/7/2024 1:00,1,ภูชี้ฟ้า,19.851383,100.453975,17.2,97,0,Overcast,0
972,17/7/2024,18/7/2024 2:00,2,ภูชี้ฟ้า,19.851383,100.453975,17.1,100,0.6,Drizzle,0
973,17/7/2024,18/7/2024 3:00,3,ภูชี้ฟ้า,19.851383,100.453975,16.9,100,0.3,Light Drizzle,0
974,18/7/2024,18/7/2024 21:00,21,ภูชี้ฟ้า,19.851383,100.453975,18.2,98,0,Overcast,0
975,18/7/2024,18/7/2024 22:00,22,ภูชี้ฟ้า,19.851383,100.453975,17.8,99,0,Overcast,0
976,18/7/2024,18/7/2024 23:00,23,ภูชี้ฟ้า,19.851383,100.453975,17.7,97,0,Overcast,0
977,18/7/2024,19/7/2024 0:00,0,ภูชี้ฟ้า,19.851383,100.453975,17.8,95,0,Overcast,0
978,18/7/2024,19/7/2024 1:00,1,ภูชี้ฟ้า,19.851383,100.453975,17.3,97,0,Overcast,0
979,18/7/2024,19/7/2024 2:00,2,ภูชี้ฟ้า,19.851383,100.453975,16.9,98,0,Overcast,0
980,18/7/2024,19/7/2024 3:00,3,ภูชี้ฟ้า,19.851383,100.453975,16.7,98,0,Overcast,0
981,19/7/2024,19/7/2024 21:00,21,ภูชี้ฟ้า,19.851383,100.453975,17.5,100,0.2,Light Drizzle,0
982,19/7/2024,19/7/2024 22:00,22,ภูชี้ฟ้า,19.851383,100.453975,17.4,100,0.4,Light Drizzle,0
983,19/7/2024,19/7/2024 23:00,23,ภูชี้ฟ้า,19.851383,100.453975,17.1,100,3.8,Rain,0
984,19/7/2024,20/7/2024 0:00,0,ภูชี้ฟ้า,19.851383,100.453975,17.1,100,1.9,Light Rain,0
985,19/7/2024,20/7/2024 1:00,1,ภูชี้ฟ้า,19.851383,100.453975,17.2,100,0.3,Light Drizzle,0
986,19/7/2024,20/7/2024 2:00,2,ภูชี้ฟ้า,19.851383,100.453975,17.1,100,0.2,Light Drizzle,0
987,19/7/2024,20/7/2024 3:00,3,ภูชี้ฟ้า,19.851383,100.453975,16.9,100,0.2,Light Drizzle,0
988,20/7/2024,20/7/2024 21:00,21,ภูชี้ฟ้า,19.851383,100.453975,17.4,97,0.1,Light Drizzle,0
989,20/7/2024,20/7/2024 22:00,22,ภูชี้ฟ้า,19.851383,100.453975,17.4,97,0.1,Light Drizzle,0
990,20/7/2024,20/7/2024 23:00,23,ภูชี้ฟ้า,19.851383,100.453975,17.4,96,0.1,Light Drizzle,0
991,20/7/2024,21/7/2024 0:00,0,ภูชี้ฟ้า,19.851383,100.453975,17.2,96,0.1,Light Drizzle,0
992,20/7/2024,21/7/2024 1:00,1,ภูชี้ฟ้า,19.851383,100.453975,17,97,0.1,Light Drizzle,0
993,20/7/2024,21/7/2024 2:00,2,ภูชี้ฟ้า,19.851383,100.453975,16.8,97,0,Overcast,0
994,20/7/2024,21/7/2024 3:00,3,ภูชี้ฟ้า,19.851383,100.453975,16.6,98,0,Overcast,0
995,21/7/2024,21/7/2024 21:00,21,ภูชี้ฟ้า,19.851383,100.453975,17.2,99,0.1,Light Drizzle,0
996,21/7/2024,21/7/2024 22:00,22,ภูชี้ฟ้า,19.851383,100.453975,16.8,99,0.2,Light Drizzle,0
997,21/7/2024,21/7/2024 23:00,23,ภูชี้ฟ้า,19.851383,100.453975,17.1,98,0.1,Light Drizzle,0
998,21/7/2024,22/7/2024 0:00,0,ภูชี้ฟ้า,19.851383,100.453975,17.2,97,0.1,Light Drizzle,0
999,21/7/2024,22/7/2024 1:00,1,ภูชี้ฟ้า,19.851383,100.453975,17,98,0.2,Light Drizzle,0
1000,21/7/2024,22/7/2024 2:00,2,ภูชี้ฟ้า,19.851383,100.453975,16.8,100,0.2,Light Drizzle,0
1001,21/7/2024,22/7/2024 3:00,3,ภูชี้ฟ้า,19.851383,100.453975,16.7,100,0.2,Light Drizzle,0
1002,22/7/2024,22/7/2024 21:00,21,ภูชี้ฟ้า,19.851383,100.453975,17.4,99,1.2,Heavy Drizzle,0
1003,22/7/2024,22/7/2024 22:00,22,ภูชี้ฟ้า,19.851383,100.453975,17.2,100,1.1,Heavy Drizzle,0
1004,22/7/2024,22/7/2024 23:00,23,ภูชี้ฟ้า,19.851383,100.453975,17.1,100,0.8,Drizzle,0
1005,22/7/2024,23/7/2024 0:00,0,ภูชี้ฟ้า,19.851383,100.453975,17,100,0.6,Drizzle,0
1006,22/7/2024,23/7/2024 1:00,1,ภูชี้ฟ้า,19.851383,100.453975,16.9,100,0.2,Light Drizzle,0
1007,22/7/2024,23/7/2024 2:00,2,ภูชี้ฟ้า,19.851383,100.453975,16.6,100,0.6,Drizzle,0
1008,22/7/2024,23/7/2024 3:00,3,ภูชี้ฟ้า,19.851383,100.453975,16.5,100,3.8,Rain,0
1009,23/7/2024,23/7/2024 21:00,21,ภูชี้ฟ้า,19.851383,100.453975,18.3,91,0,Overcast,0
1010,23/7/2024,23/7/2024 22:00,22,ภูชี้ฟ้า,19.851383,100.453975,18.1,92,0,Overcast,0
1011,23/7/2024,23/7/2024 23:00,23,ภูชี้ฟ้า,19.851383,100.453975,17.9,92,0,Overcast,0
1012,23/7/2024,24/7/2024 0:00,0,ภูชี้ฟ้า,19.851383,100.453975,17.6,93,0,Overcast,0
1013,23/7/2024,24/7/2024 1:00,1,ภูชี้ฟ้า,19.851383,100.453975,17.5,93,0,Overcast,0
1014,23/7/2024,24/7/2024 2:00,2,ภูชี้ฟ้า,19.851383,100.453975,17.2,94,0,Overcast,0
1015,23/7/2024,24/7/2024 3:00,3,ภูชี้ฟ้า,19.851383,100.453975,17,96,0,Overcast,0
1016,24/7/2024,24/7/2024 21:00,21,ภูชี้ฟ้า,19.851383,100.453975,17.2,100,4.1,Rain,0
1017,24/7/2024,24/7/2024 22:00,22,ภูชี้ฟ้า,19.851383,100.453975,17.1,100,1.3,Light Rain,0
1018,24/7/2024,24/7/2024 23:00,23,ภูชี้ฟ้า,19.851383,100.453975,16.8,100,0.3,Light Drizzle,0
1019,24/7/2024,25/7/2024 0:00,0,ภูชี้ฟ้า,19.851383,100.453975,16.9,100,0.3,Light Drizzle,0
1020,24/7/2024,25/7/2024 1:00,1,ภูชี้ฟ้า,19.851383,100.453975,16.9,100,0.2,Light Drizzle,0
1021,24/7/2024,25/7/2024 2:00,2,ภูชี้ฟ้า,19.851383,100.453975,16.9,100,0,Overcast,0
1022,24/7/2024,25/7/2024 3:00,3,ภูชี้ฟ้า,19.851383,100.453975,16.8,100,0,Overcast,0
1023,25/7/2024,25/7/2024 21:00,21,ภูชี้ฟ้า,19.851383,100.453975,18.3,89,0,Overcast,0
1024,25/7/2024,25/7/2024 22:00,22,ภูชี้ฟ้า,19.851383,100.453975,18.1,90,0,Overcast,0
1025,25/7/2024,25/7/2024 23:00,23,ภูชี้ฟ้า,19.851383,100.453975,17.7,91,0,Overcast,0
1026,25/7/2024,26/7/2024 0:00,0,ภูชี้ฟ้า,19.851383,100.453975,17.5,93,0,Overcast,0
1027,25/7/2024,26/7/2024 1:00,1,ภูชี้ฟ้า,19.851383,100.453975,17.1,95,0,Overcast,0
1028,25/7/2024,26/7/2024 2:00,2,ภูชี้ฟ้า,19.851383,100.453975,16.9,97,0,Overcast,0
1029,25/7/2024,26/7/2024 3:00,3,ภูชี้ฟ้า,19.851383,100.453975,16.6,99,0,Overcast,0
1030,26/7/2024,26/7/2024 21:00,21,ภูชี้ฟ้า,19.851383,100.453975,17.8,91,0,Partly Cloudy,0
1031,26/7/2024,26/7/2024 22:00,22,ภูชี้ฟ้า,19.851383,100.453975,17.6,92,0,Overcast,0
1032,26/7/2024,26/7/2024 23:00,23,ภูชี้ฟ้า,19.851383,100.453975,17.3,93,0,Overcast,0
1033,26/7/2024,27/7/2024 0:00,0,ภูชี้ฟ้า,19.851383,100.453975,17,96,0,Overcast,0
1034,26/7/2024,27/7/2024 1:00,1,ภูชี้ฟ้า,19.851383,100.453975,16.8,97,0,Overcast,0
1035,26/7/2024,27/7/2024 2:00,2,ภูชี้ฟ้า,19.851383,100.453975,16.7,99,0,Overcast,0
1036,26/7/2024,27/7/2024 3:00,3,ภูชี้ฟ้า,19.851383,100.453975,16.5,99,0,Overcast,0
1037,27/7/2024,27/7/2024 21:00,21,ภูชี้ฟ้า,19.851383,100.453975,18.8,87,0,Overcast,0
1038,27/7/2024,27/7/2024 22:00,22,ภูชี้ฟ้า,19.851383,100.453975,18.9,86,0,Overcast,0
1039,27/7/2024,27/7/2024 23:00,23,ภูชี้ฟ้า,19.851383,100.453975,18.7,86,0,Overcast,0
1040,27/7/2024,28/7/2024 0:00,0,ภูชี้ฟ้า,19.851383,100.453975,18.4,88,0,Overcast,0
1041,27/7/2024,28/7/2024 1:00,1,ภูชี้ฟ้า,19.851383,100.453975,17.9,91,0,Overcast,0
1042,27/7/2024,28/7/2024 2:00,2,ภูชี้ฟ้า,19.851383,100.453975,17.7,92,0,Overcast,0
1043,27/7/2024,28/7/2024 3:00,3,ภูชี้ฟ้า,19.851383,100.453975,17.4,93,0,Overcast,0
1044,28/7/2024,28/7/2024 21:00,21,ภูชี้ฟ้า,19.851383,100.453975,18.4,90,0,Overcast,0
1045,28/7/2024,28/7/2024 22:00,22,ภูชี้ฟ้า,19.851383,100.453975,17.9,92,0,Overcast,0
1046,28/7/2024,28/7/2024 23:00,23,ภูชี้ฟ้า,19.851383,100.453975,17.8,92,0,Overcast,0
1047,28/7/2024,29/7/2024 0:00,0,ภูชี้ฟ้า,19.851383,100.453975,17.4,93,0,Overcast,0
1048,28/7/2024,29/7/2024 1:00,1,ภูชี้ฟ้า,19.851383,100.453975,17,97,0,Overcast,0
1049,28/7/2024,29/7/2024 2:00,2,ภูชี้ฟ้า,19.851383,100.453975,16.8,98,0,Overcast,0
1050,28/7/2024,29/7/2024 3:00,3,ภูชี้ฟ้า,19.851383,100.453975,16.7,99,0,Overcast,0
1051,29/7/2024,29/7/2024 21:00,21,ภูชี้ฟ้า,19.851383,100.453975,17.4,100,0.2,Light Drizzle,0
1052,29/7/2024,29/7/2024 22:00,22,ภูชี้ฟ้า,19.851383,100.453975,17.3,100,0.2,Light Drizzle,0
1053,29/7/2024,29/7/2024 23:00,23,ภูชี้ฟ้า,19.851383,100.453975,17.2,100,0.2,Light Drizzle,0
1054,29/7/2024,30/7/2024 0:00,0,ภูชี้ฟ้า,19.851383,100.453975,16.9,100,0.1,Light Drizzle,0
1055,29/7/2024,30/7/2024 1:00,1,ภูชี้ฟ้า,19.851383,100.453975,16.8,100,0.1,Light Drizzle,0
1056,29/7/2024,30/7/2024 2:00,2,ภูชี้ฟ้า,19.851383,100.453975,16.8,100,0.3,Light Drizzle,0
1057,29/7/2024,30/7/2024 3:00,3,ภูชี้ฟ้า,19.851383,100.453975,16.7,100,0.3,Light Drizzle,0
1058,30/7/2024,30/7/2024 21:00,21,ภูชี้ฟ้า,19.851383,100.453975,16.6,100,1.4,Light Rain,0
1059,30/7/2024,30/7/2024 22:00,22,ภูชี้ฟ้า,19.851383,100.453975,16.6,100,1,Heavy Drizzle,0
1060,30/7/2024,30/7/2024 23:00,23,ภูชี้ฟ้า,19.851383,100.453975,16.5,100,1,Heavy Drizzle,0
1061,30/7/2024,31/7/2024 0:00,0,ภูชี้ฟ้า,19.851383,100.453975,16.5,100,1,Heavy Drizzle,0
1062,30/7/2024,31/7/2024 1:00,1,ภูชี้ฟ้า,19.851383,100.453975,16.4,100,0.8,Drizzle,0
1063,30/7/2024,31/7/2024 2:00,2,ภูชี้ฟ้า,19.851383,100.453975,16.4,100,1.8,Light Rain,0
1064,30/7/2024,31/7/2024 3:00,3,ภูชี้ฟ้า,19.851383,100.453975,16.3,100,1.7,Light Rain,0
1065,31/7/2024,31/7/2024 21:00,21,ภูชี้ฟ้า,19.851383,100.453975,16.4,100,0.6,Drizzle,0
1066,31/7/2024,31/7/2024 22:00,22,ภูชี้ฟ้า,19.851383,100.453975,16.2,100,0.7,Drizzle,0
1067,31/7/2024,31/7/2024 23:00,23,ภูชี้ฟ้า,19.851383,100.453975,16.2,100,0.5,Drizzle,0
1068,31/7/2024,1/8/2024 0:00,0,ภูชี้ฟ้า,19.851383,100.453975,16.2,100,1.1,Heavy Drizzle,0
1069,31/7/2024,1/8/2024 1:00,1,ภูชี้ฟ้า,19.851383,100.453975,16.2,100,1.6,Light Rain,0
1070,31/7/2024,1/8/2024 2:00,2,ภูชี้ฟ้า,19.851383,100.453975,16,100,1.4,Light Rain,0
1071,31/7/2024,1/8/2024 3:00,3,ภูชี้ฟ้า,19.851383,100.453975,15.9,100,2.3,Light Rain,0
1072,1/8/2024,1/8/2024 21:00,21,ภูชี้ฟ้า,19.851383,100.453975,16.5,100,2.4,Light Rain,0
1073,1/8/2024,1/8/2024 22:00,22,ภูชี้ฟ้า,19.851383,100.453975,16.5,100,1.7,Light Rain,0
1074,1/8/2024,1/8/2024 23:00,23,ภูชี้ฟ้า,19.851383,100.453975,16.6,100,1.6,Light Rain,0
1075,1/8/2024,2/8/2024 0:00,0,ภูชี้ฟ้า,19.851383,100.453975,16.3,100,2.2,Light Rain,0
1076,1/8/2024,2/8/2024 1:00,1,ภูชี้ฟ้า,19.851383,100.453975,16.1,100,2.4,Light Rain,0
1077,1/8/2024,2/8/2024 2:00,2,ภูชี้ฟ้า,19.851383,100.453975,16.1,100,3.8,Rain,0
1078,1/8/2024,2/8/2024 3:00,3,ภูชี้ฟ้า,19.851383,100.453975,16.1,100,3.8,Rain,0
1079,2/8/2024,2/8/2024 21:00,21,ภูชี้ฟ้า,19.851383,100.453975,16.3,96,0,Overcast,0
1080,2/8/2024,2/8/2024 22:00,22,ภูชี้ฟ้า,19.851383,100.453975,16.3,97,0.2,Light Drizzle,0
1081,2/8/2024,2/8/2024 23:00,23,ภูชี้ฟ้า,19.851383,100.453975,16.3,99,0,Overcast,0
1082,2/8/2024,3/8/2024 0:00,0,ภูชี้ฟ้า,19.851383,100.453975,16.1,99,0,Overcast,0
1083,2/8/2024,3/8/2024 1:00,1,ภูชี้ฟ้า,19.851383,100.453975,16,99,0,Overcast,0
1084,2/8/2024,3/8/2024 2:00,2,ภูชี้ฟ้า,19.851383,100.453975,15.9,99,0.3,Light Drizzle,0
1085,2/8/2024,3/8/2024 3:00,3,ภูชี้ฟ้า,19.851383,100.453975,16,100,0,Overcast,0
1086,3/8/2024,3/8/2024 21:00,21,ภูชี้ฟ้า,19.851383,100.453975,17.5,92,0.1,Light Drizzle,0
1087,3/8/2024,3/8/2024 22:00,22,ภูชี้ฟ้า,19.851383,100.453975,17.2,92,0,Overcast,0
1088,3/8/2024,3/8/2024 23:00,23,ภูชี้ฟ้า,19.851383,100.453975,16.7,96,0.1,Light Drizzle,0
1089,3/8/2024,4/8/2024 0:00,0,ภูชี้ฟ้า,19.851383,100.453975,15.9,100,7.6,Heavy Rain,0
1090,3/8/2024,4/8/2024 1:00,1,ภูชี้ฟ้า,19.851383,100.453975,16.1,100,2.1,Light Rain,0
1091,3/8/2024,4/8/2024 2:00,2,ภูชี้ฟ้า,19.851383,100.453975,15.7,100,1.7,Light Rain,0
1092,3/8/2024,4/8/2024 3:00,3,ภูชี้ฟ้า,19.851383,100.453975,15.5,100,4.4,Rain,0
1093,4/8/2024,4/8/2024 21:00,21,ภูชี้ฟ้า,19.851383,100.453975,18.2,88,0,Overcast,0
1094,4/8/2024,4/8/2024 22:00,22,ภูชี้ฟ้า,19.851383,100.453975,17.6,91,0,Overcast,0
1095,4/8/2024,4/8/2024 23:00,23,ภูชี้ฟ้า,19.851383,100.453975,17.1,91,1.3,Light Rain,0
1096,4/8/2024,5/8/2024 0:00,0,ภูชี้ฟ้า,19.851383,100.453975,16.5,100,0.4,Light Drizzle,0
1097,4/8/2024,5/8/2024 1:00,1,ภูชี้ฟ้า,19.851383,100.453975,16.4,100,0.2,Light Drizzle,0
1098,4/8/2024,5/8/2024 2:00,2,ภูชี้ฟ้า,19.851383,100.453975,16,100,1.1,Heavy Drizzle,0
1099,4/8/2024,5/8/2024 3:00,3,ภูชี้ฟ้า,19.851383,100.453975,15.8,100,1.9,Light Rain,0
1100,5/8/2024,5/8/2024 21:00,21,ภูชี้ฟ้า,19.851383,100.453975,17.3,97,0,Overcast,0
1101,5/8/2024,5/8/2024 22:00,22,ภูชี้ฟ้า,19.851383,100.453975,17,97,0,Overcast,0
1102,5/8/2024,5/8/2024 23:00,23,ภูชี้ฟ้า,19.851383,100.453975,17.2,94,0,Overcast,0
1103,5/8/2024,6/8/2024 0:00,0,ภูชี้ฟ้า,19.851383,100.453975,16.9,97,0,Overcast,0
1104,5/8/2024,6/8/2024 1:00,1,ภูชี้ฟ้า,19.851383,100.453975,16.4,97,0,Overcast,0
1105,5/8/2024,6/8/2024 2:00,2,ภูชี้ฟ้า,19.851383,100.453975,16,99,0,Overcast,0
1106,5/8/2024,6/8/2024 3:00,3,ภูชี้ฟ้า,19.851383,100.453975,15.8,100,0,Overcast,0
1107,6/8/2024,6/8/2024 21:00,21,ภูชี้ฟ้า,19.851383,100.453975,18.1,88,0,Overcast,0
1108,6/8/2024,6/8/2024 22:00,22,ภูชี้ฟ้า,19.851383,100.453975,18,88,0,Overcast,0
1109,6/8/2024,6/8/2024 23:00,23,ภูชี้ฟ้า,19.851383,100.453975,17.7,89,0,Overcast,0
1110,6/8/2024,7/8/2024 0:00,0,ภูชี้ฟ้า,19.851383,100.453975,17.8,88,0,Overcast,0
1111,6/8/2024,7/8/2024 1:00,1,ภูชี้ฟ้า,19.851383,100.453975,17.5,91,0,Overcast,0
1112,6/8/2024,7/8/2024 2:00,2,ภูชี้ฟ้า,19.851383,100.453975,17,95,0,Overcast,0
1113,6/8/2024,7/8/2024 3:00,3,ภูชี้ฟ้า,19.851383,100.453975,16.7,96,0,Overcast,0
1114,7/8/2024,7/8/2024 21:00,21,ภูชี้ฟ้า,19.851383,100.453975,19.2,83,0,Overcast,0
1115,7/8/2024,7/8/2024 22:00,22,ภูชี้ฟ้า,19.851383,100.453975,19,81,0,Overcast,0
1116,7/8/2024,7/8/2024 23:00,23,ภูชี้ฟ้า,19.851383,100.453975,18.7,82,0,Overcast,0
1117,7/8/2024,8/8/2024 0:00,0,ภูชี้ฟ้า,19.851383,100.453975,18.3,86,0,Overcast,0
1118,7/8/2024,8/8/2024 1:00,1,ภูชี้ฟ้า,19.851383,100.453975,17.9,90,0,Overcast,0
1119,7/8/2024,8/8/2024 2:00,2,ภูชี้ฟ้า,19.851383,100.453975,17.5,91,0,Overcast,0
1120,7/8/2024,8/8/2024 3:00,3,ภูชี้ฟ้า,19.851383,100.453975,17.1,92,0.2,Light Drizzle,0
1121,8/8/2024,8/8/2024 21:00,21,ภูชี้ฟ้า,19.851383,100.453975,18.4,86,0,Mainly Clear,0
1122,8/8/2024,8/8/2024 22:00,22,ภูชี้ฟ้า,19.851383,100.453975,18.5,86,0,Mainly Clear,0
1123,8/8/2024,8/8/2024 23:00,23,ภูชี้ฟ้า,19.851383,100.453975,18.7,85,0,Clear,0
1124,8/8/2024,9/8/2024 0:00,0,ภูชี้ฟ้า,19.851383,100.453975,18.6,84,0,Clear,0
1125,8/8/2024,9/8/2024 1:00,1,ภูชี้ฟ้า,19.851383,100.453975,18.4,85,0,Clear,0
1126,8/8/2024,9/8/2024 2:00,2,ภูชี้ฟ้า,19.851383,100.453975,18.2,86,0,Clear,0
1127,8/8/2024,9/8/2024 3:00,3,ภูชี้ฟ้า,19.851383,100.453975,18,88,0,Clear,0
1128,9/8/2024,9/8/2024 21:00,21,ภูชี้ฟ้า,19.851383,100.453975,19.8,79,0,Overcast,0
1129,9/8/2024,9/8/2024 22:00,22,ภูชี้ฟ้า,19.851383,100.453975,19.9,77,0,Overcast,0
1130,9/8/2024,9/8/2024 23:00,23,ภูชี้ฟ้า,19.851383,100.453975,19.7,77,0,Overcast,0
1131,9/8/2024,10/8/2024 0:00,0,ภูชี้ฟ้า,19.851383,100.453975,19.5,78,0,Overcast,0
1132,9/8/2024,10/8/2024 1:00,1,ภูชี้ฟ้า,19.851383,100.453975,19.3,81,0,Overcast,0
1133,9/8/2024,10/8/2024 2:00,2,ภูชี้ฟ้า,19.851383,100.453975,19,82,0,Overcast,0
1134,9/8/2024,10/8/2024 3:00,3,ภูชี้ฟ้า,19.851383,100.453975,18.7,84,0,Overcast,0
1135,10/8/2024,10/8/2024 21:00,21,ภูชี้ฟ้า,19.851383,100.453975,20.8,78,0,Overcast,0
1136,10/8/2024,10/8/2024 22:00,22,ภูชี้ฟ้า,19.851383,100.453975,20.7,77,0,Overcast,0
1137,10/8/2024,10/8/2024 23:00,23,ภูชี้ฟ้า,19.851383,100.453975,20.6,76,0,Overcast,0
1138,10/8/2024,11/8/2024 0:00,0,ภูชี้ฟ้า,19.851383,100.453975,19.8,80,0,Overcast,0
1139,10/8/2024,11/8/2024 1:00,1,ภูชี้ฟ้า,19.851383,100.453975,19.3,83,0,Overcast,0
1140,10/8/2024,11/8/2024 2:00,2,ภูชี้ฟ้า,19.851383,100.453975,19,84,0,Overcast,0
1141,10/8/2024,11/8/2024 3:00,3,ภูชี้ฟ้า,19.851383,100.453975,19.3,82,0,Overcast,0
1142,11/8/2024,11/8/2024 21:00,21,ภูชี้ฟ้า,19.851383,100.453975,18.4,90,5.4,Rain,0
1143,11/8/2024,11/8/2024 22:00,22,ภูชี้ฟ้า,19.851383,100.453975,18,100,0.3,Light Drizzle,0
1144,11/8/2024,11/8/2024 23:00,23,ภูชี้ฟ้า,19.851383,100.453975,18,99,1.8,Light Rain,0
1145,11/8/2024,12/8/2024 0:00,0,ภูชี้ฟ้า,19.851383,100.453975,17.8,99,0.4,Light Drizzle,0
1146,11/8/2024,12/8/2024 1:00,1,ภูชี้ฟ้า,19.851383,100.453975,17.8,99,0.2,Light Drizzle,0
1147,11/8/2024,12/8/2024 2:00,2,ภูชี้ฟ้า,19.851383,100.453975,17.6,99,0.2,Light Drizzle,0
1148,11/8/2024,12/8/2024 3:00,3,ภูชี้ฟ้า,19.851383,100.453975,17.5,99,0.1,Light Drizzle,0
1149,12/8/2024,12/8/2024 21:00,21,ภูชี้ฟ้า,19.851383,100.453975,17.3,100,0.3,Light Drizzle,0
1150,12/8/2024,12/8/2024 22:00,22,ภูชี้ฟ้า,19.851383,100.453975,17.3,100,0.8,Drizzle,0
1151,12/8/2024,12/8/2024 23:00,23,ภูชี้ฟ้า,19.851383,100.453975,16.9,100,1.9,Light Rain,0
1152,12/8/2024,13/8/2024 0:00,0,ภูชี้ฟ้า,19.851383,100.453975,16.8,100,2.6,Rain,0
1153,12/8/2024,13/8/2024 1:00,1,ภูชี้ฟ้า,19.851383,100.453975,16.7,100,2.2,Light Rain,0
1154,12/8/2024,13/8/2024 2:00,2,ภูชี้ฟ้า,19.851383,100.453975,16.6,100,3.4,Rain,0
1155,12/8/2024,13/8/2024 3:00,3,ภูชี้ฟ้า,19.851383,100.453975,16.7,100,2,Light Rain,0
1156,13/8/2024,13/8/2024 21:00,21,ภูชี้ฟ้า,19.851383,100.453975,16.7,100,0.9,Drizzle,0
1157,13/8/2024,13/8/2024 22:00,22,ภูชี้ฟ้า,19.851383,100.453975,16.6,100,0.2,Light Drizzle,0
1158,13/8/2024,13/8/2024 23:00,23,ภูชี้ฟ้า,19.851383,100.453975,16.5,100,0.5,Drizzle,0
1159,13/8/2024,14/8/2024 0:00,0,ภูชี้ฟ้า,19.851383,100.453975,16.4,100,0.2,Light Drizzle,0
1160,13/8/2024,14/8/2024 1:00,1,ภูชี้ฟ้า,19.851383,100.453975,16.4,100,0.5,Drizzle,0
1161,13/8/2024,14/8/2024 2:00,2,ภูชี้ฟ้า,19.851383,100.453975,16.3,100,0.1,Light Drizzle,0
1162,13/8/2024,14/8/2024 3:00,3,ภูชี้ฟ้า,19.851383,100.453975,16.2,100,0.2,Light Drizzle,0
1163,14/8/2024,14/8/2024 21:00,21,ภูชี้ฟ้า,19.851383,100.453975,17.6,100,0,Overcast,0
1164,14/8/2024,14/8/2024 22:00,22,ภูชี้ฟ้า,19.851383,100.453975,17.3,100,0,Overcast,0
1165,14/8/2024,14/8/2024 23:00,23,ภูชี้ฟ้า,19.851383,100.453975,17,100,0,Overcast,0
1166,14/8/2024,15/8/2024 0:00,0,ภูชี้ฟ้า,19.851383,100.453975,16.7,100,4.8,Rain,0
1167,14/8/2024,15/8/2024 1:00,1,ภูชี้ฟ้า,19.851383,100.453975,16.7,100,0.8,Drizzle,0
1168,14/8/2024,15/8/2024 2:00,2,ภูชี้ฟ้า,19.851383,100.453975,16.6,100,0.1,Light Drizzle,0
1169,14/8/2024,15/8/2024 3:00,3,ภูชี้ฟ้า,19.851383,100.453975,16.2,100,0.1,Light Drizzle,0
1170,15/8/2024,15/8/2024 21:00,21,ภูชี้ฟ้า,19.851383,100.453975,18.3,97,0,Overcast,0
1171,15/8/2024,15/8/2024 22:00,22,ภูชี้ฟ้า,19.851383,100.453975,17.6,94,0,Overcast,0
1172,15/8/2024,15/8/2024 23:00,23,ภูชี้ฟ้า,19.851383,100.453975,17.5,92,0,Overcast,0
1173,15/8/2024,16/8/2024 0:00,0,ภูชี้ฟ้า,19.851383,100.453975,17.6,92,0,Overcast,0
1174,15/8/2024,16/8/2024 1:00,1,ภูชี้ฟ้า,19.851383,100.453975,18.4,87,0,Overcast,0
1175,15/8/2024,16/8/2024 2:00,2,ภูชี้ฟ้า,19.851383,100.453975,18.7,86,0,Overcast,0
1176,15/8/2024,16/8/2024 3:00,3,ภูชี้ฟ้า,19.851383,100.453975,17.4,89,5,Rain,0
1177,16/8/2024,16/8/2024 21:00,21,ภูชี้ฟ้า,19.851383,100.453975,18,100,0.9,Drizzle,0
1178,16/8/2024,16/8/2024 22:00,22,ภูชี้ฟ้า,19.851383,100.453975,17.8,100,1.7,Light Rain,0
1179,16/8/2024,16/8/2024 23:00,23,ภูชี้ฟ้า,19.851383,100.453975,17.4,100,1.5,Light Rain,0
1180,16/8/2024,17/8/2024 0:00,0,ภูชี้ฟ้า,19.851383,100.453975,17.2,100,2.6,Rain,0
1181,16/8/2024,17/8/2024 1:00,1,ภูชี้ฟ้า,19.851383,100.453975,16.6,100,4.9,Rain,0
1182,16/8/2024,17/8/2024 2:00,2,ภูชี้ฟ้า,19.851383,100.453975,16.5,100,2.4,Light Rain,0
1183,16/8/2024,17/8/2024 3:00,3,ภูชี้ฟ้า,19.851383,100.453975,16.3,100,2.2,Light Rain,0
1184,17/8/2024,17/8/2024 21:00,21,ภูชี้ฟ้า,19.851383,100.453975,17.6,100,0.1,Light Drizzle,0
1185,17/8/2024,17/8/2024 22:00,22,ภูชี้ฟ้า,19.851383,100.453975,17.5,100,0.1,Light Drizzle,0
1186,17/8/2024,17/8/2024 23:00,23,ภูชี้ฟ้า,19.851383,100.453975,17.2,100,0.4,Light Drizzle,0
1187,17/8/2024,18/8/2024 0:00,0,ภูชี้ฟ้า,19.851383,100.453975,16.7,97,3.2,Rain,0
1188,17/8/2024,18/8/2024 1:00,1,ภูชี้ฟ้า,19.851383,100.453975,16.3,100,3.1,Rain,0
1189,17/8/2024,18/8/2024 2:00,2,ภูชี้ฟ้า,19.851383,100.453975,16.4,100,0.2,Light Drizzle,0
1190,17/8/2024,18/8/2024 3:00,3,ภูชี้ฟ้า,19.851383,100.453975,16.3,100,0.6,Drizzle,0
1191,18/8/2024,18/8/2024 21:00,21,ภูชี้ฟ้า,19.851383,100.453975,18.7,91,1.6,Light Rain,0
1192,18/8/2024,18/8/2024 22:00,22,ภูชี้ฟ้า,19.851383,100.453975,17.2,100,2.7,Rain,0
1193,18/8/2024,18/8/2024 23:00,23,ภูชี้ฟ้า,19.851383,100.453975,17.4,100,1.2,Heavy Drizzle,0
1194,18/8/2024,19/8/2024 0:00,0,ภูชี้ฟ้า,19.851383,100.453975,17.2,100,0.5,Drizzle,0
1195,18/8/2024,19/8/2024 1:00,1,ภูชี้ฟ้า,19.851383,100.453975,17,100,0.1,Light Drizzle,0
1196,18/8/2024,19/8/2024 2:00,2,ภูชี้ฟ้า,19.851383,100.453975,16.6,100,1.7,Light Rain,0
1197,18/8/2024,19/8/2024 3:00,3,ภูชี้ฟ้า,19.851383,100.453975,16.6,100,0.8,Drizzle,0
1198,19/8/2024,19/8/2024 21:00,21,ภูชี้ฟ้า,19.851383,100.453975,17.8,92,0.2,Light Drizzle,0
1199,19/8/2024,19/8/2024 22:00,22,ภูชี้ฟ้า,19.851383,100.453975,17.8,93,0.7,Drizzle,0
1200,19/8/2024,19/8/2024 23:00,23,ภูชี้ฟ้า,19.851383,100.453975,17.2,100,0.7,Drizzle,0
1201,19/8/2024,20/8/2024 0:00,0,ภูชี้ฟ้า,19.851383,100.453975,17.2,100,0.3,Light Drizzle,0
1202,19/8/2024,20/8/2024 1:00,1,ภูชี้ฟ้า,19.851383,100.453975,17.1,100,0.7,Drizzle,0
1203,19/8/2024,20/8/2024 2:00,2,ภูชี้ฟ้า,19.851383,100.453975,17,100,0.4,Light Drizzle,0
1204,19/8/2024,20/8/2024 3:00,3,ภูชี้ฟ้า,19.851383,100.453975,16.9,100,0.6,Drizzle,0
1205,20/8/2024,20/8/2024 21:00,21,ภูชี้ฟ้า,19.851383,100.453975,17.7,91,0.6,Drizzle,0
1206,20/8/2024,20/8/2024 22:00,22,ภูชี้ฟ้า,19.851383,100.453975,17.5,92,0.1,Light Drizzle,0
1207,20/8/2024,20/8/2024 23:00,23,ภูชี้ฟ้า,19.851383,100.453975,16.5,100,6.2,Rain,0
1208,20/8/2024,21/8/2024 0:00,0,ภูชี้ฟ้า,19.851383,100.453975,16.5,100,3.2,Rain,0
1209,20/8/2024,21/8/2024 1:00,1,ภูชี้ฟ้า,19.851383,100.453975,16.5,100,2.1,Light Rain,0
1210,20/8/2024,21/8/2024 2:00,2,ภูชี้ฟ้า,19.851383,100.453975,16.4,100,4.2,Rain,0
1211,20/8/2024,21/8/2024 3:00,3,ภูชี้ฟ้า,19.851383,100.453975,16.4,100,5.2,Rain,0
1212,21/8/2024,21/8/2024 21:00,21,ภูชี้ฟ้า,19.851383,100.453975,16.8,98,0.1,Light Drizzle,0
1213,21/8/2024,21/8/2024 22:00,22,ภูชี้ฟ้า,19.851383,100.453975,16.7,98,0.3,Light Drizzle,0
1214,21/8/2024,21/8/2024 23:00,23,ภูชี้ฟ้า,19.851383,100.453975,16.6,98,0.2,Light Drizzle,0
1215,21/8/2024,22/8/2024 0:00,0,ภูชี้ฟ้า,19.851383,100.453975,16.4,99,0.1,Light Drizzle,0
1216,21/8/2024,22/8/2024 1:00,1,ภูชี้ฟ้า,19.851383,100.453975,16.4,99,0,Overcast,0
1217,21/8/2024,22/8/2024 2:00,2,ภูชี้ฟ้า,19.851383,100.453975,16.4,99,0.1,Light Drizzle,0
1218,21/8/2024,22/8/2024 3:00,3,ภูชี้ฟ้า,19.851383,100.453975,16.3,100,1.2,Heavy Drizzle,0
1219,22/8/2024,22/8/2024 21:00,21,ภูชี้ฟ้า,19.851383,100.453975,16.6,95,0,Overcast,0
1220,22/8/2024,22/8/2024 22:00,22,ภูชี้ฟ้า,19.851383,100.453975,17,92,0,Overcast,0
1221,22/8/2024,22/8/2024 23:00,23,ภูชี้ฟ้า,19.851383,100.453975,17.5,89,0,Overcast,0
1222,22/8/2024,23/8/2024 0:00,0,ภูชี้ฟ้า,19.851383,100.453975,17.6,89,0,Overcast,0
1223,22/8/2024,23/8/2024 1:00,1,ภูชี้ฟ้า,19.851383,100.453975,17.4,87,0.1,Light Drizzle,0
1224,22/8/2024,23/8/2024 2:00,2,ภูชี้ฟ้า,19.851383,100.453975,17.1,88,0,Overcast,0
1225,22/8/2024,23/8/2024 3:00,3,ภูชี้ฟ้า,19.851383,100.453975,16.2,96,0.6,Drizzle,0
1226,23/8/2024,23/8/2024 21:00,21,ภูชี้ฟ้า,19.851383,100.453975,16,100,0,Overcast,0
1227,23/8/2024,23/8/2024 22:00,22,ภูชี้ฟ้า,19.851383,100.453975,15.8,100,0,Overcast,0
1228,23/8/2024,23/8/2024 23:00,23,ภูชี้ฟ้า,19.851383,100.453975,15.6,99,0.7,Drizzle,0
1229,23/8/2024,24/8/2024 0:00,0,ภูชี้ฟ้า,19.851383,100.453975,15.8,100,0.1,Light Drizzle,0
1230,23/8/2024,24/8/2024 1:00,1,ภูชี้ฟ้า,19.851383,100.453975,15.8,100,0.2,Light Drizzle,0
1231,23/8/2024,24/8/2024 2:00,2,ภูชี้ฟ้า,19.851383,100.453975,15.8,100,1.1,Heavy Drizzle,0
1232,23/8/2024,24/8/2024 3:00,3,ภูชี้ฟ้า,19.851383,100.453975,15.4,100,1.4,Light Rain,0
1233,24/8/2024,24/8/2024 21:00,21,ภูชี้ฟ้า,19.851383,100.453975,16.5,100,0.5,Drizzle,0
1234,24/8/2024,24/8/2024 22:00,22,ภูชี้ฟ้า,19.851383,100.453975,16.4,100,0.6,Drizzle,0
1235,24/8/2024,24/8/2024 23:00,23,ภูชี้ฟ้า,19.851383,100.453975,16.2,100,0.6,Drizzle,0
1236,24/8/2024,25/8/2024 0:00,0,ภูชี้ฟ้า,19.851383,100.453975,16,100,1.6,Light Rain,0
1237,24/8/2024,25/8/2024 1:00,1,ภูชี้ฟ้า,19.851383,100.453975,15.9,100,1,Heavy Drizzle,0
1238,24/8/2024,25/8/2024 2:00,2,ภูชี้ฟ้า,19.851383,100.453975,15.9,100,1.3,Light Rain,0
1239,24/8/2024,25/8/2024 3:00,3,ภูชี้ฟ้า,19.851383,100.453975,15.7,100,0.5,Drizzle,0
1240,25/8/2024,25/8/2024 21:00,21,ภูชี้ฟ้า,19.851383,100.453975,17.8,94,0,Overcast,0
1241,25/8/2024,25/8/2024 22:00,22,ภูชี้ฟ้า,19.851383,100.453975,17.7,94,0,Overcast,0
1242,25/8/2024,25/8/2024 23:00,23,ภูชี้ฟ้า,19.851383,100.453975,17.7,91,0,Overcast,0
1243,25/8/2024,26/8/2024 0:00,0,ภูชี้ฟ้า,19.851383,100.453975,17.3,94,0,Overcast,0
1244,25/8/2024,26/8/2024 1:00,1,ภูชี้ฟ้า,19.851383,100.453975,16.9,95,0,Overcast,0
1245,25/8/2024,26/8/2024 2:00,2,ภูชี้ฟ้า,19.851383,100.453975,16.7,96,0,Overcast,0
1246,25/8/2024,26/8/2024 3:00,3,ภูชี้ฟ้า,19.851383,100.453975,16.4,97,0,Overcast,0
1247,26/8/2024,26/8/2024 21:00,21,ภูชี้ฟ้า,19.851383,100.453975,18.1,100,0.1,Light Drizzle,0
1248,26/8/2024,26/8/2024 22:00,22,ภูชี้ฟ้า,19.851383,100.453975,18,100,0.2,Light Drizzle,0
1249,26/8/2024,26/8/2024 23:00,23,ภูชี้ฟ้า,19.851383,100.453975,17.4,100,0.2,Light Drizzle,0
1250,26/8/2024,27/8/2024 0:00,0,ภูชี้ฟ้า,19.851383,100.453975,17.2,94,2.3,Light Rain,0
1251,26/8/2024,27/8/2024 1:00,1,ภูชี้ฟ้า,19.851383,100.453975,16.7,100,0.3,Light Drizzle,0
1252,26/8/2024,27/8/2024 2:00,2,ภูชี้ฟ้า,19.851383,100.453975,16.5,100,1.7,Light Rain,0
1253,26/8/2024,27/8/2024 3:00,3,ภูชี้ฟ้า,19.851383,100.453975,16.3,100,0.2,Light Drizzle,0
1254,27/8/2024,27/8/2024 21:00,21,ภูชี้ฟ้า,19.851383,100.453975,16.5,100,0,Overcast,0
1255,27/8/2024,27/8/2024 22:00,22,ภูชี้ฟ้า,19.851383,100.453975,16.2,100,0,Overcast,0
1256,27/8/2024,27/8/2024 23:00,23,ภูชี้ฟ้า,19.851383,100.453975,16.3,100,0,Overcast,0
1257,27/8/2024,28/8/2024 0:00,0,ภูชี้ฟ้า,19.851383,100.453975,16,100,1.5,Light Rain,0
1258,27/8/2024,28/8/2024 1:00,1,ภูชี้ฟ้า,19.851383,100.453975,15.7,100,1,Heavy Drizzle,0
1259,27/8/2024,28/8/2024 2:00,2,ภูชี้ฟ้า,19.851383,100.453975,15.8,100,1.5,Light Rain,0
1260,27/8/2024,28/8/2024 3:00,3,ภูชี้ฟ้า,19.851383,100.453975,15.8,100,1,Heavy Drizzle,0
1261,28/8/2024,28/8/2024 21:00,21,ภูชี้ฟ้า,19.851383,100.453975,17.4,98,0,Overcast,0
1262,28/8/2024,28/8/2024 22:00,22,ภูชี้ฟ้า,19.851383,100.453975,16.9,97,0,Overcast,0
1263,28/8/2024,28/8/2024 23:00,23,ภูชี้ฟ้า,19.851383,100.453975,16.6,96,0,Mainly Clear,0
1264,28/8/2024,29/8/2024 0:00,0,ภูชี้ฟ้า,19.851383,100.453975,16.8,94,0,Partly Cloudy,0
1265,28/8/2024,29/8/2024 1:00,1,ภูชี้ฟ้า,19.851383,100.453975,16.7,94,0,Partly Cloudy,0
1266,28/8/2024,29/8/2024 2:00,2,ภูชี้ฟ้า,19.851383,100.453975,16.4,96,0.1,Light Drizzle,0
1267,28/8/2024,29/8/2024 3:00,3,ภูชี้ฟ้า,19.851383,100.453975,15.9,97,0.2,Light Drizzle,0
1268,29/8/2024,29/8/2024 21:00,21,ภูชี้ฟ้า,19.851383,100.453975,17.9,90,0,Partly Cloudy,0
1269,29/8/2024,29/8/2024 22:00,22,ภูชี้ฟ้า,19.851383,100.453975,18.1,89,0,Overcast,0
1270,29/8/2024,29/8/2024 23:00,23,ภูชี้ฟ้า,19.851383,100.453975,17.9,89,0,Mainly Clear,0
1271,29/8/2024,30/8/2024 0:00,0,ภูชี้ฟ้า,19.851383,100.453975,17.4,93,0,Mainly Clear,0
1272,29/8/2024,30/8/2024 1:00,1,ภูชี้ฟ้า,19.851383,100.453975,17,95,0,Partly Cloudy,0
1273,29/8/2024,30/8/2024 2:00,2,ภูชี้ฟ้า,19.851383,100.453975,16.9,95,0,Overcast,0
1274,29/8/2024,30/8/2024 3:00,3,ภูชี้ฟ้า,19.851383,100.453975,16.8,95,0,Overcast,0
1275,30/8/2024,30/8/2024 21:00,21,ภูชี้ฟ้า,19.851383,100.453975,19,86,0,Overcast,0
1276,30/8/2024,30/8/2024 22:00,22,ภูชี้ฟ้า,19.851383,100.453975,18.8,85,0,Overcast,0
1277,30/8/2024,30/8/2024 23:00,23,ภูชี้ฟ้า,19.851383,100.453975,18.5,85,0,Overcast,0
1278,30/8/2024,31/8/2024 0:00,0,ภูชี้ฟ้า,19.851383,100.453975,18.2,88,0,Overcast,0
1279,30/8/2024,31/8/2024 1:00,1,ภูชี้ฟ้า,19.851383,100.453975,17.8,90,0,Overcast,0
1280,30/8/2024,31/8/2024 2:00,2,ภูชี้ฟ้า,19.851383,100.453975,17.6,91,0,Overcast,0
1281,30/8/2024,31/8/2024 3:00,3,ภูชี้ฟ้า,19.851383,100.453975,17.3,92,0,Overcast,0
1282,31/8/2024,31/8/2024 21:00,21,ภูชี้ฟ้า,19.851383,100.453975,17.3,100,0,Overcast,0
1283,31/8/2024,31/8/2024 22:00,22,ภูชี้ฟ้า,19.851383,100.453975,16.9,100,0,Overcast,0
1284,31/8/2024,31/8/2024 23:00,23,ภูชี้ฟ้า,19.851383,100.453975,17.2,99,0.3,Light Drizzle,0
1285,31/8/2024,1/9/2024 0:00,0,ภูชี้ฟ้า,19.851383,100.453975,16.8,100,0.1,Light Drizzle,0
1286,31/8/2024,1/9/2024 1:00,1,ภูชี้ฟ้า,19.851383,100.453975,16.1,100,2.1,Light Rain,0
1287,31/8/2024,1/9/2024 2:00,2,ภูชี้ฟ้า,19.851383,100.453975,15.8,100,5.3,Rain,0
1288,31/8/2024,1/9/2024 3:00,3,ภูชี้ฟ้า,19.851383,100.453975,15.8,100,0.1,Light Drizzle,0
1289,1/9/2024,1/9/2024 21:00,21,ภูชี้ฟ้า,19.851383,100.453975,18.8,93,0,Overcast,0
1290,1/9/2024,1/9/2024 22:00,22,ภูชี้ฟ้า,19.851383,100.453975,19,91,0,Mainly Clear,0
1291,1/9/2024,1/9/2024 23:00,23,ภูชี้ฟ้า,19.851383,100.453975,19,90,0,Overcast,0
1292,1/9/2024,2/9/2024 0:00,0,ภูชี้ฟ้า,19.851383,100.453975,19,89,0,Overcast,0
1293,1/9/2024,2/9/2024 1:00,1,ภูชี้ฟ้า,19.851383,100.453975,18.8,89,0,Overcast,0
1294,1/9/2024,2/9/2024 2:00,2,ภูชี้ฟ้า,19.851383,100.453975,18.7,88,0,Overcast,0
1295,1/9/2024,2/9/2024 3:00,3,ภูชี้ฟ้า,19.851383,100.453975,17.3,93,4.1,Rain,0
1296,2/9/2024,2/9/2024 21:00,21,ภูชี้ฟ้า,19.851383,100.453975,19.5,89,0,Overcast,0
1297,2/9/2024,2/9/2024 22:00,22,ภูชี้ฟ้า,19.851383,100.453975,18.9,86,1.1,Heavy Drizzle,0
1298,2/9/2024,2/9/2024 23:00,23,ภูชี้ฟ้า,19.851383,100.453975,18.7,85,0.5,Drizzle,0
1299,2/9/2024,3/9/2024 0:00,0,ภูชี้ฟ้า,19.851383,100.453975,18,87,1.3,Light Rain,0
1300,2/9/2024,3/9/2024 1:00,1,ภูชี้ฟ้า,19.851383,100.453975,17.3,89,5.1,Rain,0
1301,2/9/2024,3/9/2024 2:00,2,ภูชี้ฟ้า,19.851383,100.453975,16.4,100,1.6,Light Rain,0
1302,2/9/2024,3/9/2024 3:00,3,ภูชี้ฟ้า,19.851383,100.453975,16.3,100,0.3,Light Drizzle,0
1303,3/9/2024,3/9/2024 21:00,21,ภูชี้ฟ้า,19.851383,100.453975,18.3,93,0,Overcast,0
1304,3/9/2024,3/9/2024 22:00,22,ภูชี้ฟ้า,19.851383,100.453975,18.4,90,0,Overcast,0
1305,3/9/2024,3/9/2024 23:00,23,ภูชี้ฟ้า,19.851383,100.453975,19,85,0,Overcast,0
1306,3/9/2024,4/9/2024 0:00,0,ภูชี้ฟ้า,19.851383,100.453975,19.4,80,0,Overcast,0
1307,3/9/2024,4/9/2024 1:00,1,ภูชี้ฟ้า,19.851383,100.453975,19.8,77,0,Overcast,0
1308,3/9/2024,4/9/2024 2:00,2,ภูชี้ฟ้า,19.851383,100.453975,19.7,76,0,Overcast,0
1309,3/9/2024,4/9/2024 3:00,3,ภูชี้ฟ้า,19.851383,100.453975,19.4,77,0,Partly Cloudy,1
1310,4/9/2024,4/9/2024 21:00,21,ภูชี้ฟ้า,19.851383,100.453975,19.9,76,0,Overcast,0
1311,4/9/2024,4/9/2024 22:00,22,ภูชี้ฟ้า,19.851383,100.453975,19.6,76,0,Overcast,0
1312,4/9/2024,4/9/2024 23:00,23,ภูชี้ฟ้า,19.851383,100.453975,19.4,77,0,Overcast,0
1313,4/9/2024,5/9/2024 0:00,0,ภูชี้ฟ้า,19.851383,100.453975,19.5,78,0,Overcast,0
1314,4/9/2024,5/9/2024 1:00,1,ภูชี้ฟ้า,19.851383,100.453975,18.5,81,0.4,Light Drizzle,0
1315,4/9/2024,5/9/2024 2:00,2,ภูชี้ฟ้า,19.851383,100.453975,18.3,84,0.5,Drizzle,0
1316,4/9/2024,5/9/2024 3:00,3,ภูชี้ฟ้า,19.851383,100.453975,18,88,0,Partly Cloudy,0
1317,5/9/2024,5/9/2024 21:00,21,ภูชี้ฟ้า,19.851383,100.453975,17.7,100,0,Overcast,0
1318,5/9/2024,5/9/2024 22:00,22,ภูชี้ฟ้า,19.851383,100.453975,17.5,100,0,Overcast,0
1319,5/9/2024,5/9/2024 23:00,23,ภูชี้ฟ้า,19.851383,100.453975,17.5,99,0,Overcast,0
1320,5/9/2024,6/9/2024 0:00,0,ภูชี้ฟ้า,19.851383,100.453975,17.4,96,0,Clear,0
1321,5/9/2024,6/9/2024 1:00,1,ภูชี้ฟ้า,19.851383,100.453975,17.6,90,0,Mainly Clear,0
1322,5/9/2024,6/9/2024 2:00,2,ภูชี้ฟ้า,19.851383,100.453975,17.3,90,0,Mainly Clear,0
1323,5/9/2024,6/9/2024 3:00,3,ภูชี้ฟ้า,19.851383,100.453975,15.8,98,0,Clear,0
1324,6/9/2024,6/9/2024 21:00,21,ภูชี้ฟ้า,19.851383,100.453975,20.1,81,0,Mainly Clear,0
1325,6/9/2024,6/9/2024 22:00,22,ภูชี้ฟ้า,19.851383,100.453975,19.8,82,0,Partly Cloudy,0
1326,6/9/2024,6/9/2024 23:00,23,ภูชี้ฟ้า,19.851383,100.453975,19.4,84,0,Overcast,0
1327,6/9/2024,7/9/2024 0:00,0,ภูชี้ฟ้า,19.851383,100.453975,19,86,0,Overcast,0
1328,6/9/2024,7/9/2024 1:00,1,ภูชี้ฟ้า,19.851383,100.453975,18.6,87,0,Overcast,0
1329,6/9/2024,7/9/2024 2:00,2,ภูชี้ฟ้า,19.851383,100.453975,18.3,88,0,Overcast,0
1330,6/9/2024,7/9/2024 3:00,3,ภูชี้ฟ้า,19.851383,100.453975,18.1,88,0,Overcast,0
1331,7/9/2024,7/9/2024 21:00,21,ภูชี้ฟ้า,19.851383,100.453975,20.6,79,0,Overcast,0
1332,7/9/2024,7/9/2024 22:00,22,ภูชี้ฟ้า,19.851383,100.453975,20.1,80,0,Overcast,0
1333,7/9/2024,7/9/2024 23:00,23,ภูชี้ฟ้า,19.851383,100.453975,19.5,83,0,Overcast,0
1334,7/9/2024,8/9/2024 0:00,0,ภูชี้ฟ้า,19.851383,100.453975,19.2,86,0,Overcast,0
1335,7/9/2024,8/9/2024 1:00,1,ภูชี้ฟ้า,19.851383,100.453975,18.9,88,0,Overcast,0
1336,7/9/2024,8/9/2024 2:00,2,ภูชี้ฟ้า,19.851383,100.453975,18.7,88,0,Overcast,0
1337,7/9/2024,8/9/2024 3:00,3,ภูชี้ฟ้า,19.851383,100.453975,18.5,89,0.1,Light Drizzle,0
1338,8/9/2024,8/9/2024 21:00,21,ภูชี้ฟ้า,19.851383,100.453975,17.5,100,0.3,Light Drizzle,0
1339,8/9/2024,8/9/2024 22:00,22,ภูชี้ฟ้า,19.851383,100.453975,17.4,100,0.3,Light Drizzle,0
1340,8/9/2024,8/9/2024 23:00,23,ภูชี้ฟ้า,19.851383,100.453975,17.3,100,0.2,Light Drizzle,0
1341,8/9/2024,9/9/2024 0:00,0,ภูชี้ฟ้า,19.851383,100.453975,17.3,100,0.9,Drizzle,0
1342,8/9/2024,9/9/2024 1:00,1,ภูชี้ฟ้า,19.851383,100.453975,17.1,100,1.4,Light Rain,0
1343,8/9/2024,9/9/2024 2:00,2,ภูชี้ฟ้า,19.851383,100.453975,17,100,1.7,Light Rain,0
1344,8/9/2024,9/9/2024 3:00,3,ภูชี้ฟ้า,19.851383,100.453975,16.9,100,1.8,Light Rain,0
1345,9/9/2024,9/9/2024 21:00,21,ภูชี้ฟ้า,19.851383,100.453975,16.8,100,1.3,Light Rain,0
1346,9/9/2024,9/9/2024 22:00,22,ภูชี้ฟ้า,19.851383,100.453975,16.6,100,1.9,Light Rain,0
1347,9/9/2024,9/9/2024 23:00,23,ภูชี้ฟ้า,19.851383,100.453975,16.4,100,2.5,Rain,0
1348,9/9/2024,10/9/2024 0:00,0,ภูชี้ฟ้า,19.851383,100.453975,16.4,100,3.6,Rain,0
1349,9/9/2024,10/9/2024 1:00,1,ภูชี้ฟ้า,19.851383,100.453975,16.3,100,3.5,Rain,0
1350,9/9/2024,10/9/2024 2:00,2,ภูชี้ฟ้า,19.851383,100.453975,16.3,100,2.9,Rain,0
1351,9/9/2024,10/9/2024 3:00,3,ภูชี้ฟ้า,19.851383,100.453975,16.2,100,2.5,Rain,0
1352,10/9/2024,10/9/2024 21:00,21,ภูชี้ฟ้า,19.851383,100.453975,16.5,100,0.3,Light Drizzle,0
1353,10/9/2024,10/9/2024 22:00,22,ภูชี้ฟ้า,19.851383,100.453975,16.5,100,0.4,Light Drizzle,0
1354,10/9/2024,10/9/2024 23:00,23,ภูชี้ฟ้า,19.851383,100.453975,16.3,100,0.3,Light Drizzle,0
1355,10/9/2024,11/9/2024 0:00,0,ภูชี้ฟ้า,19.851383,100.453975,16.1,100,0.2,Light Drizzle,0
1356,10/9/2024,11/9/2024 1:00,1,ภูชี้ฟ้า,19.851383,100.453975,16.1,100,0.1,Light Drizzle,0
1357,10/9/2024,11/9/2024 2:00,2,ภูชี้ฟ้า,19.851383,100.453975,16.1,100,0.1,Light Drizzle,0
1358,10/9/2024,11/9/2024 3:00,3,ภูชี้ฟ้า,19.851383,100.453975,16.1,100,0.1,Light Drizzle,0
1359,11/9/2024,11/9/2024 21:00,21,ภูชี้ฟ้า,19.851383,100.453975,16.6,100,1.8,Light Rain,0
1360,11/9/2024,11/9/2024 22:00,22,ภูชี้ฟ้า,19.851383,100.453975,16.4,100,1.5,Light Rain,0
1361,11/9/2024,11/9/2024 23:00,23,ภูชี้ฟ้า,19.851383,100.453975,16.4,100,1.4,Light Rain,0
1362,11/9/2024,12/9/2024 0:00,0,ภูชี้ฟ้า,19.851383,100.453975,16.3,100,0.3,Light Drizzle,0
1363,11/9/2024,12/9/2024 1:00,1,ภูชี้ฟ้า,19.851383,100.453975,16.4,98,0.4,Light Drizzle,0
1364,11/9/2024,12/9/2024 2:00,2,ภูชี้ฟ้า,19.851383,100.453975,16.2,99,0.3,Light Drizzle,0
1365,11/9/2024,12/9/2024 3:00,3,ภูชี้ฟ้า,19.851383,100.453975,15.9,99,0,Overcast,0
1366,12/9/2024,12/9/2024 21:00,21,ภูชี้ฟ้า,19.851383,100.453975,17.9,86,0,Overcast,0
1367,12/9/2024,12/9/2024 22:00,22,ภูชี้ฟ้า,19.851383,100.453975,17.5,88,0,Overcast,0
1368,12/9/2024,12/9/2024 23:00,23,ภูชี้ฟ้า,19.851383,100.453975,17.3,89,0,Overcast,0
1369,12/9/2024,13/9/2024 0:00,0,ภูชี้ฟ้า,19.851383,100.453975,17.3,89,0,Overcast,0
1370,12/9/2024,13/9/2024 1:00,1,ภูชี้ฟ้า,19.851383,100.453975,17,90,0,Overcast,0
1371,12/9/2024,13/9/2024 2:00,2,ภูชี้ฟ้า,19.851383,100.453975,16.7,91,0,Overcast,0
1372,12/9/2024,13/9/2024 3:00,3,ภูชี้ฟ้า,19.851383,100.453975,16.4,93,0,Overcast,0
1373,13/9/2024,13/9/2024 21:00,21,ภูชี้ฟ้า,19.851383,100.453975,18.3,96,0,Overcast,0
1374,13/9/2024,13/9/2024 22:00,22,ภูชี้ฟ้า,19.851383,100.453975,18.4,93,0,Overcast,0
1375,13/9/2024,13/9/2024 23:00,23,ภูชี้ฟ้า,19.851383,100.453975,18.4,92,0,Partly Cloudy,0
1376,13/9/2024,14/9/2024 0:00,0,ภูชี้ฟ้า,19.851383,100.453975,18.2,92,0,Partly Cloudy,0
1377,13/9/2024,14/9/2024 1:00,1,ภูชี้ฟ้า,19.851383,100.453975,16.6,95,0.6,Drizzle,0
1378,13/9/2024,14/9/2024 2:00,2,ภูชี้ฟ้า,19.851383,100.453975,16.3,97,0.6,Drizzle,0
1379,13/9/2024,14/9/2024 3:00,3,ภูชี้ฟ้า,19.851383,100.453975,15.8,100,4.6,Rain,0
1380,14/9/2024,14/9/2024 21:00,21,ภูชี้ฟ้า,19.851383,100.453975,18,97,0,Overcast,0
1381,14/9/2024,14/9/2024 22:00,22,ภูชี้ฟ้า,19.851383,100.453975,18,92,0,Overcast,0
1382,14/9/2024,14/9/2024 23:00,23,ภูชี้ฟ้า,19.851383,100.453975,17.7,91,0,Overcast,0
1383,14/9/2024,15/9/2024 0:00,0,ภูชี้ฟ้า,19.851383,100.453975,17.5,92,0,Overcast,0
1384,14/9/2024,15/9/2024 1:00,1,ภูชี้ฟ้า,19.851383,100.453975,16.8,95,0,Partly Cloudy,0
1385,14/9/2024,15/9/2024 2:00,2,ภูชี้ฟ้า,19.851383,100.453975,16.6,95,0,Mainly Clear,0
1386,14/9/2024,15/9/2024 3:00,3,ภูชี้ฟ้า,19.851383,100.453975,16.7,94,0,Clear,1
1387,15/9/2024,15/9/2024 21:00,21,ภูชี้ฟ้า,19.851383,100.453975,19,83,0,Partly Cloudy,0
1388,15/9/2024,15/9/2024 22:00,22,ภูชี้ฟ้า,19.851383,100.453975,18.7,85,0,Partly Cloudy,0
1389,15/9/2024,15/9/2024 23:00,23,ภูชี้ฟ้า,19.851383,100.453975,19.2,80,0,Overcast,0
1390,15/9/2024,16/9/2024 0:00,0,ภูชี้ฟ้า,19.851383,100.453975,19,82,0,Mainly Clear,0
1391,15/9/2024,16/9/2024 1:00,1,ภูชี้ฟ้า,19.851383,100.453975,18.7,84,0,Mainly Clear,0
1392,15/9/2024,16/9/2024 2:00,2,ภูชี้ฟ้า,19.851383,100.453975,18.5,85,0,Partly Cloudy,0
1393,15/9/2024,16/9/2024 3:00,3,ภูชี้ฟ้า,19.851383,100.453975,18,88,0,Overcast,0
1394,16/9/2024,16/9/2024 21:00,21,ภูชี้ฟ้า,19.851383,100.453975,17.9,94,0,Overcast,0
1395,16/9/2024,16/9/2024 22:00,22,ภูชี้ฟ้า,19.851383,100.453975,17.7,93,0,Mainly Clear,0
1396,16/9/2024,16/9/2024 23:00,23,ภูชี้ฟ้า,19.851383,100.453975,17.7,93,0,Mainly Clear,0
1397,16/9/2024,17/9/2024 0:00,0,ภูชี้ฟ้า,19.851383,100.453975,18.7,86,0,Clear,0
1398,16/9/2024,17/9/2024 1:00,1,ภูชี้ฟ้า,19.851383,100.453975,17.4,92,0,Clear,0
1399,16/9/2024,17/9/2024 2:00,2,ภูชี้ฟ้า,19.851383,100.453975,17.5,92,0,Clear,0
1400,16/9/2024,17/9/2024 3:00,3,ภูชี้ฟ้า,19.851383,100.453975,17.6,91,0,Clear,0
1401,17/9/2024,17/9/2024 21:00,21,ภูชี้ฟ้า,19.851383,100.453975,19,85,0,Overcast,0
1402,17/9/2024,17/9/2024 22:00,22,ภูชี้ฟ้า,19.851383,100.453975,18.7,85,0,Overcast,0
1403,17/9/2024,17/9/2024 23:00,23,ภูชี้ฟ้า,19.851383,100.453975,18.9,82,0,Overcast,0
1404,17/9/2024,18/9/2024 0:00,0,ภูชี้ฟ้า,19.851383,100.453975,19.2,80,0,Overcast,0
1405,17/9/2024,18/9/2024 1:00,1,ภูชี้ฟ้า,19.851383,100.453975,19.1,80,0,Overcast,1
1406,17/9/2024,18/9/2024 2:00,2,ภูชี้ฟ้า,19.851383,100.453975,18.8,82,0,Overcast,0
1407,17/9/2024,18/9/2024 3:00,3,ภูชี้ฟ้า,19.851383,100.453975,18.3,84,0,Overcast,0
1408,18/9/2024,18/9/2024 21:00,21,ภูชี้ฟ้า,19.851383,100.453975,19.1,85,0,Clear,0
1409,18/9/2024,18/9/2024 22:00,22,ภูชี้ฟ้า,19.851383,100.453975,18.4,86,0,Clear,0
1410,18/9/2024,18/9/2024 23:00,23,ภูชี้ฟ้า,19.851383,100.453975,17.9,88,0,Clear,0
1411,18/9/2024,19/9/2024 0:00,0,ภูชี้ฟ้า,19.851383,100.453975,18.6,85,0,Mainly Clear,0
1412,18/9/2024,19/9/2024 1:00,1,ภูชี้ฟ้า,19.851383,100.453975,17.9,88,0,Mainly Clear,0
1413,18/9/2024,19/9/2024 2:00,2,ภูชี้ฟ้า,19.851383,100.453975,18.1,88,0,Overcast,0
1414,18/9/2024,19/9/2024 3:00,3,ภูชี้ฟ้า,19.851383,100.453975,17.1,91,0,Overcast,0
1415,19/9/2024,19/9/2024 21:00,21,ภูชี้ฟ้า,19.851383,100.453975,19.3,87,0,Overcast,0
1416,19/9/2024,19/9/2024 22:00,22,ภูชี้ฟ้า,19.851383,100.453975,19.9,79,0,Overcast,0
1417,19/9/2024,19/9/2024 23:00,23,ภูชี้ฟ้า,19.851383,100.453975,20.7,71,0,Overcast,0
1418,19/9/2024,20/9/2024 0:00,0,ภูชี้ฟ้า,19.851383,100.453975,21.2,67,0,Overcast,0
1419,19/9/2024,20/9/2024 1:00,1,ภูชี้ฟ้า,19.851383,100.453975,19.8,78,0,Overcast,0
1420,19/9/2024,20/9/2024 2:00,2,ภูชี้ฟ้า,19.851383,100.453975,20.1,77,0,Overcast,0
1421,19/9/2024,20/9/2024 3:00,3,ภูชี้ฟ้า,19.851383,100.453975,21.3,66,0,Overcast,0
1422,20/9/2024,20/9/2024 21:00,21,ภูชี้ฟ้า,19.851383,100.453975,17.9,91,0,Overcast,0
1423,20/9/2024,20/9/2024 22:00,22,ภูชี้ฟ้า,19.851383,100.453975,18.2,88,0,Overcast,0
1424,20/9/2024,20/9/2024 23:00,23,ภูชี้ฟ้า,19.851383,100.453975,17.8,92,0,Overcast,0
1425,20/9/2024,21/9/2024 0:00,0,ภูชี้ฟ้า,19.851383,100.453975,18.4,86,0,Overcast,0
1426,20/9/2024,21/9/2024 1:00,1,ภูชี้ฟ้า,19.851383,100.453975,18.2,85,0,Overcast,0
1427,20/9/2024,21/9/2024 2:00,2,ภูชี้ฟ้า,19.851383,100.453975,18,86,0,Overcast,0
1428,20/9/2024,21/9/2024 3:00,3,ภูชี้ฟ้า,19.851383,100.453975,18.1,85,0,Overcast,0
1429,21/9/2024,21/9/2024 21:00,21,ภูชี้ฟ้า,19.851383,100.453975,17.5,98,0,Overcast,0
1430,21/9/2024,21/9/2024 22:00,22,ภูชี้ฟ้า,19.851383,100.453975,17.9,96,0,Partly Cloudy,0
1431,21/9/2024,21/9/2024 23:00,23,ภูชี้ฟ้า,19.851383,100.453975,17.9,95,0,Overcast,0
1432,21/9/2024,22/9/2024 0:00,0,ภูชี้ฟ้า,19.851383,100.453975,17.8,94,0,Overcast,0
1433,21/9/2024,22/9/2024 1:00,1,ภูชี้ฟ้า,19.851383,100.453975,17.4,96,0,Overcast,0
1434,21/9/2024,22/9/2024 2:00,2,ภูชี้ฟ้า,19.851383,100.453975,17.2,97,0,Overcast,0
1435,21/9/2024,22/9/2024 3:00,3,ภูชี้ฟ้า,19.851383,100.453975,16.8,98,0,Overcast,0
1436,22/9/2024,22/9/2024 21:00,21,ภูชี้ฟ้า,19.851383,100.453975,17.4,98,0,Overcast,0
1437,22/9/2024,22/9/2024 22:00,22,ภูชี้ฟ้า,19.851383,100.453975,17.2,99,0,Overcast,0
1438,22/9/2024,22/9/2024 23:00,23,ภูชี้ฟ้า,19.851383,100.453975,16.9,99,0,Overcast,0
1439,22/9/2024,23/9/2024 0:00,0,ภูชี้ฟ้า,19.851383,100.453975,17,100,0,Overcast,0
1440,22/9/2024,23/9/2024 1:00,1,ภูชี้ฟ้า,19.851383,100.453975,16.9,100,0.4,Light Drizzle,0
1441,22/9/2024,23/9/2024 2:00,2,ภูชี้ฟ้า,19.851383,100.453975,16.7,100,0.1,Light Drizzle,0
1442,22/9/2024,23/9/2024 3:00,3,ภูชี้ฟ้า,19.851383,100.453975,16.7,100,0,Overcast,0
1443,23/9/2024,23/9/2024 21:00,21,ภูชี้ฟ้า,19.851383,100.453975,17,99,0.3,Light Drizzle,0
1444,23/9/2024,23/9/2024 22:00,22,ภูชี้ฟ้า,19.851383,100.453975,16.9,99,0.3,Light Drizzle,0
1445,23/9/2024,23/9/2024 23:00,23,ภูชี้ฟ้า,19.851383,100.453975,16.7,100,0.5,Drizzle,0
1446,23/9/2024,24/9/2024 0:00,0,ภูชี้ฟ้า,19.851383,100.453975,16.6,100,0.8,Drizzle,0
1447,23/9/2024,24/9/2024 1:00,1,ภูชี้ฟ้า,19.851383,100.453975,16.2,100,1.8,Light Rain,0
1448,23/9/2024,24/9/2024 2:00,2,ภูชี้ฟ้า,19.851383,100.453975,16.1,100,1.5,Light Rain,0
1449,23/9/2024,24/9/2024 3:00,3,ภูชี้ฟ้า,19.851383,100.453975,15.8,99,0.3,Light Drizzle,0
1450,24/9/2024,24/9/2024 21:00,21,ภูชี้ฟ้า,19.851383,100.453975,15.9,100,0,Overcast,0
1451,24/9/2024,24/9/2024 22:00,22,ภูชี้ฟ้า,19.851383,100.453975,15.7,100,0,Overcast,0
1452,24/9/2024,24/9/2024 23:00,23,ภูชี้ฟ้า,19.851383,100.453975,15.4,100,0,Overcast,0
1453,24/9/2024,25/9/2024 0:00,0,ภูชี้ฟ้า,19.851383,100.453975,15.3,100,0,Overcast,0
1454,24/9/2024,25/9/2024 1:00,1,ภูชี้ฟ้า,19.851383,100.453975,15.2,100,0,Overcast,0
1455,24/9/2024,25/9/2024 2:00,2,ภูชี้ฟ้า,19.851383,100.453975,15.4,100,0,Overcast,0
1456,24/9/2024,25/9/2024 3:00,3,ภูชี้ฟ้า,19.851383,100.453975,15.5,100,0,Overcast,0
1457,25/9/2024,25/9/2024 21:00,21,ภูชี้ฟ้า,19.851383,100.453975,16.2,100,0,Partly Cloudy,0
1458,25/9/2024,25/9/2024 22:00,22,ภูชี้ฟ้า,19.851383,100.453975,15.9,100,0,Overcast,0
1459,25/9/2024,25/9/2024 23:00,23,ภูชี้ฟ้า,19.851383,100.453975,15.6,100,0,Overcast,0
1460,25/9/2024,26/9/2024 0:00,0,ภูชี้ฟ้า,19.851383,100.453975,15.4,100,0,Overcast,0
1461,25/9/2024,26/9/2024 1:00,1,ภูชี้ฟ้า,19.851383,100.453975,15.3,99,0,Overcast,0
1462,25/9/2024,26/9/2024 2:00,2,ภูชี้ฟ้า,19.851383,100.453975,15.4,100,0,Overcast,0
1463,25/9/2024,26/9/2024 3:00,3,ภูชี้ฟ้า,19.851383,100.453975,15.4,100,0,Overcast,0
1464,26/9/2024,26/9/2024 21:00,21,ภูชี้ฟ้า,19.851383,100.453975,17.4,92,0,Mainly Clear,0
1465,26/9/2024,26/9/2024 22:00,22,ภูชี้ฟ้า,19.851383,100.453975,17.6,89,0,Mainly Clear,0
1466,26/9/2024,26/9/2024 23:00,23,ภูชี้ฟ้า,19.851383,100.453975,17.4,89,0,Mainly Clear,0
1467,26/9/2024,27/9/2024 0:00,0,ภูชี้ฟ้า,19.851383,100.453975,17.4,88,0,Mainly Clear,0
1468,26/9/2024,27/9/2024 1:00,1,ภูชี้ฟ้า,19.851383,100.453975,17.1,88,0,Mainly Clear,0
1469,26/9/2024,27/9/2024 2:00,2,ภูชี้ฟ้า,19.851383,100.453975,16.9,89,0,Clear,0
1470,26/9/2024,27/9/2024 3:00,3,ภูชี้ฟ้า,19.851383,100.453975,17,88,0,Clear,0
1471,27/9/2024,27/9/2024 21:00,21,ภูชี้ฟ้า,19.851383,100.453975,18.4,87,0,Mainly Clear,0
1472,27/9/2024,27/9/2024 22:00,22,ภูชี้ฟ้า,19.851383,100.453975,18.7,82,0,Mainly Clear,0
1473,27/9/2024,27/9/2024 23:00,23,ภูชี้ฟ้า,19.851383,100.453975,18.8,80,0,Mainly Clear,1
1474,27/9/2024,28/9/2024 0:00,0,ภูชี้ฟ้า,19.851383,100.453975,18.8,79,0,Partly Cloudy,1
1475,27/9/2024,28/9/2024 1:00,1,ภูชี้ฟ้า,19.851383,100.453975,18.5,80,0,Overcast,0
1476,27/9/2024,28/9/2024 2:00,2,ภูชี้ฟ้า,19.851383,100.453975,18.6,79,0,Mainly Clear,1
1477,27/9/2024,28/9/2024 3:00,3,ภูชี้ฟ้า,19.851383,100.453975,18.3,81,0,Mainly Clear,1
1478,28/9/2024,28/9/2024 21:00,21,ภูชี้ฟ้า,19.851383,100.453975,19.5,80,0,Overcast,1
1479,28/9/2024,28/9/2024 22:00,22,ภูชี้ฟ้า,19.851383,100.453975,19.5,80,0,Overcast,0
1480,28/9/2024,28/9/2024 23:00,23,ภูชี้ฟ้า,19.851383,100.453975,19.1,82,0,Overcast,0
1481,28/9/2024,29/9/2024 0:00,0,ภูชี้ฟ้า,19.851383,100.453975,19.1,81,0,Overcast,0
1482,28/9/2024,29/9/2024 1:00,1,ภูชี้ฟ้า,19.851383,100.453975,19.1,82,0,Overcast,0
1483,28/9/2024,29/9/2024 2:00,2,ภูชี้ฟ้า,19.851383,100.453975,18.9,84,0,Overcast,0
1484,28/9/2024,29/9/2024 3:00,3,ภูชี้ฟ้า,19.851383,100.453975,18.8,85,0,Overcast,0
1485,29/9/2024,29/9/2024 21:00,21,ภูชี้ฟ้า,19.851383,100.453975,18.8,92,0,Overcast,0
1486,29/9/2024,29/9/2024 22:00,22,ภูชี้ฟ้า,19.851383,100.453975,18.6,92,0,Overcast,0
1487,29/9/2024,29/9/2024 23:00,23,ภูชี้ฟ้า,19.851383,100.453975,18.5,91,0,Overcast,0
1488,29/9/2024,30/9/2024 0:00,0,ภูชี้ฟ้า,19.851383,100.453975,18.4,90,0,Overcast,0
1489,29/9/2024,30/9/2024 1:00,1,ภูชี้ฟ้า,19.851383,100.453975,18,92,0,Overcast,0
1490,29/9/2024,30/9/2024 2:00,2,ภูชี้ฟ้า,19.851383,100.453975,17.7,94,0,Overcast,0
1491,29/9/2024,30/9/2024 3:00,3,ภูชี้ฟ้า,19.851383,100.453975,17.4,96,0,Overcast,0
1492,30/9/2024,30/9/2024 21:00,21,ภูชี้ฟ้า,19.851383,100.453975,18.8,95,0,Overcast,0
1493,30/9/2024,30/9/2024 22:00,22,ภูชี้ฟ้า,19.851383,100.453975,18.7,93,0,Overcast,0
1494,30/9/2024,30/9/2024 23:00,23,ภูชี้ฟ้า,19.851383,100.453975,17.7,96,4.7,Rain,0
1495,30/9/2024,1/10/2024 0:00,0,ภูชี้ฟ้า,19.851383,100.453975,17.3,100,2.6,Rain,0
1496,30/9/2024,1/10/2024 1:00,1,ภูชี้ฟ้า,19.851383,100.453975,16.9,100,15.1,Heavy Rain,0
1497,30/9/2024,1/10/2024 2:00,2,ภูชี้ฟ้า,19.851383,100.453975,16.6,100,4.1,Rain,0
1498,30/9/2024,1/10/2024 3:00,3,ภูชี้ฟ้า,19.851383,100.453975,16.3,100,2.4,Light Rain,0
1499,1/10/2024,1/10/2024 21:00,21,ภูชี้ฟ้า,19.851383,100.453975,16.3,100,0,Overcast,0
1500,1/10/2024,1/10/2024 22:00,22,ภูชี้ฟ้า,19.851383,100.453975,16,100,0,Overcast,0
1501,1/10/2024,1/10/2024 23:00,23,ภูชี้ฟ้า,19.851383,100.453975,16.2,100,0,Overcast,0
1502,1/10/2024,2/10/2024 0:00,0,ภูชี้ฟ้า,19.851383,100.453975,15.9,100,0.1,Light Drizzle,0
1503,1/10/2024,2/10/2024 1:00,1,ภูชี้ฟ้า,19.851383,100.453975,15.9,99,0.2,Light Drizzle,0
1504,1/10/2024,2/10/2024 2:00,2,ภูชี้ฟ้า,19.851383,100.453975,15.9,99,0,Overcast,0
1505,1/10/2024,2/10/2024 3:00,3,ภูชี้ฟ้า,19.851383,100.453975,15.5,100,0.4,Light Drizzle,0
1506,2/10/2024,2/10/2024 21:00,21,ภูชี้ฟ้า,19.851383,100.453975,15.7,100,0.7,Drizzle,0
1507,2/10/2024,2/10/2024 22:00,22,ภูชี้ฟ้า,19.851383,100.453975,15.7,100,0.8,Drizzle,0
1508,2/10/2024,2/10/2024 23:00,23,ภูชี้ฟ้า,19.851383,100.453975,15.2,100,0.3,Light Drizzle,0
1509,2/10/2024,3/10/2024 0:00,0,ภูชี้ฟ้า,19.851383,100.453975,15.3,100,0.8,Drizzle,0
1510,2/10/2024,3/10/2024 1:00,1,ภูชี้ฟ้า,19.851383,100.453975,15.1,100,2.2,Light Rain,0
1511,2/10/2024,3/10/2024 2:00,2,ภูชี้ฟ้า,19.851383,100.453975,15.1,100,3.5,Rain,0
1512,2/10/2024,3/10/2024 3:00,3,ภูชี้ฟ้า,19.851383,100.453975,15,100,2.1,Light Rain,0
1513,3/10/2024,3/10/2024 21:00,21,ภูชี้ฟ้า,19.851383,100.453975,15.8,99,0,Partly Cloudy,0
1514,3/10/2024,3/10/2024 22:00,22,ภูชี้ฟ้า,19.851383,100.453975,15.5,100,0,Overcast,0
1515,3/10/2024,3/10/2024 23:00,23,ภูชี้ฟ้า,19.851383,100.453975,15.5,100,0,Overcast,0
1516,3/10/2024,4/10/2024 0:00,0,ภูชี้ฟ้า,19.851383,100.453975,15,100,0,Overcast,0
1517,3/10/2024,4/10/2024 1:00,1,ภูชี้ฟ้า,19.851383,100.453975,15.1,100,0,Overcast,0
1518,3/10/2024,4/10/2024 2:00,2,ภูชี้ฟ้า,19.851383,100.453975,15.2,100,0,Overcast,0
1519,3/10/2024,4/10/2024 3:00,3,ภูชี้ฟ้า,19.851383,100.453975,14.9,100,0,Overcast,0
1520,4/10/2024,4/10/2024 21:00,21,ภูชี้ฟ้า,19.851383,100.453975,15.8,97,0,Overcast,0
1521,4/10/2024,4/10/2024 22:00,22,ภูชี้ฟ้า,19.851383,100.453975,15.5,98,0,Overcast,0
1522,4/10/2024,4/10/2024 23:00,23,ภูชี้ฟ้า,19.851383,100.453975,15.5,97,0,Partly Cloudy,0
1523,4/10/2024,5/10/2024 0:00,0,ภูชี้ฟ้า,19.851383,100.453975,15.2,97,0,Overcast,0
1524,4/10/2024,5/10/2024 1:00,1,ภูชี้ฟ้า,19.851383,100.453975,15,96,0,Overcast,0
1525,4/10/2024,5/10/2024 2:00,2,ภูชี้ฟ้า,19.851383,100.453975,14.8,96,0,Overcast,0
1526,4/10/2024,5/10/2024 3:00,3,ภูชี้ฟ้า,19.851383,100.453975,15.5,92,0,Overcast,0
1527,5/10/2024,5/10/2024 21:00,21,ภูชี้ฟ้า,19.851383,100.453975,17.5,90,0,Clear,0
1528,5/10/2024,5/10/2024 22:00,22,ภูชี้ฟ้า,19.851383,100.453975,17.8,86,0,Clear,0
1529,5/10/2024,5/10/2024 23:00,23,ภูชี้ฟ้า,19.851383,100.453975,18,84,0,Clear,0
1530,5/10/2024,6/10/2024 0:00,0,ภูชี้ฟ้า,19.851383,100.453975,17.9,83,0,Clear,0
1531,5/10/2024,6/10/2024 1:00,1,ภูชี้ฟ้า,19.851383,100.453975,16.6,89,0,Clear,0
1532,5/10/2024,6/10/2024 2:00,2,ภูชี้ฟ้า,19.851383,100.453975,17.3,84,0.1,Light Drizzle,0
1533,5/10/2024,6/10/2024 3:00,3,ภูชี้ฟ้า,19.851383,100.453975,17.1,84,0.1,Light Drizzle,0
1534,6/10/2024,6/10/2024 21:00,21,ภูชี้ฟ้า,19.851383,100.453975,19.4,77,0,Partly Cloudy,1
1535,6/10/2024,6/10/2024 22:00,22,ภูชี้ฟ้า,19.851383,100.453975,19.8,73,0,Partly Cloudy,1
1536,6/10/2024,6/10/2024 23:00,23,ภูชี้ฟ้า,19.851383,100.453975,20,70,0,Mainly Clear,1
1537,6/10/2024,7/10/2024 0:00,0,ภูชี้ฟ้า,19.851383,100.453975,20.1,69,0,Mainly Clear,1
1538,6/10/2024,7/10/2024 1:00,1,ภูชี้ฟ้า,19.851383,100.453975,19.8,69,0,Partly Cloudy,1
1539,6/10/2024,7/10/2024 2:00,2,ภูชี้ฟ้า,19.851383,100.453975,19,73,0,Partly Cloudy,1
1540,6/10/2024,7/10/2024 3:00,3,ภูชี้ฟ้า,19.851383,100.453975,17.3,82,0,Clear,1
1541,7/10/2024,7/10/2024 21:00,21,ภูชี้ฟ้า,19.851383,100.453975,17.3,80,0,Clear,1
1542,7/10/2024,7/10/2024 22:00,22,ภูชี้ฟ้า,19.851383,100.453975,17,81,0,Clear,1
1543,7/10/2024,7/10/2024 23:00,23,ภูชี้ฟ้า,19.851383,100.453975,17.5,75,0,Clear,1
1544,7/10/2024,8/10/2024 0:00,0,ภูชี้ฟ้า,19.851383,100.453975,19,64,0,Clear,1
1545,7/10/2024,8/10/2024 1:00,1,ภูชี้ฟ้า,19.851383,100.453975,19.1,61,0,Clear,1
1546,7/10/2024,8/10/2024 2:00,2,ภูชี้ฟ้า,19.851383,100.453975,18.9,61,0,Clear,1
1547,7/10/2024,8/10/2024 3:00,3,ภูชี้ฟ้า,19.851383,100.453975,18.5,62,0,Clear,1
1548,8/10/2024,8/10/2024 21:00,21,ภูชี้ฟ้า,19.851383,100.453975,18.3,85,0,Clear,0
1549,8/10/2024,8/10/2024 22:00,22,ภูชี้ฟ้า,19.851383,100.453975,19.4,75,0,Clear,1
1550,8/10/2024,8/10/2024 23:00,23,ภูชี้ฟ้า,19.851383,100.453975,18.4,79,0,Clear,1
1551,8/10/2024,9/10/2024 0:00,0,ภูชี้ฟ้า,19.851383,100.453975,17,87,0,Clear,0
1552,8/10/2024,9/10/2024 1:00,1,ภูชี้ฟ้า,19.851383,100.453975,18.1,78,0,Clear,1
1553,8/10/2024,9/10/2024 2:00,2,ภูชี้ฟ้า,19.851383,100.453975,17.6,80,0,Clear,1
1554,8/10/2024,9/10/2024 3:00,3,ภูชี้ฟ้า,19.851383,100.453975,16.2,88,0,Clear,0
1555,9/10/2024,9/10/2024 21:00,21,ภูชี้ฟ้า,19.851383,100.453975,16.3,99,0.5,Drizzle,0
1556,9/10/2024,9/10/2024 22:00,22,ภูชี้ฟ้า,19.851383,100.453975,16.3,98,0.1,Light Drizzle,0
1557,9/10/2024,9/10/2024 23:00,23,ภูชี้ฟ้า,19.851383,100.453975,15.5,100,0,Overcast,0
1558,9/10/2024,10/10/2024 0:00,0,ภูชี้ฟ้า,19.851383,100.453975,15.1,99,1.9,Light Rain,0
1559,9/10/2024,10/10/2024 1:00,1,ภูชี้ฟ้า,19.851383,100.453975,15.1,99,0.1,Light Drizzle,0
1560,9/10/2024,10/10/2024 2:00,2,ภูชี้ฟ้า,19.851383,100.453975,15,100,0.3,Light Drizzle,0
1561,9/10/2024,10/10/2024 3:00,3,ภูชี้ฟ้า,19.851383,100.453975,14.9,100,0.2,Light Drizzle,0
1562,10/10/2024,10/10/2024 21:00,21,ภูชี้ฟ้า,19.851383,100.453975,16,99,0,Partly Cloudy,0
1563,10/10/2024,10/10/2024 22:00,22,ภูชี้ฟ้า,19.851383,100.453975,15.5,99,0,Partly Cloudy,0
1564,10/10/2024,10/10/2024 23:00,23,ภูชี้ฟ้า,19.851383,100.453975,16.1,97,0,Partly Cloudy,0
1565,10/10/2024,11/10/2024 0:00,0,ภูชี้ฟ้า,19.851383,100.453975,16,95,0,Clear,0
1566,10/10/2024,11/10/2024 1:00,1,ภูชี้ฟ้า,19.851383,100.453975,16.1,93,0,Mainly Clear,0
1567,10/10/2024,11/10/2024 2:00,2,ภูชี้ฟ้า,19.851383,100.453975,16.2,91,0,Mainly Clear,0
1568,10/10/2024,11/10/2024 3:00,3,ภูชี้ฟ้า,19.851383,100.453975,14.8,96,0,Clear,0
1569,11/10/2024,11/10/2024 21:00,21,ภูชี้ฟ้า,19.851383,100.453975,15.8,100,0,Overcast,0
1570,11/10/2024,11/10/2024 22:00,22,ภูชี้ฟ้า,19.851383,100.453975,15.5,100,0,Overcast,0
1571,11/10/2024,11/10/2024 23:00,23,ภูชี้ฟ้า,19.851383,100.453975,15.3,100,0,Overcast,0
1572,11/10/2024,12/10/2024 0:00,0,ภูชี้ฟ้า,19.851383,100.453975,15.3,100,0,Partly Cloudy,0
1573,11/10/2024,12/10/2024 1:00,1,ภูชี้ฟ้า,19.851383,100.453975,15.4,99,0,Partly Cloudy,0
1574,11/10/2024,12/10/2024 2:00,2,ภูชี้ฟ้า,19.851383,100.453975,15.5,98,0,Mainly Clear,0
1575,11/10/2024,12/10/2024 3:00,3,ภูชี้ฟ้า,19.851383,100.453975,15.4,98,0,Mainly Clear,0
1576,12/10/2024,12/10/2024 21:00,21,ภูชี้ฟ้า,19.851383,100.453975,17.6,85,0,Overcast,1
1577,12/10/2024,12/10/2024 22:00,22,ภูชี้ฟ้า,19.851383,100.453975,17,86,0,Overcast,0
1578,12/10/2024,12/10/2024 23:00,23,ภูชี้ฟ้า,19.851383,100.453975,16.1,89,0,Partly Cloudy,0
1579,12/10/2024,13/10/2024 0:00,0,ภูชี้ฟ้า,19.851383,100.453975,16.3,87,0,Mainly Clear,0
1580,12/10/2024,13/10/2024 1:00,1,ภูชี้ฟ้า,19.851383,100.453975,18.1,76,0,Overcast,0
1581,12/10/2024,13/10/2024 2:00,2,ภูชี้ฟ้า,19.851383,100.453975,18.1,75,0,Clear,1
1582,12/10/2024,13/10/2024 3:00,3,ภูชี้ฟ้า,19.851383,100.453975,18.2,73,0,Clear,1
1583,13/10/2024,13/10/2024 21:00,21,ภูชี้ฟ้า,19.851383,100.453975,18.9,81,0,Mainly Clear,0
1584,13/10/2024,13/10/2024 22:00,22,ภูชี้ฟ้า,19.851383,100.453975,20.5,67,0,Mainly Clear,1
1585,13/10/2024,13/10/2024 23:00,23,ภูชี้ฟ้า,19.851383,100.453975,18.1,81,0,Clear,1
1586,13/10/2024,14/10/2024 0:00,0,ภูชี้ฟ้า,19.851383,100.453975,17.7,81,0,Clear,1
1587,13/10/2024,14/10/2024 1:00,1,ภูชี้ฟ้า,19.851383,100.453975,17.9,79,0,Clear,1
1588,13/10/2024,14/10/2024 2:00,2,ภูชี้ฟ้า,19.851383,100.453975,17.9,80,0,Clear,1
1589,13/10/2024,14/10/2024 3:00,3,ภูชี้ฟ้า,19.851383,100.453975,17.4,83,0,Clear,0
1590,14/10/2024,14/10/2024 21:00,21,ภูชี้ฟ้า,19.851383,100.453975,16.6,94,0,Partly Cloudy,0
1591,14/10/2024,14/10/2024 22:00,22,ภูชี้ฟ้า,19.851383,100.453975,16.4,94,0,Mainly Clear,0
1592,14/10/2024,14/10/2024 23:00,23,ภูชี้ฟ้า,19.851383,100.453975,16.4,91,0,Clear,0
1593,14/10/2024,15/10/2024 0:00,0,ภูชี้ฟ้า,19.851383,100.453975,17.1,87,0,Clear,0
1594,14/10/2024,15/10/2024 1:00,1,ภูชี้ฟ้า,19.851383,100.453975,16.2,91,0,Clear,0
1595,14/10/2024,15/10/2024 2:00,2,ภูชี้ฟ้า,19.851383,100.453975,17.4,86,0,Clear,0
1596,14/10/2024,15/10/2024 3:00,3,ภูชี้ฟ้า,19.851383,100.453975,18.4,80,0,Clear,1
1597,15/10/2024,15/10/2024 21:00,21,ภูชี้ฟ้า,19.851383,100.453975,16.2,100,0,Overcast,0
1598,15/10/2024,15/10/2024 22:00,22,ภูชี้ฟ้า,19.851383,100.453975,16,100,0,Overcast,0
1599,15/10/2024,15/10/2024 23:00,23,ภูชี้ฟ้า,19.851383,100.453975,15.6,100,0,Overcast,0
1600,15/10/2024,16/10/2024 0:00,0,ภูชี้ฟ้า,19.851383,100.453975,15.3,100,0,Overcast,0
1601,15/10/2024,16/10/2024 1:00,1,ภูชี้ฟ้า,19.851383,100.453975,15.1,100,0,Overcast,0
1602,15/10/2024,16/10/2024 2:00,2,ภูชี้ฟ้า,19.851383,100.453975,14.9,100,0,Overcast,0
1603,15/10/2024,16/10/2024 3:00,3,ภูชี้ฟ้า,19.851383,100.453975,14.7,100,0,Overcast,0
1604,16/10/2024,16/10/2024 21:00,21,ภูชี้ฟ้า,19.851383,100.453975,17,100,0,Overcast,0
1605,16/10/2024,16/10/2024 22:00,22,ภูชี้ฟ้า,19.851383,100.453975,16.5,100,0,Overcast,0
1606,16/10/2024,16/10/2024 23:00,23,ภูชี้ฟ้า,19.851383,100.453975,17,100,0,Overcast,0
1607,16/10/2024,17/10/2024 0:00,0,ภูชี้ฟ้า,19.851383,100.453975,16.9,99,0,Overcast,0
1608,16/10/2024,17/10/2024 1:00,1,ภูชี้ฟ้า,19.851383,100.453975,16.8,97,0,Overcast,0
1609,16/10/2024,17/10/2024 2:00,2,ภูชี้ฟ้า,19.851383,100.453975,16.9,96,0,Overcast,0
1610,16/10/2024,17/10/2024 3:00,3,ภูชี้ฟ้า,19.851383,100.453975,16.2,97,0,Overcast,0
1611,17/10/2024,17/10/2024 21:00,21,ภูชี้ฟ้า,19.851383,100.453975,17.2,92,0,Mainly Clear,0
1612,17/10/2024,17/10/2024 22:00,22,ภูชี้ฟ้า,19.851383,100.453975,17.5,89,0,Mainly Clear,0
1613,17/10/2024,17/10/2024 23:00,23,ภูชี้ฟ้า,19.851383,100.453975,17.2,89,0,Clear,0
1614,17/10/2024,18/10/2024 0:00,0,ภูชี้ฟ้า,19.851383,100.453975,16.9,91,0,Clear,0
1615,17/10/2024,18/10/2024 1:00,1,ภูชี้ฟ้า,19.851383,100.453975,17.3,88,0,Partly Cloudy,0
1616,17/10/2024,18/10/2024 2:00,2,ภูชี้ฟ้า,19.851383,100.453975,17.4,87,0,Partly Cloudy,0
1617,17/10/2024,18/10/2024 3:00,3,ภูชี้ฟ้า,19.851383,100.453975,17.2,87,0,Clear,0
1618,18/10/2024,18/10/2024 21:00,21,ภูชี้ฟ้า,19.851383,100.453975,18.1,89,0,Partly Cloudy,0
1619,18/10/2024,18/10/2024 22:00,22,ภูชี้ฟ้า,19.851383,100.453975,18.8,82,0,Mainly Clear,0
1620,18/10/2024,18/10/2024 23:00,23,ภูชี้ฟ้า,19.851383,100.453975,19.2,77,0,Mainly Clear,1
1621,18/10/2024,19/10/2024 0:00,0,ภูชี้ฟ้า,19.851383,100.453975,19.9,72,0,Mainly Clear,1
1622,18/10/2024,19/10/2024 1:00,1,ภูชี้ฟ้า,19.851383,100.453975,20.4,69,0,Clear,1
1623,18/10/2024,19/10/2024 2:00,2,ภูชี้ฟ้า,19.851383,100.453975,20.2,70,0,Mainly Clear,1
1624,18/10/2024,19/10/2024 3:00,3,ภูชี้ฟ้า,19.851383,100.453975,19.9,71,0,Mainly Clear,1
1625,19/10/2024,19/10/2024 21:00,21,ภูชี้ฟ้า,19.851383,100.453975,17.7,95,0,Partly Cloudy,0
1626,19/10/2024,19/10/2024 22:00,22,ภูชี้ฟ้า,19.851383,100.453975,17.6,94,0.1,Light Drizzle,0
1627,19/10/2024,19/10/2024 23:00,23,ภูชี้ฟ้า,19.851383,100.453975,17.4,94,0.8,Drizzle,0
1628,19/10/2024,20/10/2024 0:00,0,ภูชี้ฟ้า,19.851383,100.453975,16,100,5.3,Rain,0
1629,19/10/2024,20/10/2024 1:00,1,ภูชี้ฟ้า,19.851383,100.453975,15.9,100,0.1,Light Drizzle,0
1630,19/10/2024,20/10/2024 2:00,2,ภูชี้ฟ้า,19.851383,100.453975,15.7,100,1.1,Heavy Drizzle,0
1631,19/10/2024,20/10/2024 3:00,3,ภูชี้ฟ้า,19.851383,100.453975,15.4,100,1.3,Light Rain,0
1632,20/10/2024,20/10/2024 21:00,21,ภูชี้ฟ้า,19.851383,100.453975,16.5,96,0,Partly Cloudy,0
1633,20/10/2024,20/10/2024 22:00,22,ภูชี้ฟ้า,19.851383,100.453975,15.2,99,1.8,Light Rain,0
1634,20/10/2024,20/10/2024 23:00,23,ภูชี้ฟ้า,19.851383,100.453975,15.4,100,1.7,Light Rain,0
1635,20/10/2024,21/10/2024 0:00,0,ภูชี้ฟ้า,19.851383,100.453975,15.2,99,0,Overcast,0
1636,20/10/2024,21/10/2024 1:00,1,ภูชี้ฟ้า,19.851383,100.453975,14.9,99,0,Overcast,0
1637,20/10/2024,21/10/2024 2:00,2,ภูชี้ฟ้า,19.851383,100.453975,14.9,100,0,Overcast,0
1638,20/10/2024,21/10/2024 3:00,3,ภูชี้ฟ้า,19.851383,100.453975,14.8,100,0,Overcast,0
1639,21/10/2024,21/10/2024 21:00,21,ภูชี้ฟ้า,19.851383,100.453975,16.1,97,0,Overcast,0
1640,21/10/2024,21/10/2024 22:00,22,ภูชี้ฟ้า,19.851383,100.453975,15.8,96,0,Partly Cloudy,0
1641,21/10/2024,21/10/2024 23:00,23,ภูชี้ฟ้า,19.851383,100.453975,16,95,0,Mainly Clear,0
1642,21/10/2024,22/10/2024 0:00,0,ภูชี้ฟ้า,19.851383,100.453975,15.8,96,0,Clear,0
1643,21/10/2024,22/10/2024 1:00,1,ภูชี้ฟ้า,19.851383,100.453975,15.5,99,0,Clear,0
1644,21/10/2024,22/10/2024 2:00,2,ภูชี้ฟ้า,19.851383,100.453975,15.1,100,0,Overcast,0
1645,21/10/2024,22/10/2024 3:00,3,ภูชี้ฟ้า,19.851383,100.453975,15.2,100,0,Overcast,0
1646,22/10/2024,22/10/2024 21:00,21,ภูชี้ฟ้า,19.851383,100.453975,17.4,92,0,Mainly Clear,0
1647,22/10/2024,22/10/2024 22:00,22,ภูชี้ฟ้า,19.851383,100.453975,17.5,91,0,Mainly Clear,0
1648,22/10/2024,22/10/2024 23:00,23,ภูชี้ฟ้า,19.851383,100.453975,17.3,90,0,Mainly Clear,0
1649,22/10/2024,23/10/2024 0:00,0,ภูชี้ฟ้า,19.851383,100.453975,17.2,88,0,Clear,0
1650,22/10/2024,23/10/2024 1:00,1,ภูชี้ฟ้า,19.851383,100.453975,16.4,89,0.1,Light Drizzle,0
1651,22/10/2024,23/10/2024 2:00,2,ภูชี้ฟ้า,19.851383,100.453975,16.1,91,0.1,Light Drizzle,0
1652,22/10/2024,23/10/2024 3:00,3,ภูชี้ฟ้า,19.851383,100.453975,15.8,93,0.1,Light Drizzle,0
1653,23/10/2024,23/10/2024 21:00,21,ภูชี้ฟ้า,19.851383,100.453975,17.5,88,0,Mainly Clear,0
1654,23/10/2024,23/10/2024 22:00,22,ภูชี้ฟ้า,19.851383,100.453975,17,88,0,Clear,0
1655,23/10/2024,23/10/2024 23:00,23,ภูชี้ฟ้า,19.851383,100.453975,17.6,82,0,Clear,0
1656,23/10/2024,24/10/2024 0:00,0,ภูชี้ฟ้า,19.851383,100.453975,17.1,84,0,Clear,0
1657,23/10/2024,24/10/2024 1:00,1,ภูชี้ฟ้า,19.851383,100.453975,17.3,81,0,Clear,1
1658,23/10/2024,24/10/2024 2:00,2,ภูชี้ฟ้า,19.851383,100.453975,17.3,80,0,Mainly Clear,1
1659,23/10/2024,24/10/2024 3:00,3,ภูชี้ฟ้า,19.851383,100.453975,17.2,80,0,Partly Cloudy,0
1660,24/10/2024,24/10/2024 21:00,21,ภูชี้ฟ้า,19.851383,100.453975,17.4,86,0,Clear,0
1661,24/10/2024,24/10/2024 22:00,22,ภูชี้ฟ้า,19.851383,100.453975,18,81,0,Clear,1
1662,24/10/2024,24/10/2024 23:00,23,ภูชี้ฟ้า,19.851383,100.453975,18.5,78,0,Clear,1
1663,24/10/2024,25/10/2024 0:00,0,ภูชี้ฟ้า,19.851383,100.453975,16.9,85,0,Clear,0
1664,24/10/2024,25/10/2024 1:00,1,ภูชี้ฟ้า,19.851383,100.453975,16.8,85,0,Clear,0
1665,24/10/2024,25/10/2024 2:00,2,ภูชี้ฟ้า,19.851383,100.453975,17.6,80,0,Mainly Clear,0
1666,24/10/2024,25/10/2024 3:00,3,ภูชี้ฟ้า,19.851383,100.453975,17,83,0,Partly Cloudy,0
1667,25/10/2024,25/10/2024 21:00,21,ภูชี้ฟ้า,19.851383,100.453975,19.4,77,0,Clear,1
1668,25/10/2024,25/10/2024 22:00,22,ภูชี้ฟ้า,19.851383,100.453975,20,71,0,Partly Cloudy,1
1669,25/10/2024,25/10/2024 23:00,23,ภูชี้ฟ้า,19.851383,100.453975,20.2,68,0,Overcast,0
1670,25/10/2024,26/10/2024 0:00,0,ภูชี้ฟ้า,19.851383,100.453975,19.7,70,0,Overcast,0
1671,25/10/2024,26/10/2024 1:00,1,ภูชี้ฟ้า,19.851383,100.453975,18.4,77,0,Overcast,0
1672,25/10/2024,26/10/2024 2:00,2,ภูชี้ฟ้า,19.851383,100.453975,17.9,79,0,Overcast,0
1673,25/10/2024,26/10/2024 3:00,3,ภูชี้ฟ้า,19.851383,100.453975,17.6,81,0,Overcast,0
1674,26/10/2024,26/10/2024 21:00,21,ภูชี้ฟ้า,19.851383,100.453975,19,84,0,Overcast,0
1675,26/10/2024,26/10/2024 22:00,22,ภูชี้ฟ้า,19.851383,100.453975,18.8,83,0,Mainly Clear,0
1676,26/10/2024,26/10/2024 23:00,23,ภูชี้ฟ้า,19.851383,100.453975,18.8,81,0,Clear,0
1677,26/10/2024,27/10/2024 0:00,0,ภูชี้ฟ้า,19.851383,100.453975,18.8,80,0,Mainly Clear,1
1678,26/10/2024,27/10/2024 1:00,1,ภูชี้ฟ้า,19.851383,100.453975,18.5,82,0,Mainly Clear,0
1679,26/10/2024,27/10/2024 2:00,2,ภูชี้ฟ้า,19.851383,100.453975,18.4,82,0,Mainly Clear,0
1680,26/10/2024,27/10/2024 3:00,3,ภูชี้ฟ้า,19.851383,100.453975,18.7,79,0,Overcast,0
1681,27/10/2024,27/10/2024 21:00,21,ภูชี้ฟ้า,19.851383,100.453975,17.8,66,0,Clear,1
1682,27/10/2024,27/10/2024 22:00,22,ภูชี้ฟ้า,19.851383,100.453975,17.5,66,0,Clear,1
1683,27/10/2024,27/10/2024 23:00,23,ภูชี้ฟ้า,19.851383,100.453975,17.1,67,0,Clear,1
1684,27/10/2024,28/10/2024 0:00,0,ภูชี้ฟ้า,19.851383,100.453975,17.1,66,0,Clear,1
1685,27/10/2024,28/10/2024 1:00,1,ภูชี้ฟ้า,19.851383,100.453975,17.4,61,0,Clear,1
1686,27/10/2024,28/10/2024 2:00,2,ภูชี้ฟ้า,19.851383,100.453975,17.2,59,0,Clear,1
1687,27/10/2024,28/10/2024 3:00,3,ภูชี้ฟ้า,19.851383,100.453975,16.3,63,0,Mainly Clear,1
1688,28/10/2024,28/10/2024 21:00,21,ภูชี้ฟ้า,19.851383,100.453975,17.1,72,0,Clear,1
1689,28/10/2024,28/10/2024 22:00,22,ภูชี้ฟ้า,19.851383,100.453975,17.1,69,0,Clear,1
1690,28/10/2024,28/10/2024 23:00,23,ภูชี้ฟ้า,19.851383,100.453975,17.8,60,0,Clear,1
1691,28/10/2024,29/10/2024 0:00,0,ภูชี้ฟ้า,19.851383,100.453975,17.9,60,0,Overcast,0
1692,28/10/2024,29/10/2024 1:00,1,ภูชี้ฟ้า,19.851383,100.453975,18,59,0,Partly Cloudy,1
1693,28/10/2024,29/10/2024 2:00,2,ภูชี้ฟ้า,19.851383,100.453975,17.9,60,0,Mainly Clear,1
1694,28/10/2024,29/10/2024 3:00,3,ภูชี้ฟ้า,19.851383,100.453975,17.7,60,0,Partly Cloudy,1
1695,29/10/2024,29/10/2024 21:00,21,ภูชี้ฟ้า,19.851383,100.453975,18.6,66,0,Clear,1
1696,29/10/2024,29/10/2024 22:00,22,ภูชี้ฟ้า,19.851383,100.453975,18.9,63,0,Clear,1
1697,29/10/2024,29/10/2024 23:00,23,ภูชี้ฟ้า,19.851383,100.453975,18.2,65,0,Clear,1
1698,29/10/2024,30/10/2024 0:00,0,ภูชี้ฟ้า,19.851383,100.453975,18.8,61,0,Clear,1
1699,29/10/2024,30/10/2024 1:00,1,ภูชี้ฟ้า,19.851383,100.453975,18.7,60,0,Clear,1
1700,29/10/2024,30/10/2024 2:00,2,ภูชี้ฟ้า,19.851383,100.453975,18.5,61,0,Clear,1
1701,29/10/2024,30/10/2024 3:00,3,ภูชี้ฟ้า,19.851383,100.453975,18.2,62,0,Clear,1
1702,30/10/2024,30/10/2024 21:00,21,ภูชี้ฟ้า,19.851383,100.453975,18.6,74,0,Clear,1
1703,30/10/2024,30/10/2024 22:00,22,ภูชี้ฟ้า,19.851383,100.453975,19.3,67,0,Clear,1
1704,30/10/2024,30/10/2024 23:00,23,ภูชี้ฟ้า,19.851383,100.453975,20,61,0,Clear,1
1705,30/10/2024,31/10/2024 0:00,0,ภูชี้ฟ้า,19.851383,100.453975,17.9,73,0,Clear,1
1706,30/10/2024,31/10/2024 1:00,1,ภูชี้ฟ้า,19.851383,100.453975,17.3,76,0,Clear,1
1707,30/10/2024,31/10/2024 2:00,2,ภูชี้ฟ้า,19.851383,100.453975,17,77,0,Clear,1
1708,30/10/2024,31/10/2024 3:00,3,ภูชี้ฟ้า,19.851383,100.453975,16.1,81,0,Clear,1
1709,31/10/2024,31/10/2024 21:00,21,ภูชี้ฟ้า,19.851383,100.453975,19.2,72,0,Clear,1
1710,31/10/2024,31/10/2024 22:00,22,ภูชี้ฟ้า,19.851383,100.453975,19.5,69,0,Clear,1
1711,31/10/2024,31/10/2024 23:00,23,ภูชี้ฟ้า,19.851383,100.453975,19.5,69,0,Clear,1
1712,31/10/2024,1/11/2024 0:00,0,ภูชี้ฟ้า,19.851383,100.453975,18.4,75,0,Clear,1
1713,31/10/2024,1/11/2024 1:00,1,ภูชี้ฟ้า,19.851383,100.453975,18.4,74,0,Clear,1
1714,31/10/2024,1/11/2024 2:00,2,ภูชี้ฟ้า,19.851383,100.453975,17.3,79,0,Clear,1
1715,31/10/2024,1/11/2024 3:00,3,ภูชี้ฟ้า,19.851383,100.453975,17,80,0,Clear,1
1716,1/11/2024,1/11/2024 21:00,21,ภูชี้ฟ้า,19.851383,100.453975,18.7,76,0,Clear,1
1717,1/11/2024,1/11/2024 22:00,22,ภูชี้ฟ้า,19.851383,100.453975,18.4,78,0,Clear,1
1718,1/11/2024,1/11/2024 23:00,23,ภูชี้ฟ้า,19.851383,100.453975,19.8,68,0.4,Light Drizzle,0
1719,1/11/2024,2/11/2024 0:00,0,ภูชี้ฟ้า,19.851383,100.453975,20,66,0,Clear,1
1720,1/11/2024,2/11/2024 1:00,1,ภูชี้ฟ้า,19.851383,100.453975,19.8,67,0,Clear,1
1721,1/11/2024,2/11/2024 2:00,2,ภูชี้ฟ้า,19.851383,100.453975,18.7,72,0,Mainly Clear,1
1722,1/11/2024,2/11/2024 3:00,3,ภูชี้ฟ้า,19.851383,100.453975,15.3,88,0.6,Drizzle,0
1723,2/11/2024,2/11/2024 21:00,21,ภูชี้ฟ้า,19.851383,100.453975,16.2,72,0,Mainly Clear,1
1724,2/11/2024,2/11/2024 22:00,22,ภูชี้ฟ้า,19.851383,100.453975,16,72,0,Clear,1
1725,2/11/2024,2/11/2024 23:00,23,ภูชี้ฟ้า,19.851383,100.453975,15.8,71,0,Clear,1
1726,2/11/2024,3/11/2024 0:00,0,ภูชี้ฟ้า,19.851383,100.453975,15.2,71,0,Mainly Clear,1
1727,2/11/2024,3/11/2024 1:00,1,ภูชี้ฟ้า,19.851383,100.453975,14.8,69,0,Mainly Clear,1
1728,2/11/2024,3/11/2024 2:00,2,ภูชี้ฟ้า,19.851383,100.453975,14.2,71,0,Clear,1
1729,2/11/2024,3/11/2024 3:00,3,ภูชี้ฟ้า,19.851383,100.453975,14.4,69,0,Clear,1
1730,3/11/2024,3/11/2024 21:00,21,ภูชี้ฟ้า,19.851383,100.453975,15.3,74,0,Clear,1
1731,3/11/2024,3/11/2024 22:00,22,ภูชี้ฟ้า,19.851383,100.453975,16.6,58,0,Clear,1
1732,3/11/2024,3/11/2024 23:00,23,ภูชี้ฟ้า,19.851383,100.453975,16.6,57,0,Clear,1
1733,3/11/2024,4/11/2024 0:00,0,ภูชี้ฟ้า,19.851383,100.453975,17.3,51,0,Clear,1
1734,3/11/2024,4/11/2024 1:00,1,ภูชี้ฟ้า,19.851383,100.453975,17.1,52,0,Clear,1
1735,3/11/2024,4/11/2024 2:00,2,ภูชี้ฟ้า,19.851383,100.453975,16.9,52,0,Clear,1
1736,3/11/2024,4/11/2024 3:00,3,ภูชี้ฟ้า,19.851383,100.453975,16.6,54,0,Clear,1
1737,4/11/2024,4/11/2024 21:00,21,ภูชี้ฟ้า,19.851383,100.453975,16.2,76,0,Clear,1
1738,4/11/2024,4/11/2024 22:00,22,ภูชี้ฟ้า,19.851383,100.453975,15.6,80,0,Mainly Clear,0
1739,4/11/2024,4/11/2024 23:00,23,ภูชี้ฟ้า,19.851383,100.453975,15.3,81,0.3,Light Drizzle,0
1740,4/11/2024,5/11/2024 0:00,0,ภูชี้ฟ้า,19.851383,100.453975,14.4,87,0.6,Drizzle,0
1741,4/11/2024,5/11/2024 1:00,1,ภูชี้ฟ้า,19.851383,100.453975,14.5,86,0.2,Light Drizzle,0
1742,4/11/2024,5/11/2024 2:00,2,ภูชี้ฟ้า,19.851383,100.453975,13.6,97,2.9,Rain,0
1743,4/11/2024,5/11/2024 3:00,3,ภูชี้ฟ้า,19.851383,100.453975,14,95,0.9,Drizzle,0
1744,5/11/2024,5/11/2024 21:00,21,ภูชี้ฟ้า,19.851383,100.453975,14.6,92,0,Clear,0
1745,5/11/2024,5/11/2024 22:00,22,ภูชี้ฟ้า,19.851383,100.453975,14.1,94,0,Partly Cloudy,0
1746,5/11/2024,5/11/2024 23:00,23,ภูชี้ฟ้า,19.851383,100.453975,13.9,94,0.1,Light Drizzle,0
1747,5/11/2024,6/11/2024 0:00,0,ภูชี้ฟ้า,19.851383,100.453975,13.9,94,0.1,Light Drizzle,0
1748,5/11/2024,6/11/2024 1:00,1,ภูชี้ฟ้า,19.851383,100.453975,13.4,96,0.9,Drizzle,0
1749,5/11/2024,6/11/2024 2:00,2,ภูชี้ฟ้า,19.851383,100.453975,13.1,97,0.4,Light Drizzle,0
1750,5/11/2024,6/11/2024 3:00,3,ภูชี้ฟ้า,19.851383,100.453975,12.9,98,0,Partly Cloudy,0
1751,6/11/2024,6/11/2024 21:00,21,ภูชี้ฟ้า,19.851383,100.453975,13.8,98,0,Overcast,0
1752,6/11/2024,6/11/2024 22:00,22,ภูชี้ฟ้า,19.851383,100.453975,13.8,99,0,Overcast,0
1753,6/11/2024,6/11/2024 23:00,23,ภูชี้ฟ้า,19.851383,100.453975,13.8,100,0.3,Light Drizzle,0
1754,6/11/2024,7/11/2024 0:00,0,ภูชี้ฟ้า,19.851383,100.453975,13.8,100,0.6,Drizzle,0
1755,6/11/2024,7/11/2024 1:00,1,ภูชี้ฟ้า,19.851383,100.453975,13.7,100,0.1,Light Drizzle,0
1756,6/11/2024,7/11/2024 2:00,2,ภูชี้ฟ้า,19.851383,100.453975,13.5,100,0,Overcast,0
1757,6/11/2024,7/11/2024 3:00,3,ภูชี้ฟ้า,19.851383,100.453975,13.5,100,0,Overcast,0
1758,7/11/2024,7/11/2024 21:00,21,ภูชี้ฟ้า,19.851383,100.453975,13.9,98,0.3,Light Drizzle,0
1759,7/11/2024,7/11/2024 22:00,22,ภูชี้ฟ้า,19.851383,100.453975,13.8,98,0.1,Light Drizzle,0
1760,7/11/2024,7/11/2024 23:00,23,ภูชี้ฟ้า,19.851383,100.453975,13.7,98,0,Overcast,0
1761,7/11/2024,8/11/2024 0:00,0,ภูชี้ฟ้า,19.851383,100.453975,13.6,98,0,Overcast,0
1762,7/11/2024,8/11/2024 1:00,1,ภูชี้ฟ้า,19.851383,100.453975,13.2,98,0.1,Light Drizzle,0
1763,7/11/2024,8/11/2024 2:00,2,ภูชี้ฟ้า,19.851383,100.453975,13.1,99,0.1,Light Drizzle,0
1764,7/11/2024,8/11/2024 3:00,3,ภูชี้ฟ้า,19.851383,100.453975,13.1,99,0.1,Light Drizzle,0
1765,8/11/2024,8/11/2024 21:00,21,ภูชี้ฟ้า,19.851383,100.453975,13.2,96,0,Overcast,0
1766,8/11/2024,8/11/2024 22:00,22,ภูชี้ฟ้า,19.851383,100.453975,13.1,96,0,Overcast,0
1767,8/11/2024,8/11/2024 23:00,23,ภูชี้ฟ้า,19.851383,100.453975,12.7,97,0,Overcast,0
1768,8/11/2024,9/11/2024 0:00,0,ภูชี้ฟ้า,19.851383,100.453975,12.7,97,0,Mainly Clear,0
1769,8/11/2024,9/11/2024 1:00,1,ภูชี้ฟ้า,19.851383,100.453975,12.3,98,0,Overcast,0
1770,8/11/2024,9/11/2024 2:00,2,ภูชี้ฟ้า,19.851383,100.453975,12.4,97,0,Overcast,0
1771,8/11/2024,9/11/2024 3:00,3,ภูชี้ฟ้า,19.851383,100.453975,12.4,97,0,Overcast,0
1772,9/11/2024,9/11/2024 21:00,21,ภูชี้ฟ้า,19.851383,100.453975,15.3,81,0,Clear,1
1773,9/11/2024,9/11/2024 22:00,22,ภูชี้ฟ้า,19.851383,100.453975,15.2,80,0,Clear,0
1774,9/11/2024,9/11/2024 23:00,23,ภูชี้ฟ้า,19.851383,100.453975,15,80,0,Clear,1
1775,9/11/2024,10/11/2024 0:00,0,ภูชี้ฟ้า,19.851383,100.453975,14.9,81,0,Clear,1
1776,9/11/2024,10/11/2024 1:00,1,ภูชี้ฟ้า,19.851383,100.453975,14.5,83,0,Clear,0
1777,9/11/2024,10/11/2024 2:00,2,ภูชี้ฟ้า,19.851383,100.453975,14.4,84,0,Clear,0
1778,9/11/2024,10/11/2024 3:00,3,ภูชี้ฟ้า,19.851383,100.453975,14,85,0,Clear,0
1779,10/11/2024,10/11/2024 21:00,21,ภูชี้ฟ้า,19.851383,100.453975,17.4,72,0,Clear,1
1780,10/11/2024,10/11/2024 22:00,22,ภูชี้ฟ้า,19.851383,100.453975,18,68,0,Clear,1
1781,10/11/2024,10/11/2024 23:00,23,ภูชี้ฟ้า,19.851383,100.453975,17.8,68,0,Clear,1
1782,10/11/2024,11/11/2024 0:00,0,ภูชี้ฟ้า,19.851383,100.453975,17.7,69,0,Clear,1
1783,10/11/2024,11/11/2024 1:00,1,ภูชี้ฟ้า,19.851383,100.453975,17.8,68,0,Clear,1
1784,10/11/2024,11/11/2024 2:00,2,ภูชี้ฟ้า,19.851383,100.453975,17.8,68,0,Clear,1
1785,10/11/2024,11/11/2024 3:00,3,ภูชี้ฟ้า,19.851383,100.453975,17.7,67,0,Clear,1
1786,11/11/2024,11/11/2024 21:00,21,ภูชี้ฟ้า,19.851383,100.453975,18.3,71,0,Clear,1
1787,11/11/2024,11/11/2024 22:00,22,ภูชี้ฟ้า,19.851383,100.453975,18.8,67,0,Clear,1
1788,11/11/2024,11/11/2024 23:00,23,ภูชี้ฟ้า,19.851383,100.453975,19,66,0,Clear,1
1789,11/11/2024,12/11/2024 0:00,0,ภูชี้ฟ้า,19.851383,100.453975,18.9,65,0,Clear,1
1790,11/11/2024,12/11/2024 1:00,1,ภูชี้ฟ้า,19.851383,100.453975,16.7,76,0,Clear,1
1791,11/11/2024,12/11/2024 2:00,2,ภูชี้ฟ้า,19.851383,100.453975,15.6,82,0,Clear,1
1792,11/11/2024,12/11/2024 3:00,3,ภูชี้ฟ้า,19.851383,100.453975,17.7,69,0,Clear,1
1793,12/11/2024,12/11/2024 21:00,21,ภูชี้ฟ้า,19.851383,100.453975,16.7,88,0,Clear,0
1794,12/11/2024,12/11/2024 22:00,22,ภูชี้ฟ้า,19.851383,100.453975,17.3,83,0,Clear,0
1795,12/11/2024,12/11/2024 23:00,23,ภูชี้ฟ้า,19.851383,100.453975,17.6,79,0,Clear,1
1796,12/11/2024,13/11/2024 0:00,0,ภูชี้ฟ้า,19.851383,100.453975,17.7,77,0,Clear,1
1797,12/11/2024,13/11/2024 1:00,1,ภูชี้ฟ้า,19.851383,100.453975,17.6,77,0,Clear,1
1798,12/11/2024,13/11/2024 2:00,2,ภูชี้ฟ้า,19.851383,100.453975,17.2,79,0,Clear,1
1799,12/11/2024,13/11/2024 3:00,3,ภูชี้ฟ้า,19.851383,100.453975,16.8,80,0,Clear,1
1800,13/11/2024,13/11/2024 21:00,21,ภูชี้ฟ้า,19.851383,100.453975,17.2,90,0,Clear,0
1801,13/11/2024,13/11/2024 22:00,22,ภูชี้ฟ้า,19.851383,100.453975,17.3,88,0,Clear,0
1802,13/11/2024,13/11/2024 23:00,23,ภูชี้ฟ้า,19.851383,100.453975,17.4,86,0,Clear,0
1803,13/11/2024,14/11/2024 0:00,0,ภูชี้ฟ้า,19.851383,100.453975,17.5,84,0,Clear,0
1804,13/11/2024,14/11/2024 1:00,1,ภูชี้ฟ้า,19.851383,100.453975,17.5,82,0,Clear,0
1805,13/11/2024,14/11/2024 2:00,2,ภูชี้ฟ้า,19.851383,100.453975,17.3,81,0,Clear,1
1806,13/11/2024,14/11/2024 3:00,3,ภูชี้ฟ้า,19.851383,100.453975,17.3,80,0,Clear,1
1807,14/11/2024,14/11/2024 21:00,21,ภูชี้ฟ้า,19.851383,100.453975,17.2,87,0,Clear,0
1808,14/11/2024,14/11/2024 22:00,22,ภูชี้ฟ้า,19.851383,100.453975,17.4,82,0,Clear,1
1809,14/11/2024,14/11/2024 23:00,23,ภูชี้ฟ้า,19.851383,100.453975,17.6,78,0,Clear,1
1810,14/11/2024,15/11/2024 0:00,0,ภูชี้ฟ้า,19.851383,100.453975,17.6,77,0,Clear,1
1811,14/11/2024,15/11/2024 1:00,1,ภูชี้ฟ้า,19.851383,100.453975,17.5,78,0,Mainly Clear,1
1812,14/11/2024,15/11/2024 2:00,2,ภูชี้ฟ้า,19.851383,100.453975,17.1,80,0,Overcast,0
1813,14/11/2024,15/11/2024 3:00,3,ภูชี้ฟ้า,19.851383,100.453975,16.8,82,0,Partly Cloudy,0
1814,15/11/2024,15/11/2024 21:00,21,ภูชี้ฟ้า,19.851383,100.453975,17,58,0,Clear,1
1815,15/11/2024,15/11/2024 22:00,22,ภูชี้ฟ้า,19.851383,100.453975,17.4,52,0,Partly Cloudy,1
1816,15/11/2024,15/11/2024 23:00,23,ภูชี้ฟ้า,19.851383,100.453975,17.7,52,0,Mainly Clear,1
1817,15/11/2024,16/11/2024 0:00,0,ภูชี้ฟ้า,19.851383,100.453975,17.6,54,0,Clear,1
1818,15/11/2024,16/11/2024 1:00,1,ภูชี้ฟ้า,19.851383,100.453975,17.1,56,0,Partly Cloudy,1
1819,15/11/2024,16/11/2024 2:00,2,ภูชี้ฟ้า,19.851383,100.453975,16.3,59,0,Clear,1
1820,15/11/2024,16/11/2024 3:00,3,ภูชี้ฟ้า,19.851383,100.453975,15.7,60,0,Clear,1
1821,16/11/2024,16/11/2024 21:00,21,ภูชี้ฟ้า,19.851383,100.453975,16.2,64,0,Clear,1
1822,16/11/2024,16/11/2024 22:00,22,ภูชี้ฟ้า,19.851383,100.453975,16.8,58,0,Clear,1
1823,16/11/2024,16/11/2024 23:00,23,ภูชี้ฟ้า,19.851383,100.453975,17,53,0,Clear,1
1824,16/11/2024,17/11/2024 0:00,0,ภูชี้ฟ้า,19.851383,100.453975,16.5,53,0,Clear,1
1825,16/11/2024,17/11/2024 1:00,1,ภูชี้ฟ้า,19.851383,100.453975,16.1,54,0,Clear,1
1826,16/11/2024,17/11/2024 2:00,2,ภูชี้ฟ้า,19.851383,100.453975,15.7,57,0,Clear,1
1827,16/11/2024,17/11/2024 3:00,3,ภูชี้ฟ้า,19.851383,100.453975,15.8,60,0,Clear,1
1828,17/11/2024,17/11/2024 21:00,21,ภูชี้ฟ้า,19.851383,100.453975,17.2,77,0,Clear,1
1829,17/11/2024,17/11/2024 22:00,22,ภูชี้ฟ้า,19.851383,100.453975,16.9,76,0,Mainly Clear,1
1830,17/11/2024,17/11/2024 23:00,23,ภูชี้ฟ้า,19.851383,100.453975,16.6,76,0,Overcast,0
1831,17/11/2024,18/11/2024 0:00,0,ภูชี้ฟ้า,19.851383,100.453975,15.9,79,0,Overcast,0
1832,17/11/2024,18/11/2024 1:00,1,ภูชี้ฟ้า,19.851383,100.453975,15.9,79,0,Mainly Clear,1
1833,17/11/2024,18/11/2024 2:00,2,ภูชี้ฟ้า,19.851383,100.453975,15.9,80,0,Partly Cloudy,1
1834,17/11/2024,18/11/2024 3:00,3,ภูชี้ฟ้า,19.851383,100.453975,16.2,77,0,Partly Cloudy,1
1835,18/11/2024,18/11/2024 21:00,21,ภูชี้ฟ้า,19.851383,100.453975,15.2,84,0,Clear,0
1836,18/11/2024,18/11/2024 22:00,22,ภูชี้ฟ้า,19.851383,100.453975,14.6,86,0,Clear,0
1837,18/11/2024,18/11/2024 23:00,23,ภูชี้ฟ้า,19.851383,100.453975,14.2,87,0,Clear,0
1838,18/11/2024,19/11/2024 0:00,0,ภูชี้ฟ้า,19.851383,100.453975,14,88,0,Clear,0
1839,18/11/2024,19/11/2024 1:00,1,ภูชี้ฟ้า,19.851383,100.453975,14,88,0,Clear,0
1840,18/11/2024,19/11/2024 2:00,2,ภูชี้ฟ้า,19.851383,100.453975,14.1,87,0,Clear,0
1841,18/11/2024,19/11/2024 3:00,3,ภูชี้ฟ้า,19.851383,100.453975,14.3,86,0,Clear,0
1842,19/11/2024,19/11/2024 21:00,21,ภูชี้ฟ้า,19.851383,100.453975,15.6,76,0,Clear,1
1843,19/11/2024,19/11/2024 22:00,22,ภูชี้ฟ้า,19.851383,100.453975,15.3,75,0,Clear,1
1844,19/11/2024,19/11/2024 23:00,23,ภูชี้ฟ้า,19.851383,100.453975,15.4,74,0,Clear,1
1845,19/11/2024,20/11/2024 0:00,0,ภูชี้ฟ้า,19.851383,100.453975,15.3,74,0,Clear,1
1846,19/11/2024,20/11/2024 1:00,1,ภูชี้ฟ้า,19.851383,100.453975,15.1,74,0,Clear,1
1847,19/11/2024,20/11/2024 2:00,2,ภูชี้ฟ้า,19.851383,100.453975,14.8,76,0,Clear,1
1848,19/11/2024,20/11/2024 3:00,3,ภูชี้ฟ้า,19.851383,100.453975,14.7,77,0,Clear,1
1849,20/11/2024,20/11/2024 21:00,21,ภูชี้ฟ้า,19.851383,100.453975,15.1,83,0,Clear,0
1850,20/11/2024,20/11/2024 22:00,22,ภูชี้ฟ้า,19.851383,100.453975,15,80,0,Clear,1
1851,20/11/2024,20/11/2024 23:00,23,ภูชี้ฟ้า,19.851383,100.453975,15,80,0,Clear,1
1852,20/11/2024,21/11/2024 0:00,0,ภูชี้ฟ้า,19.851383,100.453975,15,79,0,Mainly Clear,1
1853,20/11/2024,21/11/2024 1:00,1,ภูชี้ฟ้า,19.851383,100.453975,14.3,82,0,Mainly Clear,0
1854,20/11/2024,21/11/2024 2:00,2,ภูชี้ฟ้า,19.851383,100.453975,14.1,85,0.4,Light Drizzle,0
1855,20/11/2024,21/11/2024 3:00,3,ภูชี้ฟ้า,19.851383,100.453975,13.8,87,0,Mainly Clear,0
1856,21/11/2024,21/11/2024 21:00,21,ภูชี้ฟ้า,19.851383,100.453975,14.7,89,0,Mainly Clear,0
1857,21/11/2024,21/11/2024 22:00,22,ภูชี้ฟ้า,19.851383,100.453975,14.4,89,0,Clear,0
1858,21/11/2024,21/11/2024 23:00,23,ภูชี้ฟ้า,19.851383,100.453975,14,90,0,Clear,0
1859,21/11/2024,22/11/2024 0:00,0,ภูชี้ฟ้า,19.851383,100.453975,13.6,91,0,Clear,0
1860,21/11/2024,22/11/2024 1:00,1,ภูชี้ฟ้า,19.851383,100.453975,13.8,90,0,Clear,0
1861,21/11/2024,22/11/2024 2:00,2,ภูชี้ฟ้า,19.851383,100.453975,13,93,0,Mainly Clear,0
1862,21/11/2024,22/11/2024 3:00,3,ภูชี้ฟ้า,19.851383,100.453975,12.5,95,0,Mainly Clear,0
1863,22/11/2024,22/11/2024 21:00,21,ภูชี้ฟ้า,19.851383,100.453975,15.3,73,0,Mainly Clear,1
1864,22/11/2024,22/11/2024 22:00,22,ภูชี้ฟ้า,19.851383,100.453975,15,74,0,Mainly Clear,1
1865,22/11/2024,22/11/2024 23:00,23,ภูชี้ฟ้า,19.851383,100.453975,14.4,76,0,Mainly Clear,1
1866,22/11/2024,23/11/2024 0:00,0,ภูชี้ฟ้า,19.851383,100.453975,13.8,79,0,Mainly Clear,1
1867,22/11/2024,23/11/2024 1:00,1,ภูชี้ฟ้า,19.851383,100.453975,13.7,82,0,Mainly Clear,0
1868,22/11/2024,23/11/2024 2:00,2,ภูชี้ฟ้า,19.851383,100.453975,13.2,85,0.1,Light Drizzle,0
1869,22/11/2024,23/11/2024 3:00,3,ภูชี้ฟ้า,19.851383,100.453975,12.8,87,0,Clear,0
1870,23/11/2024,23/11/2024 21:00,21,ภูชี้ฟ้า,19.851383,100.453975,14.3,87,0,Clear,0
1871,23/11/2024,23/11/2024 22:00,22,ภูชี้ฟ้า,19.851383,100.453975,14.2,87,0,Clear,0
1872,23/11/2024,23/11/2024 23:00,23,ภูชี้ฟ้า,19.851383,100.453975,14,87,0.1,Light Drizzle,0
1873,23/11/2024,24/11/2024 0:00,0,ภูชี้ฟ้า,19.851383,100.453975,13.9,87,0,Clear,0
1874,23/11/2024,24/11/2024 1:00,1,ภูชี้ฟ้า,19.851383,100.453975,14,86,0,Clear,0
1875,23/11/2024,24/11/2024 2:00,2,ภูชี้ฟ้า,19.851383,100.453975,14.1,85,0,Mainly Clear,0
1876,23/11/2024,24/11/2024 3:00,3,ภูชี้ฟ้า,19.851383,100.453975,14.1,85,0,Clear,0
1877,24/11/2024,24/11/2024 21:00,21,ภูชี้ฟ้า,19.851383,100.453975,15.6,86,0,Clear,0
1878,24/11/2024,24/11/2024 22:00,22,ภูชี้ฟ้า,19.851383,100.453975,15.8,82,0,Mainly Clear,0
1879,24/11/2024,24/11/2024 23:00,23,ภูชี้ฟ้า,19.851383,100.453975,16.1,78,0,Clear,1
1880,24/11/2024,25/11/2024 0:00,0,ภูชี้ฟ้า,19.851383,100.453975,16.2,77,0,Clear,1
1881,24/11/2024,25/11/2024 1:00,1,ภูชี้ฟ้า,19.851383,100.453975,16.1,77,0,Mainly Clear,1
1882,24/11/2024,25/11/2024 2:00,2,ภูชี้ฟ้า,19.851383,100.453975,15.9,78,0,Overcast,0
1883,24/11/2024,25/11/2024 3:00,3,ภูชี้ฟ้า,19.851383,100.453975,15.5,79,0,Overcast,0
1884,25/11/2024,25/11/2024 21:00,21,ภูชี้ฟ้า,19.851383,100.453975,16.4,84,0,Overcast,0
1885,25/11/2024,25/11/2024 22:00,22,ภูชี้ฟ้า,19.851383,100.453975,16.5,79,0,Clear,1
1886,25/11/2024,25/11/2024 23:00,23,ภูชี้ฟ้า,19.851383,100.453975,16.5,77,0,Clear,1
1887,25/11/2024,26/11/2024 0:00,0,ภูชี้ฟ้า,19.851383,100.453975,16.7,75,0,Clear,1
1888,25/11/2024,26/11/2024 1:00,1,ภูชี้ฟ้า,19.851383,100.453975,16.7,75,0,Partly Cloudy,1
1889,25/11/2024,26/11/2024 2:00,2,ภูชี้ฟ้า,19.851383,100.453975,16.2,77,0,Mainly Clear,1
1890,25/11/2024,26/11/2024 3:00,3,ภูชี้ฟ้า,19.851383,100.453975,15.5,81,0,Partly Cloudy,0
1891,26/11/2024,26/11/2024 21:00,21,ภูชี้ฟ้า,19.851383,100.453975,14.9,96,0,Overcast,0
1892,26/11/2024,26/11/2024 22:00,22,ภูชี้ฟ้า,19.851383,100.453975,14.9,93,0,Mainly Clear,0
1893,26/11/2024,26/11/2024 23:00,23,ภูชี้ฟ้า,19.851383,100.453975,14.1,96,0.4,Light Drizzle,0
1894,26/11/2024,27/11/2024 0:00,0,ภูชี้ฟ้า,19.851383,100.453975,13.9,97,0.2,Light Drizzle,0
1895,26/11/2024,27/11/2024 1:00,1,ภูชี้ฟ้า,19.851383,100.453975,13.2,97,0,Partly Cloudy,0
1896,26/11/2024,27/11/2024 2:00,2,ภูชี้ฟ้า,19.851383,100.453975,13.5,98,0,Overcast,0
1897,26/11/2024,27/11/2024 3:00,3,ภูชี้ฟ้า,19.851383,100.453975,13.1,97,0,Overcast,0
1898,27/11/2024,27/11/2024 21:00,21,ภูชี้ฟ้า,19.851383,100.453975,15,99,0.5,Drizzle,0
1899,27/11/2024,27/11/2024 22:00,22,ภูชี้ฟ้า,19.851383,100.453975,14.3,100,0.5,Drizzle,0
1900,27/11/2024,27/11/2024 23:00,23,ภูชี้ฟ้า,19.851383,100.453975,14,99,1.4,Light Rain,0
1901,27/11/2024,28/11/2024 0:00,0,ภูชี้ฟ้า,19.851383,100.453975,13.5,99,0.5,Drizzle,0
1902,27/11/2024,28/11/2024 1:00,1,ภูชี้ฟ้า,19.851383,100.453975,13.4,100,0.1,Light Drizzle,0
1903,27/11/2024,28/11/2024 2:00,2,ภูชี้ฟ้า,19.851383,100.453975,13.3,100,0,Overcast,0
1904,27/11/2024,28/11/2024 3:00,3,ภูชี้ฟ้า,19.851383,100.453975,13.3,100,0,Overcast,0
1905,28/11/2024,28/11/2024 21:00,21,ภูชี้ฟ้า,19.851383,100.453975,15.2,96,0,Overcast,0
1906,28/11/2024,28/11/2024 22:00,22,ภูชี้ฟ้า,19.851383,100.453975,14.5,95,0,Overcast,0
1907,28/11/2024,28/11/2024 23:00,23,ภูชี้ฟ้า,19.851383,100.453975,14,92,0,Overcast,0
1908,28/11/2024,29/11/2024 0:00,0,ภูชี้ฟ้า,19.851383,100.453975,13.2,93,0,Overcast,0
1909,28/11/2024,29/11/2024 1:00,1,ภูชี้ฟ้า,19.851383,100.453975,13,92,0,Overcast,0
1910,28/11/2024,29/11/2024 2:00,2,ภูชี้ฟ้า,19.851383,100.453975,12.8,91,0,Overcast,0
1911,28/11/2024,29/11/2024 3:00,3,ภูชี้ฟ้า,19.851383,100.453975,12.6,90,0,Overcast,0
1912,29/11/2024,29/11/2024 21:00,21,ภูชี้ฟ้า,19.851383,100.453975,13,80,0,Mainly Clear,0
1913,29/11/2024,29/11/2024 22:00,22,ภูชี้ฟ้า,19.851383,100.453975,12.3,81,0,Overcast,0
1914,29/11/2024,29/11/2024 23:00,23,ภูชี้ฟ้า,19.851383,100.453975,12.8,80,0,Overcast,1
1915,29/11/2024,30/11/2024 0:00,0,ภูชี้ฟ้า,19.851383,100.453975,12.9,78,0,Overcast,0
1916,29/11/2024,30/11/2024 1:00,1,ภูชี้ฟ้า,19.851383,100.453975,12.2,81,0,Partly Cloudy,0
1917,29/11/2024,30/11/2024 2:00,2,ภูชี้ฟ้า,19.851383,100.453975,11.9,84,0,Overcast,0
1918,29/11/2024,30/11/2024 3:00,3,ภูชี้ฟ้า,19.851383,100.453975,11.5,86,0,Clear,0
1919,30/11/2024,30/11/2024 21:00,21,ภูชี้ฟ้า,19.851383,100.453975,13.5,80,0,Clear,1
1920,30/11/2024,30/11/2024 22:00,22,ภูชี้ฟ้า,19.851383,100.453975,13.7,78,0,Clear,1
1921,30/11/2024,30/11/2024 23:00,23,ภูชี้ฟ้า,19.851383,100.453975,13.9,75,0,Clear,1
1922,30/11/2024,1/12/2024 0:00,0,ภูชี้ฟ้า,19.851383,100.453975,13.8,74,0,Mainly Clear,1
1923,30/11/2024,1/12/2024 1:00,1,ภูชี้ฟ้า,19.851383,100.453975,13.8,73,0,Partly Cloudy,1
1924,30/11/2024,1/12/2024 2:00,2,ภูชี้ฟ้า,19.851383,100.453975,13.6,73,0,Partly Cloudy,1
1925,30/11/2024,1/12/2024 3:00,3,ภูชี้ฟ้า,19.851383,100.453975,13.4,74,0,Mainly Clear,1
1926,1/3/2024,1/3/2024 21:00,21,ภูชี้เดือน,19.882131,100.500142,17.2,56,0,Clear,1
1927,1/3/2024,1/3/2024 22:00,22,ภูชี้เดือน,19.882131,100.500142,17.2,50,0,Clear,1
1928,1/3/2024,1/3/2024 23:00,23,ภูชี้เดือน,19.882131,100.500142,15.8,60,0,Clear,1
1929,1/3/2024,2/3/2024 0:00,0,ภูชี้เดือน,19.882131,100.500142,15.6,64,0,Clear,1
1930,1/3/2024,2/3/2024 1:00,1,ภูชี้เดือน,19.882131,100.500142,15,73,0,Clear,1
1931,1/3/2024,2/3/2024 2:00,2,ภูชี้เดือน,19.882131,100.500142,14.4,82,0,Clear,0
1932,1/3/2024,2/3/2024 3:00,3,ภูชี้เดือน,19.882131,100.500142,14.4,83,0,Clear,0
1933,2/3/2024,2/3/2024 21:00,21,ภูชี้เดือน,19.882131,100.500142,16.6,72,0,Clear,1
1934,2/3/2024,2/3/2024 22:00,22,ภูชี้เดือน,19.882131,100.500142,15.6,76,0,Clear,1
1935,2/3/2024,2/3/2024 23:00,23,ภูชี้เดือน,19.882131,100.500142,15.7,72,0,Clear,1
1936,2/3/2024,3/3/2024 0:00,0,ภูชี้เดือน,19.882131,100.500142,15.7,73,0,Clear,1
1937,2/3/2024,3/3/2024 1:00,1,ภูชี้เดือน,19.882131,100.500142,15.2,75,0,Clear,1
1938,2/3/2024,3/3/2024 2:00,2,ภูชี้เดือน,19.882131,100.500142,14.6,77,0,Clear,1
1939,2/3/2024,3/3/2024 3:00,3,ภูชี้เดือน,19.882131,100.500142,14,80,0,Clear,1
1940,3/3/2024,3/3/2024 21:00,21,ภูชี้เดือน,19.882131,100.500142,18.6,49,0,Mainly Clear,1
1941,3/3/2024,3/3/2024 22:00,22,ภูชี้เดือน,19.882131,100.500142,18.3,46,0,Mainly Clear,1
1942,3/3/2024,3/3/2024 23:00,23,ภูชี้เดือน,19.882131,100.500142,17.6,51,0,Partly Cloudy,1
1943,3/3/2024,4/3/2024 0:00,0,ภูชี้เดือน,19.882131,100.500142,16.3,66,0,Clear,1
1944,3/3/2024,4/3/2024 1:00,1,ภูชี้เดือน,19.882131,100.500142,15.5,75,0,Clear,1
1945,3/3/2024,4/3/2024 2:00,2,ภูชี้เดือน,19.882131,100.500142,14.8,80,0,Partly Cloudy,1
1946,3/3/2024,4/3/2024 3:00,3,ภูชี้เดือน,19.882131,100.500142,14.5,82,0,Clear,0
1947,4/3/2024,4/3/2024 21:00,21,ภูชี้เดือน,19.882131,100.500142,17.7,43,0,Clear,1
1948,4/3/2024,4/3/2024 22:00,22,ภูชี้เดือน,19.882131,100.500142,17.3,43,0,Clear,1
1949,4/3/2024,4/3/2024 23:00,23,ภูชี้เดือน,19.882131,100.500142,17.2,42,0,Clear,1
1950,4/3/2024,5/3/2024 0:00,0,ภูชี้เดือน,19.882131,100.500142,17.3,42,0,Clear,1
1951,4/3/2024,5/3/2024 1:00,1,ภูชี้เดือน,19.882131,100.500142,17.3,41,0,Clear,1
1952,4/3/2024,5/3/2024 2:00,2,ภูชี้เดือน,19.882131,100.500142,17,42,0,Clear,1
1953,4/3/2024,5/3/2024 3:00,3,ภูชี้เดือน,19.882131,100.500142,16.3,44,0,Clear,1
1954,5/3/2024,5/3/2024 21:00,21,ภูชี้เดือน,19.882131,100.500142,17.7,45,0,Clear,1
1955,5/3/2024,5/3/2024 22:00,22,ภูชี้เดือน,19.882131,100.500142,17.9,43,0,Clear,1
1956,5/3/2024,5/3/2024 23:00,23,ภูชี้เดือน,19.882131,100.500142,17.9,42,0,Clear,1
1957,5/3/2024,6/3/2024 0:00,0,ภูชี้เดือน,19.882131,100.500142,17.7,43,0,Clear,1
1958,5/3/2024,6/3/2024 1:00,1,ภูชี้เดือน,19.882131,100.500142,17.5,41,0,Clear,1
1959,5/3/2024,6/3/2024 2:00,2,ภูชี้เดือน,19.882131,100.500142,17.5,39,0,Clear,1
1960,5/3/2024,6/3/2024 3:00,3,ภูชี้เดือน,19.882131,100.500142,17.2,38,0,Clear,1
1961,6/3/2024,6/3/2024 21:00,21,ภูชี้เดือน,19.882131,100.500142,17.1,48,0,Clear,1
1962,6/3/2024,6/3/2024 22:00,22,ภูชี้เดือน,19.882131,100.500142,17.2,43,0,Clear,1
1963,6/3/2024,6/3/2024 23:00,23,ภูชี้เดือน,19.882131,100.500142,17.3,40,0,Clear,1
1964,6/3/2024,7/3/2024 0:00,0,ภูชี้เดือน,19.882131,100.500142,16.3,45,0,Clear,1
1965,6/3/2024,7/3/2024 1:00,1,ภูชี้เดือน,19.882131,100.500142,15.2,51,0,Clear,1
1966,6/3/2024,7/3/2024 2:00,2,ภูชี้เดือน,19.882131,100.500142,16.1,44,0,Mainly Clear,1
1967,6/3/2024,7/3/2024 3:00,3,ภูชี้เดือน,19.882131,100.500142,14.5,52,0,Mainly Clear,1
1968,7/3/2024,7/3/2024 21:00,21,ภูชี้เดือน,19.882131,100.500142,18.6,52,0,Clear,1
1969,7/3/2024,7/3/2024 22:00,22,ภูชี้เดือน,19.882131,100.500142,18.3,53,0,Clear,1
1970,7/3/2024,7/3/2024 23:00,23,ภูชี้เดือน,19.882131,100.500142,17.8,57,0,Clear,1
1971,7/3/2024,8/3/2024 0:00,0,ภูชี้เดือน,19.882131,100.500142,17.6,58,0,Clear,1
1972,7/3/2024,8/3/2024 1:00,1,ภูชี้เดือน,19.882131,100.500142,15.9,67,0,Clear,1
1973,7/3/2024,8/3/2024 2:00,2,ภูชี้เดือน,19.882131,100.500142,15.7,66,0,Clear,1
1974,7/3/2024,8/3/2024 3:00,3,ภูชี้เดือน,19.882131,100.500142,15.4,66,0,Clear,1
1975,8/3/2024,8/3/2024 21:00,21,ภูชี้เดือน,19.882131,100.500142,18.3,60,0,Mainly Clear,1
1976,8/3/2024,8/3/2024 22:00,22,ภูชี้เดือน,19.882131,100.500142,17.7,62,0,Clear,1
1977,8/3/2024,8/3/2024 23:00,23,ภูชี้เดือน,19.882131,100.500142,17,69,0,Mainly Clear,1
1978,8/3/2024,9/3/2024 0:00,0,ภูชี้เดือน,19.882131,100.500142,16.2,73,0,Clear,1
1979,8/3/2024,9/3/2024 1:00,1,ภูชี้เดือน,19.882131,100.500142,16.3,72,0,Partly Cloudy,1
1980,8/3/2024,9/3/2024 2:00,2,ภูชี้เดือน,19.882131,100.500142,16.4,71,0,Clear,1
1981,8/3/2024,9/3/2024 3:00,3,ภูชี้เดือน,19.882131,100.500142,15.5,77,0,Clear,1
1982,9/3/2024,9/3/2024 21:00,21,ภูชี้เดือน,19.882131,100.500142,19.5,39,0,Clear,1
1983,9/3/2024,9/3/2024 22:00,22,ภูชี้เดือน,19.882131,100.500142,18.2,42,0,Clear,1
1984,9/3/2024,9/3/2024 23:00,23,ภูชี้เดือน,19.882131,100.500142,16.7,54,0,Clear,1
1985,9/3/2024,10/3/2024 0:00,0,ภูชี้เดือน,19.882131,100.500142,16.2,62,0,Clear,1
1986,9/3/2024,10/3/2024 1:00,1,ภูชี้เดือน,19.882131,100.500142,15.6,70,0,Clear,1
1987,9/3/2024,10/3/2024 2:00,2,ภูชี้เดือน,19.882131,100.500142,15.2,77,0,Clear,1
1988,9/3/2024,10/3/2024 3:00,3,ภูชี้เดือน,19.882131,100.500142,15,80,0,Clear,0
1989,10/3/2024,10/3/2024 21:00,21,ภูชี้เดือน,19.882131,100.500142,20.2,41,0,Overcast,0
1990,10/3/2024,10/3/2024 22:00,22,ภูชี้เดือน,19.882131,100.500142,19.5,43,0,Clear,1
1991,10/3/2024,10/3/2024 23:00,23,ภูชี้เดือน,19.882131,100.500142,18.4,46,0,Clear,1
1992,10/3/2024,11/3/2024 0:00,0,ภูชี้เดือน,19.882131,100.500142,17.6,48,0,Clear,1
1993,10/3/2024,11/3/2024 1:00,1,ภูชี้เดือน,19.882131,100.500142,16.5,53,0,Partly Cloudy,1
1994,10/3/2024,11/3/2024 2:00,2,ภูชี้เดือน,19.882131,100.500142,16.5,51,0,Partly Cloudy,1
1995,10/3/2024,11/3/2024 3:00,3,ภูชี้เดือน,19.882131,100.500142,16.3,52,0,Partly Cloudy,1
1996,11/3/2024,11/3/2024 21:00,21,ภูชี้เดือน,19.882131,100.500142,17.9,53,0,Mainly Clear,1
1997,11/3/2024,11/3/2024 22:00,22,ภูชี้เดือน,19.882131,100.500142,17.2,53,0,Partly Cloudy,1
1998,11/3/2024,11/3/2024 23:00,23,ภูชี้เดือน,19.882131,100.500142,16.7,59,0,Partly Cloudy,1
1999,11/3/2024,12/3/2024 0:00,0,ภูชี้เดือน,19.882131,100.500142,16.5,61,0,Partly Cloudy,1
2000,11/3/2024,12/3/2024 1:00,1,ภูชี้เดือน,19.882131,100.500142,16.5,59,0,Overcast,0
2001,11/3/2024,12/3/2024 2:00,2,ภูชี้เดือน,19.882131,100.500142,15.9,61,0,Overcast,0
2002,11/3/2024,12/3/2024 3:00,3,ภูชี้เดือน,19.882131,100.500142,15,70,0,Overcast,0
2003,12/3/2024,12/3/2024 21:00,21,ภูชี้เดือน,19.882131,100.500142,17.3,73,0,Clear,1
2004,12/3/2024,12/3/2024 22:00,22,ภูชี้เดือน,19.882131,100.500142,16.3,78,0,Mainly Clear,1
2005,12/3/2024,12/3/2024 23:00,23,ภูชี้เดือน,19.882131,100.500142,15.7,82,0,Clear,0
2006,12/3/2024,13/3/2024 0:00,0,ภูชี้เดือน,19.882131,100.500142,16,80,0,Clear,0
2007,12/3/2024,13/3/2024 1:00,1,ภูชี้เดือน,19.882131,100.500142,15.8,83,0,Mainly Clear,0
2008,12/3/2024,13/3/2024 2:00,2,ภูชี้เดือน,19.882131,100.500142,15.1,87,0,Clear,0
2009,12/3/2024,13/3/2024 3:00,3,ภูชี้เดือน,19.882131,100.500142,14.4,90,0,Clear,0
2010,13/3/2024,13/3/2024 21:00,21,ภูชี้เดือน,19.882131,100.500142,17.8,48,0,Clear,1
2011,13/3/2024,13/3/2024 22:00,22,ภูชี้เดือน,19.882131,100.500142,17.3,48,0,Clear,1
2012,13/3/2024,13/3/2024 23:00,23,ภูชี้เดือน,19.882131,100.500142,17.8,45,0,Clear,1
2013,13/3/2024,14/3/2024 0:00,0,ภูชี้เดือน,19.882131,100.500142,17.3,51,0,Clear,1
2014,13/3/2024,14/3/2024 1:00,1,ภูชี้เดือน,19.882131,100.500142,16.3,55,0,Clear,1
2015,13/3/2024,14/3/2024 2:00,2,ภูชี้เดือน,19.882131,100.500142,15.3,59,0,Clear,1
2016,13/3/2024,14/3/2024 3:00,3,ภูชี้เดือน,19.882131,100.500142,15,61,0,Clear,1
2017,14/3/2024,14/3/2024 21:00,21,ภูชี้เดือน,19.882131,100.500142,17.5,42,0,Clear,1
2018,14/3/2024,14/3/2024 22:00,22,ภูชี้เดือน,19.882131,100.500142,17.3,40,0,Clear,1
2019,14/3/2024,14/3/2024 23:00,23,ภูชี้เดือน,19.882131,100.500142,16.9,41,0,Clear,1
2020,14/3/2024,15/3/2024 0:00,0,ภูชี้เดือน,19.882131,100.500142,15.8,44,0,Clear,1
2021,14/3/2024,15/3/2024 1:00,1,ภูชี้เดือน,19.882131,100.500142,15.5,43,0,Mainly Clear,1
2022,14/3/2024,15/3/2024 2:00,2,ภูชี้เดือน,19.882131,100.500142,14.8,46,0,Clear,1
2023,14/3/2024,15/3/2024 3:00,3,ภูชี้เดือน,19.882131,100.500142,14.3,47,0,Clear,1
2024,15/3/2024,15/3/2024 21:00,21,ภูชี้เดือน,19.882131,100.500142,17.6,48,0,Clear,1
2025,15/3/2024,15/3/2024 22:00,22,ภูชี้เดือน,19.882131,100.500142,17.3,49,0,Clear,1
2026,15/3/2024,15/3/2024 23:00,23,ภูชี้เดือน,19.882131,100.500142,16.8,50,0,Clear,1
2027,15/3/2024,16/3/2024 0:00,0,ภูชี้เดือน,19.882131,100.500142,16.5,51,0,Clear,1
2028,15/3/2024,16/3/2024 1:00,1,ภูชี้เดือน,19.882131,100.500142,16.1,51,0,Clear,1
2029,15/3/2024,16/3/2024 2:00,2,ภูชี้เดือน,19.882131,100.500142,15.2,56,0,Clear,1
2030,15/3/2024,16/3/2024 3:00,3,ภูชี้เดือน,19.882131,100.500142,15,53,0,Clear,1
2031,16/3/2024,16/3/2024 21:00,21,ภูชี้เดือน,19.882131,100.500142,18.4,60,0,Clear,1
2032,16/3/2024,16/3/2024 22:00,22,ภูชี้เดือน,19.882131,100.500142,18.1,58,0,Clear,1
2033,16/3/2024,16/3/2024 23:00,23,ภูชี้เดือน,19.882131,100.500142,17.8,56,0,Clear,1
2034,16/3/2024,17/3/2024 0:00,0,ภูชี้เดือน,19.882131,100.500142,17.7,53,0,Clear,1
2035,16/3/2024,17/3/2024 1:00,1,ภูชี้เดือน,19.882131,100.500142,17.3,51,0,Clear,1
2036,16/3/2024,17/3/2024 2:00,2,ภูชี้เดือน,19.882131,100.500142,17.3,50,0,Clear,1
2037,16/3/2024,17/3/2024 3:00,3,ภูชี้เดือน,19.882131,100.500142,16.6,58,0,Clear,1
2038,17/3/2024,17/3/2024 21:00,21,ภูชี้เดือน,19.882131,100.500142,19.6,54,0,Clear,1
2039,17/3/2024,17/3/2024 22:00,22,ภูชี้เดือน,19.882131,100.500142,18.7,61,0,Mainly Clear,1
2040,17/3/2024,17/3/2024 23:00,23,ภูชี้เดือน,19.882131,100.500142,18.8,62,0,Partly Cloudy,1
2041,17/3/2024,18/3/2024 0:00,0,ภูชี้เดือน,19.882131,100.500142,18.1,66,0,Mainly Clear,1
2042,17/3/2024,18/3/2024 1:00,1,ภูชี้เดือน,19.882131,100.500142,17.4,63,0,Partly Cloudy,1
2043,17/3/2024,18/3/2024 2:00,2,ภูชี้เดือน,19.882131,100.500142,16.6,67,0,Overcast,0
2044,17/3/2024,18/3/2024 3:00,3,ภูชี้เดือน,19.882131,100.500142,16,73,0,Overcast,0
2045,18/3/2024,18/3/2024 21:00,21,ภูชี้เดือน,19.882131,100.500142,18.6,48,0,Mainly Clear,1
2046,18/3/2024,18/3/2024 22:00,22,ภูชี้เดือน,19.882131,100.500142,17.6,56,0,Mainly Clear,1
2047,18/3/2024,18/3/2024 23:00,23,ภูชี้เดือน,19.882131,100.500142,18,50,0,Clear,1
2048,18/3/2024,19/3/2024 0:00,0,ภูชี้เดือน,19.882131,100.500142,16.5,59,0,Clear,1
2049,18/3/2024,19/3/2024 1:00,1,ภูชี้เดือน,19.882131,100.500142,16.4,60,0,Clear,1
2050,18/3/2024,19/3/2024 2:00,2,ภูชี้เดือน,19.882131,100.500142,16.6,62,0,Clear,1
2051,18/3/2024,19/3/2024 3:00,3,ภูชี้เดือน,19.882131,100.500142,17.7,54,0,Clear,1
2052,19/3/2024,19/3/2024 21:00,21,ภูชี้เดือน,19.882131,100.500142,17.8,69,0,Mainly Clear,1
2053,19/3/2024,19/3/2024 22:00,22,ภูชี้เดือน,19.882131,100.500142,16.7,76,0,Mainly Clear,1
2054,19/3/2024,19/3/2024 23:00,23,ภูชี้เดือน,19.882131,100.500142,15.8,83,0,Mainly Clear,0
2055,19/3/2024,20/3/2024 0:00,0,ภูชี้เดือน,19.882131,100.500142,15.4,90,0,Overcast,0
2056,19/3/2024,20/3/2024 1:00,1,ภูชี้เดือน,19.882131,100.500142,15.3,92,0,Overcast,0
2057,19/3/2024,20/3/2024 2:00,2,ภูชี้เดือน,19.882131,100.500142,15.1,91,0,Partly Cloudy,0
2058,19/3/2024,20/3/2024 3:00,3,ภูชี้เดือน,19.882131,100.500142,14,96,1.2,Heavy Drizzle,0
2059,20/3/2024,20/3/2024 21:00,21,ภูชี้เดือน,19.882131,100.500142,15.4,94,0,Clear,0
2060,20/3/2024,20/3/2024 22:00,22,ภูชี้เดือน,19.882131,100.500142,15.1,96,0,Mainly Clear,0
2061,20/3/2024,20/3/2024 23:00,23,ภูชี้เดือน,19.882131,100.500142,14.8,98,0,Mainly Clear,0
2062,20/3/2024,21/3/2024 0:00,0,ภูชี้เดือน,19.882131,100.500142,14.4,99,0,Overcast,0
2063,20/3/2024,21/3/2024 1:00,1,ภูชี้เดือน,19.882131,100.500142,13.2,100,0,Overcast,0
2064,20/3/2024,21/3/2024 2:00,2,ภูชี้เดือน,19.882131,100.500142,13.1,99,0,Overcast,0
2065,20/3/2024,21/3/2024 3:00,3,ภูชี้เดือน,19.882131,100.500142,12.9,99,0,Overcast,0
2066,21/3/2024,21/3/2024 21:00,21,ภูชี้เดือน,19.882131,100.500142,17.9,70,0,Clear,1
2067,21/3/2024,21/3/2024 22:00,22,ภูชี้เดือน,19.882131,100.500142,17.5,65,0,Mainly Clear,1
2068,21/3/2024,21/3/2024 23:00,23,ภูชี้เดือน,19.882131,100.500142,17,67,0,Partly Cloudy,1
2069,21/3/2024,22/3/2024 0:00,0,ภูชี้เดือน,19.882131,100.500142,16.6,69,0,Overcast,0
2070,21/3/2024,22/3/2024 1:00,1,ภูชี้เดือน,19.882131,100.500142,15.9,75,0,Mainly Clear,1
2071,21/3/2024,22/3/2024 2:00,2,ภูชี้เดือน,19.882131,100.500142,15.2,81,0,Mainly Clear,0
2072,21/3/2024,22/3/2024 3:00,3,ภูชี้เดือน,19.882131,100.500142,14.8,83,0,Overcast,0
2073,22/3/2024,22/3/2024 21:00,21,ภูชี้เดือน,19.882131,100.500142,17.6,71,0,Partly Cloudy,1
2074,22/3/2024,22/3/2024 22:00,22,ภูชี้เดือน,19.882131,100.500142,15.5,80,0,Overcast,0
2075,22/3/2024,22/3/2024 23:00,23,ภูชี้เดือน,19.882131,100.500142,14.9,80,0,Overcast,0
2076,22/3/2024,23/3/2024 0:00,0,ภูชี้เดือน,19.882131,100.500142,14.7,80,0,Overcast,0
2077,22/3/2024,23/3/2024 1:00,1,ภูชี้เดือน,19.882131,100.500142,14.7,80,0,Overcast,0
2078,22/3/2024,23/3/2024 2:00,2,ภูชี้เดือน,19.882131,100.500142,14.9,79,0,Partly Cloudy,1
2079,22/3/2024,23/3/2024 3:00,3,ภูชี้เดือน,19.882131,100.500142,14.4,81,0,Overcast,0
2080,23/3/2024,23/3/2024 21:00,21,ภูชี้เดือน,19.882131,100.500142,17.9,52,0,Clear,1
2081,23/3/2024,23/3/2024 22:00,22,ภูชี้เดือน,19.882131,100.500142,18,46,0,Clear,1
2082,23/3/2024,23/3/2024 23:00,23,ภูชี้เดือน,19.882131,100.500142,17.3,48,0,Clear,1
2083,23/3/2024,24/3/2024 0:00,0,ภูชี้เดือน,19.882131,100.500142,16.9,49,0,Clear,1
2084,23/3/2024,24/3/2024 1:00,1,ภูชี้เดือน,19.882131,100.500142,16.2,54,0,Clear,1
2085,23/3/2024,24/3/2024 2:00,2,ภูชี้เดือน,19.882131,100.500142,15.4,58,0,Clear,1
2086,23/3/2024,24/3/2024 3:00,3,ภูชี้เดือน,19.882131,100.500142,14.8,60,0,Clear,1
2087,24/3/2024,24/3/2024 21:00,21,ภูชี้เดือน,19.882131,100.500142,17.9,52,0,Clear,1
2088,24/3/2024,24/3/2024 22:00,22,ภูชี้เดือน,19.882131,100.500142,18,48,0,Clear,1
2089,24/3/2024,24/3/2024 23:00,23,ภูชี้เดือน,19.882131,100.500142,18.2,41,0,Clear,1
2090,24/3/2024,25/3/2024 0:00,0,ภูชี้เดือน,19.882131,100.500142,16.8,49,0,Clear,1
2091,24/3/2024,25/3/2024 1:00,1,ภูชี้เดือน,19.882131,100.500142,15.7,54,0,Clear,1
2092,24/3/2024,25/3/2024 2:00,2,ภูชี้เดือน,19.882131,100.500142,15.5,50,0,Clear,1
2093,24/3/2024,25/3/2024 3:00,3,ภูชี้เดือน,19.882131,100.500142,14.9,53,0,Clear,1
2094,25/3/2024,25/3/2024 21:00,21,ภูชี้เดือน,19.882131,100.500142,17.4,53,0,Partly Cloudy,1
2095,25/3/2024,25/3/2024 22:00,22,ภูชี้เดือน,19.882131,100.500142,17,55,0,Overcast,0
2096,25/3/2024,25/3/2024 23:00,23,ภูชี้เดือน,19.882131,100.500142,17,50,0,Overcast,0
2097,25/3/2024,26/3/2024 0:00,0,ภูชี้เดือน,19.882131,100.500142,18.9,32,0,Overcast,0
2098,25/3/2024,26/3/2024 1:00,1,ภูชี้เดือน,19.882131,100.500142,15.5,52,0,Overcast,0
2099,25/3/2024,26/3/2024 2:00,2,ภูชี้เดือน,19.882131,100.500142,15.3,51,0,Overcast,0
2100,25/3/2024,26/3/2024 3:00,3,ภูชี้เดือน,19.882131,100.500142,14.9,52,0,Overcast,0
2101,26/3/2024,26/3/2024 21:00,21,ภูชี้เดือน,19.882131,100.500142,19.3,52,0,Overcast,0
2102,26/3/2024,26/3/2024 22:00,22,ภูชี้เดือน,19.882131,100.500142,18,57,0,Overcast,0
2103,26/3/2024,26/3/2024 23:00,23,ภูชี้เดือน,19.882131,100.500142,18.4,49,0,Partly Cloudy,1
2104,26/3/2024,27/3/2024 0:00,0,ภูชี้เดือน,19.882131,100.500142,16.6,67,0,Overcast,0
2105,26/3/2024,27/3/2024 1:00,1,ภูชี้เดือน,19.882131,100.500142,16.6,70,0,Overcast,0
2106,26/3/2024,27/3/2024 2:00,2,ภูชี้เดือน,19.882131,100.500142,16.1,73,0,Overcast,0
2107,26/3/2024,27/3/2024 3:00,3,ภูชี้เดือน,19.882131,100.500142,15.7,77,0,Overcast,0
2108,27/3/2024,27/3/2024 21:00,21,ภูชี้เดือน,19.882131,100.500142,17.7,65,0,Overcast,0
2109,27/3/2024,27/3/2024 22:00,22,ภูชี้เดือน,19.882131,100.500142,17.4,64,0,Partly Cloudy,1
2110,27/3/2024,27/3/2024 23:00,23,ภูชี้เดือน,19.882131,100.500142,17.4,65,0,Clear,1
2111,27/3/2024,28/3/2024 0:00,0,ภูชี้เดือน,19.882131,100.500142,17.4,65,0,Clear,1
2112,27/3/2024,28/3/2024 1:00,1,ภูชี้เดือน,19.882131,100.500142,17.1,67,0,Clear,1
2113,27/3/2024,28/3/2024 2:00,2,ภูชี้เดือน,19.882131,100.500142,16.8,68,0,Clear,1
2114,27/3/2024,28/3/2024 3:00,3,ภูชี้เดือน,19.882131,100.500142,16.1,72,0,Clear,1
2115,28/3/2024,28/3/2024 21:00,21,ภูชี้เดือน,19.882131,100.500142,17.9,56,0,Clear,1
2116,28/3/2024,28/3/2024 22:00,22,ภูชี้เดือน,19.882131,100.500142,17.6,55,0,Clear,1
2117,28/3/2024,28/3/2024 23:00,23,ภูชี้เดือน,19.882131,100.500142,18.7,45,0,Clear,1
2118,28/3/2024,29/3/2024 0:00,0,ภูชี้เดือน,19.882131,100.500142,17.7,49,0,Clear,1
2119,28/3/2024,29/3/2024 1:00,1,ภูชี้เดือน,19.882131,100.500142,16.2,59,0,Mainly Clear,1
2120,28/3/2024,29/3/2024 2:00,2,ภูชี้เดือน,19.882131,100.500142,17.3,49,0,Clear,1
2121,28/3/2024,29/3/2024 3:00,3,ภูชี้เดือน,19.882131,100.500142,15.2,66,0,Clear,1
2122,29/3/2024,29/3/2024 21:00,21,ภูชี้เดือน,19.882131,100.500142,18.6,51,0,Clear,1
2123,29/3/2024,29/3/2024 22:00,22,ภูชี้เดือน,19.882131,100.500142,17.8,51,0,Clear,1
2124,29/3/2024,29/3/2024 23:00,23,ภูชี้เดือน,19.882131,100.500142,17.8,47,0,Clear,1
2125,29/3/2024,30/3/2024 0:00,0,ภูชี้เดือน,19.882131,100.500142,17.1,56,0,Clear,1
2126,29/3/2024,30/3/2024 1:00,1,ภูชี้เดือน,19.882131,100.500142,16.2,64,0,Clear,1
2127,29/3/2024,30/3/2024 2:00,2,ภูชี้เดือน,19.882131,100.500142,15.7,69,0,Clear,1
2128,29/3/2024,30/3/2024 3:00,3,ภูชี้เดือน,19.882131,100.500142,15.5,71,0,Clear,1
2129,30/3/2024,30/3/2024 21:00,21,ภูชี้เดือน,19.882131,100.500142,19.2,49,0,Clear,1
2130,30/3/2024,30/3/2024 22:00,22,ภูชี้เดือน,19.882131,100.500142,19.1,48,0,Clear,1
2131,30/3/2024,30/3/2024 23:00,23,ภูชี้เดือน,19.882131,100.500142,19.2,46,0,Mainly Clear,1
2132,30/3/2024,31/3/2024 0:00,0,ภูชี้เดือน,19.882131,100.500142,19,45,0,Clear,1
2133,30/3/2024,31/3/2024 1:00,1,ภูชี้เดือน,19.882131,100.500142,17.9,50,0,Clear,1
2134,30/3/2024,31/3/2024 2:00,2,ภูชี้เดือน,19.882131,100.500142,16.8,61,0,Clear,1
2135,30/3/2024,31/3/2024 3:00,3,ภูชี้เดือน,19.882131,100.500142,16.3,68,0,Clear,1
2136,31/3/2024,31/3/2024 21:00,21,ภูชี้เดือน,19.882131,100.500142,20.2,42,0,Clear,1
2137,31/3/2024,31/3/2024 22:00,22,ภูชี้เดือน,19.882131,100.500142,20,41,0,Clear,1
2138,31/3/2024,31/3/2024 23:00,23,ภูชี้เดือน,19.882131,100.500142,19.6,42,0,Clear,1
2139,31/3/2024,1/4/2024 0:00,0,ภูชี้เดือน,19.882131,100.500142,19.3,42,0,Clear,1
2140,31/3/2024,1/4/2024 1:00,1,ภูชี้เดือน,19.882131,100.500142,18.4,45,0,Clear,1
2141,31/3/2024,1/4/2024 2:00,2,ภูชี้เดือน,19.882131,100.500142,18,48,0,Clear,1
2142,31/3/2024,1/4/2024 3:00,3,ภูชี้เดือน,19.882131,100.500142,17.4,51,0,Clear,1
2143,1/4/2024,1/4/2024 21:00,21,ภูชี้เดือน,19.882131,100.500142,20,42,0,Clear,1
2144,1/4/2024,1/4/2024 22:00,22,ภูชี้เดือน,19.882131,100.500142,18.8,46,0,Clear,1
2145,1/4/2024,1/4/2024 23:00,23,ภูชี้เดือน,19.882131,100.500142,19.1,41,0,Clear,1
2146,1/4/2024,2/4/2024 0:00,0,ภูชี้เดือน,19.882131,100.500142,19.7,36,0,Clear,1
2147,1/4/2024,2/4/2024 1:00,1,ภูชี้เดือน,19.882131,100.500142,19.3,37,0,Clear,1
2148,1/4/2024,2/4/2024 2:00,2,ภูชี้เดือน,19.882131,100.500142,18,45,0,Clear,1
2149,1/4/2024,2/4/2024 3:00,3,ภูชี้เดือน,19.882131,100.500142,17.2,53,0,Clear,1
2150,2/4/2024,2/4/2024 21:00,21,ภูชี้เดือน,19.882131,100.500142,20,50,0,Clear,1
2151,2/4/2024,2/4/2024 22:00,22,ภูชี้เดือน,19.882131,100.500142,19.9,47,0,Clear,1
2152,2/4/2024,2/4/2024 23:00,23,ภูชี้เดือน,19.882131,100.500142,20.1,42,0,Clear,1
2153,2/4/2024,3/4/2024 0:00,0,ภูชี้เดือน,19.882131,100.500142,20.3,37,0,Clear,1
2154,2/4/2024,3/4/2024 1:00,1,ภูชี้เดือน,19.882131,100.500142,19.3,39,0,Clear,1
2155,2/4/2024,3/4/2024 2:00,2,ภูชี้เดือน,19.882131,100.500142,18.6,43,0,Clear,1
2156,2/4/2024,3/4/2024 3:00,3,ภูชี้เดือน,19.882131,100.500142,18.3,50,0,Clear,1
2157,3/4/2024,3/4/2024 21:00,21,ภูชี้เดือน,19.882131,100.500142,21.1,46,0,Clear,1
2158,3/4/2024,3/4/2024 22:00,22,ภูชี้เดือน,19.882131,100.500142,21.4,42,0,Clear,1
2159,3/4/2024,3/4/2024 23:00,23,ภูชี้เดือน,19.882131,100.500142,21.3,41,0,Clear,1
2160,3/4/2024,4/4/2024 0:00,0,ภูชี้เดือน,19.882131,100.500142,20.5,43,0,Clear,1
2161,3/4/2024,4/4/2024 1:00,1,ภูชี้เดือน,19.882131,100.500142,19.7,49,0,Clear,1
2162,3/4/2024,4/4/2024 2:00,2,ภูชี้เดือน,19.882131,100.500142,18.8,55,0,Clear,1
2163,3/4/2024,4/4/2024 3:00,3,ภูชี้เดือน,19.882131,100.500142,18.5,58,0,Clear,1
2164,4/4/2024,4/4/2024 21:00,21,ภูชี้เดือน,19.882131,100.500142,21.6,44,0,Clear,1
2165,4/4/2024,4/4/2024 22:00,22,ภูชี้เดือน,19.882131,100.500142,21.8,40,0,Clear,1
2166,4/4/2024,4/4/2024 23:00,23,ภูชี้เดือน,19.882131,100.500142,21.7,38,0,Clear,1
2167,4/4/2024,5/4/2024 0:00,0,ภูชี้เดือน,19.882131,100.500142,21.5,41,0,Clear,1
2168,4/4/2024,5/4/2024 1:00,1,ภูชี้เดือน,19.882131,100.500142,20.4,49,0,Clear,1
2169,4/4/2024,5/4/2024 2:00,2,ภูชี้เดือน,19.882131,100.500142,19.7,56,0,Clear,1
2170,4/4/2024,5/4/2024 3:00,3,ภูชี้เดือน,19.882131,100.500142,18.7,65,0,Clear,1
2171,5/4/2024,5/4/2024 21:00,21,ภูชี้เดือน,19.882131,100.500142,23,41,0,Clear,1
2172,5/4/2024,5/4/2024 22:00,22,ภูชี้เดือน,19.882131,100.500142,23,40,0,Clear,1
2173,5/4/2024,5/4/2024 23:00,23,ภูชี้เดือน,19.882131,100.500142,21.7,48,0,Clear,1
2174,5/4/2024,6/4/2024 0:00,0,ภูชี้เดือน,19.882131,100.500142,20.3,59,0,Clear,1
2175,5/4/2024,6/4/2024 1:00,1,ภูชี้เดือน,19.882131,100.500142,19.6,67,0,Clear,1
2176,5/4/2024,6/4/2024 2:00,2,ภูชี้เดือน,19.882131,100.500142,19.1,73,0,Clear,1
2177,5/4/2024,6/4/2024 3:00,3,ภูชี้เดือน,19.882131,100.500142,18.7,77,0,Clear,1
2178,6/4/2024,6/4/2024 21:00,21,ภูชี้เดือน,19.882131,100.500142,22.7,45,0,Clear,1
2179,6/4/2024,6/4/2024 22:00,22,ภูชี้เดือน,19.882131,100.500142,22.1,48,0,Clear,1
2180,6/4/2024,6/4/2024 23:00,23,ภูชี้เดือน,19.882131,100.500142,21.2,59,0,Clear,1
2181,6/4/2024,7/4/2024 0:00,0,ภูชี้เดือน,19.882131,100.500142,20.1,72,0,Clear,1
2182,6/4/2024,7/4/2024 1:00,1,ภูชี้เดือน,19.882131,100.500142,19.5,79,0,Clear,1
2183,6/4/2024,7/4/2024 2:00,2,ภูชี้เดือน,19.882131,100.500142,19.1,81,0,Clear,1
2184,6/4/2024,7/4/2024 3:00,3,ภูชี้เดือน,19.882131,100.500142,18.5,84,0,Clear,0
2185,7/4/2024,7/4/2024 21:00,21,ภูชี้เดือน,19.882131,100.500142,22.6,48,0,Partly Cloudy,1
2186,7/4/2024,7/4/2024 22:00,22,ภูชี้เดือน,19.882131,100.500142,21,59,0,Clear,1
2187,7/4/2024,7/4/2024 23:00,23,ภูชี้เดือน,19.882131,100.500142,20.8,56,0,Clear,1
2188,7/4/2024,8/4/2024 0:00,0,ภูชี้เดือน,19.882131,100.500142,20.9,59,0,Clear,1
2189,7/4/2024,8/4/2024 1:00,1,ภูชี้เดือน,19.882131,100.500142,20.3,66,0,Clear,1
2190,7/4/2024,8/4/2024 2:00,2,ภูชี้เดือน,19.882131,100.500142,19.5,75,0,Clear,1
2191,7/4/2024,8/4/2024 3:00,3,ภูชี้เดือน,19.882131,100.500142,18.8,81,0,Clear,1
2192,8/4/2024,8/4/2024 21:00,21,ภูชี้เดือน,19.882131,100.500142,22.5,55,0,Clear,1
2193,8/4/2024,8/4/2024 22:00,22,ภูชี้เดือน,19.882131,100.500142,21.7,58,0,Clear,1
2194,8/4/2024,8/4/2024 23:00,23,ภูชี้เดือน,19.882131,100.500142,21.5,55,0,Clear,1
2195,8/4/2024,9/4/2024 0:00,0,ภูชี้เดือน,19.882131,100.500142,21.4,53,0,Clear,1
2196,8/4/2024,9/4/2024 1:00,1,ภูชี้เดือน,19.882131,100.500142,20.7,57,0,Clear,1
2197,8/4/2024,9/4/2024 2:00,2,ภูชี้เดือน,19.882131,100.500142,20.1,63,0,Clear,1
2198,8/4/2024,9/4/2024 3:00,3,ภูชี้เดือน,19.882131,100.500142,19.8,65,0,Clear,1
2199,9/4/2024,9/4/2024 21:00,21,ภูชี้เดือน,19.882131,100.500142,20.5,54,0,Clear,1
2200,9/4/2024,9/4/2024 22:00,22,ภูชี้เดือน,19.882131,100.500142,20.1,54,0,Mainly Clear,1
2201,9/4/2024,9/4/2024 23:00,23,ภูชี้เดือน,19.882131,100.500142,19.1,63,0,Clear,1
2202,9/4/2024,10/4/2024 0:00,0,ภูชี้เดือน,19.882131,100.500142,19.5,58,0,Mainly Clear,1
2203,9/4/2024,10/4/2024 1:00,1,ภูชี้เดือน,19.882131,100.500142,19.3,57,0,Partly Cloudy,1
2204,9/4/2024,10/4/2024 2:00,2,ภูชี้เดือน,19.882131,100.500142,17.6,67,0,Partly Cloudy,1
2205,9/4/2024,10/4/2024 3:00,3,ภูชี้เดือน,19.882131,100.500142,17.2,70,0,Clear,1
2206,10/4/2024,10/4/2024 21:00,21,ภูชี้เดือน,19.882131,100.500142,19.6,75,0,Overcast,0
2207,10/4/2024,10/4/2024 22:00,22,ภูชี้เดือน,19.882131,100.500142,19.4,67,0,Overcast,0
2208,10/4/2024,10/4/2024 23:00,23,ภูชี้เดือน,19.882131,100.500142,18.4,71,0,Overcast,0
2209,10/4/2024,11/4/2024 0:00,0,ภูชี้เดือน,19.882131,100.500142,19.1,65,0,Overcast,0
2210,10/4/2024,11/4/2024 1:00,1,ภูชี้เดือน,19.882131,100.500142,18.1,71,0,Overcast,0
2211,10/4/2024,11/4/2024 2:00,2,ภูชี้เดือน,19.882131,100.500142,18.6,67,0,Overcast,0
2212,10/4/2024,11/4/2024 3:00,3,ภูชี้เดือน,19.882131,100.500142,16.6,77,0,Overcast,0
2213,11/4/2024,11/4/2024 21:00,21,ภูชี้เดือน,19.882131,100.500142,20.2,65,0,Clear,1
2214,11/4/2024,11/4/2024 22:00,22,ภูชี้เดือน,19.882131,100.500142,19,68,0,Clear,1
2215,11/4/2024,11/4/2024 23:00,23,ภูชี้เดือน,19.882131,100.500142,18.2,72,0,Clear,1
2216,11/4/2024,12/4/2024 0:00,0,ภูชี้เดือน,19.882131,100.500142,18,67,0,Clear,1
2217,11/4/2024,12/4/2024 1:00,1,ภูชี้เดือน,19.882131,100.500142,17.4,71,0,Clear,1
2218,11/4/2024,12/4/2024 2:00,2,ภูชี้เดือน,19.882131,100.500142,16.7,78,0,Clear,1
2219,11/4/2024,12/4/2024 3:00,3,ภูชี้เดือน,19.882131,100.500142,16.5,77,0,Clear,1
2220,12/4/2024,12/4/2024 21:00,21,ภูชี้เดือน,19.882131,100.500142,18.5,68,0,Overcast,0
2221,12/4/2024,12/4/2024 22:00,22,ภูชี้เดือน,19.882131,100.500142,18.8,64,0,Overcast,0
2222,12/4/2024,12/4/2024 23:00,23,ภูชี้เดือน,19.882131,100.500142,17,74,0,Overcast,0
2223,12/4/2024,13/4/2024 0:00,0,ภูชี้เดือน,19.882131,100.500142,15.4,88,0.5,Drizzle,0
2224,12/4/2024,13/4/2024 1:00,1,ภูชี้เดือน,19.882131,100.500142,14.6,94,0,Clear,0
2225,12/4/2024,13/4/2024 2:00,2,ภูชี้เดือน,19.882131,100.500142,14.6,90,0,Clear,0
2226,12/4/2024,13/4/2024 3:00,3,ภูชี้เดือน,19.882131,100.500142,14.4,91,0,Clear,0
2227,13/4/2024,13/4/2024 21:00,21,ภูชี้เดือน,19.882131,100.500142,20.3,50,0,Clear,1
2228,13/4/2024,13/4/2024 22:00,22,ภูชี้เดือน,19.882131,100.500142,20.6,40,0,Mainly Clear,0
2229,13/4/2024,13/4/2024 23:00,23,ภูชี้เดือน,19.882131,100.500142,20,45,0,Clear,1
2230,13/4/2024,14/4/2024 0:00,0,ภูชี้เดือน,19.882131,100.500142,18.9,49,0,Clear,1
2231,13/4/2024,14/4/2024 1:00,1,ภูชี้เดือน,19.882131,100.500142,18.3,51,0,Clear,1
2232,13/4/2024,14/4/2024 2:00,2,ภูชี้เดือน,19.882131,100.500142,18.1,52,0,Clear,1
2233,13/4/2024,14/4/2024 3:00,3,ภูชี้เดือน,19.882131,100.500142,18,54,0,Clear,1
2234,14/4/2024,14/4/2024 21:00,21,ภูชี้เดือน,19.882131,100.500142,20.5,51,0,Partly Cloudy,1
2235,14/4/2024,14/4/2024 22:00,22,ภูชี้เดือน,19.882131,100.500142,19.6,55,0,Partly Cloudy,1
2236,14/4/2024,14/4/2024 23:00,23,ภูชี้เดือน,19.882131,100.500142,19.1,57,0,Mainly Clear,1
2237,14/4/2024,15/4/2024 0:00,0,ภูชี้เดือน,19.882131,100.500142,18.4,62,0,Clear,1
2238,14/4/2024,15/4/2024 1:00,1,ภูชี้เดือน,19.882131,100.500142,17.8,66,0,Clear,1
2239,14/4/2024,15/4/2024 2:00,2,ภูชี้เดือน,19.882131,100.500142,17,71,0,Clear,1
2240,14/4/2024,15/4/2024 3:00,3,ภูชี้เดือน,19.882131,100.500142,16.8,71,0,Clear,1
2241,15/4/2024,15/4/2024 21:00,21,ภูชี้เดือน,19.882131,100.500142,16.3,83,0,Clear,0
2242,15/4/2024,15/4/2024 22:00,22,ภูชี้เดือน,19.882131,100.500142,15.8,86,0,Clear,0
2243,15/4/2024,15/4/2024 23:00,23,ภูชี้เดือน,19.882131,100.500142,15.6,82,0,Clear,0
2244,15/4/2024,16/4/2024 0:00,0,ภูชี้เดือน,19.882131,100.500142,16.2,73,0,Clear,1
2245,15/4/2024,16/4/2024 1:00,1,ภูชี้เดือน,19.882131,100.500142,16.2,73,0,Clear,1
2246,15/4/2024,16/4/2024 2:00,2,ภูชี้เดือน,19.882131,100.500142,15.5,76,0,Clear,1
2247,15/4/2024,16/4/2024 3:00,3,ภูชี้เดือน,19.882131,100.500142,16.1,72,0,Clear,1
2248,16/4/2024,16/4/2024 21:00,21,ภูชี้เดือน,19.882131,100.500142,21,47,0,Mainly Clear,1
2249,16/4/2024,16/4/2024 22:00,22,ภูชี้เดือน,19.882131,100.500142,21.1,50,0,Clear,1
2250,16/4/2024,16/4/2024 23:00,23,ภูชี้เดือน,19.882131,100.500142,21,50,0,Clear,1
2251,16/4/2024,17/4/2024 0:00,0,ภูชี้เดือน,19.882131,100.500142,20.1,53,0,Clear,1
2252,16/4/2024,17/4/2024 1:00,1,ภูชี้เดือน,19.882131,100.500142,19.4,58,0,Clear,1
2253,16/4/2024,17/4/2024 2:00,2,ภูชี้เดือน,19.882131,100.500142,19.1,62,0,Clear,1
2254,16/4/2024,17/4/2024 3:00,3,ภูชี้เดือน,19.882131,100.500142,18.3,68,0,Clear,1
2255,17/4/2024,17/4/2024 21:00,21,ภูชี้เดือน,19.882131,100.500142,16.6,92,0,Mainly Clear,0
2256,17/4/2024,17/4/2024 22:00,22,ภูชี้เดือน,19.882131,100.500142,17.5,83,0,Clear,0
2257,17/4/2024,17/4/2024 23:00,23,ภูชี้เดือน,19.882131,100.500142,18.6,74,0,Clear,1
2258,17/4/2024,18/4/2024 0:00,0,ภูชี้เดือน,19.882131,100.500142,18.7,71,0,Clear,1
2259,17/4/2024,18/4/2024 1:00,1,ภูชี้เดือน,19.882131,100.500142,18.6,70,0,Clear,1
2260,17/4/2024,18/4/2024 2:00,2,ภูชี้เดือน,19.882131,100.500142,18.1,71,0,Clear,1
2261,17/4/2024,18/4/2024 3:00,3,ภูชี้เดือน,19.882131,100.500142,17.8,71,0,Clear,1
2262,18/4/2024,18/4/2024 21:00,21,ภูชี้เดือน,19.882131,100.500142,17.9,88,0,Overcast,0
2263,18/4/2024,18/4/2024 22:00,22,ภูชี้เดือน,19.882131,100.500142,18.4,77,0,Overcast,0
2264,18/4/2024,18/4/2024 23:00,23,ภูชี้เดือน,19.882131,100.500142,18.7,70,0,Overcast,0
2265,18/4/2024,19/4/2024 0:00,0,ภูชี้เดือน,19.882131,100.500142,18.2,68,0,Clear,1
2266,18/4/2024,19/4/2024 1:00,1,ภูชี้เดือน,19.882131,100.500142,18,66,0,Clear,1
2267,18/4/2024,19/4/2024 2:00,2,ภูชี้เดือน,19.882131,100.500142,17.7,66,0,Clear,1
2268,18/4/2024,19/4/2024 3:00,3,ภูชี้เดือน,19.882131,100.500142,17.2,68,0,Clear,1
2269,19/4/2024,19/4/2024 21:00,21,ภูชี้เดือน,19.882131,100.500142,19.1,67,0.2,Light Drizzle,0
2270,19/4/2024,19/4/2024 22:00,22,ภูชี้เดือน,19.882131,100.500142,19.7,65,0,Clear,1
2271,19/4/2024,19/4/2024 23:00,23,ภูชี้เดือน,19.882131,100.500142,19.2,67,0,Clear,1
2272,19/4/2024,20/4/2024 0:00,0,ภูชี้เดือน,19.882131,100.500142,18.9,68,0,Clear,1
2273,19/4/2024,20/4/2024 1:00,1,ภูชี้เดือน,19.882131,100.500142,18.5,70,0,Clear,1
2274,19/4/2024,20/4/2024 2:00,2,ภูชี้เดือน,19.882131,100.500142,17.3,79,0,Clear,1
2275,19/4/2024,20/4/2024 3:00,3,ภูชี้เดือน,19.882131,100.500142,18.4,67,0,Clear,1
2276,20/4/2024,20/4/2024 21:00,21,ภูชี้เดือน,19.882131,100.500142,20,66,0,Clear,1
2277,20/4/2024,20/4/2024 22:00,22,ภูชี้เดือน,19.882131,100.500142,19.6,67,0,Clear,1
2278,20/4/2024,20/4/2024 23:00,23,ภูชี้เดือน,19.882131,100.500142,19.4,65,0,Clear,1
2279,20/4/2024,21/4/2024 0:00,0,ภูชี้เดือน,19.882131,100.500142,20.1,53,0,Clear,1
2280,20/4/2024,21/4/2024 1:00,1,ภูชี้เดือน,19.882131,100.500142,19.2,54,0,Clear,1
2281,20/4/2024,21/4/2024 2:00,2,ภูชี้เดือน,19.882131,100.500142,18.8,55,0,Clear,1
2282,20/4/2024,21/4/2024 3:00,3,ภูชี้เดือน,19.882131,100.500142,18.4,57,0,Clear,1
2283,21/4/2024,21/4/2024 21:00,21,ภูชี้เดือน,19.882131,100.500142,20.3,51,0,Partly Cloudy,1
2284,21/4/2024,21/4/2024 22:00,22,ภูชี้เดือน,19.882131,100.500142,19.7,53,0,Partly Cloudy,1
2285,21/4/2024,21/4/2024 23:00,23,ภูชี้เดือน,19.882131,100.500142,19.8,50,0,Partly Cloudy,1
2286,21/4/2024,22/4/2024 0:00,0,ภูชี้เดือน,19.882131,100.500142,19.6,55,0,Partly Cloudy,1
2287,21/4/2024,22/4/2024 1:00,1,ภูชี้เดือน,19.882131,100.500142,20,48,0,Overcast,0
2288,21/4/2024,22/4/2024 2:00,2,ภูชี้เดือน,19.882131,100.500142,20.7,43,0,Partly Cloudy,1
2289,21/4/2024,22/4/2024 3:00,3,ภูชี้เดือน,19.882131,100.500142,19.4,52,0,Partly Cloudy,1
2290,22/4/2024,22/4/2024 21:00,21,ภูชี้เดือน,19.882131,100.500142,21.7,52,0,Clear,1
2291,22/4/2024,22/4/2024 22:00,22,ภูชี้เดือน,19.882131,100.500142,21.8,46,0,Clear,1
2292,22/4/2024,22/4/2024 23:00,23,ภูชี้เดือน,19.882131,100.500142,22,40,0,Clear,1
2293,22/4/2024,23/4/2024 0:00,0,ภูชี้เดือน,19.882131,100.500142,21.6,41,0,Clear,1
2294,22/4/2024,23/4/2024 1:00,1,ภูชี้เดือน,19.882131,100.500142,20.6,47,0,Clear,1
2295,22/4/2024,23/4/2024 2:00,2,ภูชี้เดือน,19.882131,100.500142,20,55,0,Clear,1
2296,22/4/2024,23/4/2024 3:00,3,ภูชี้เดือน,19.882131,100.500142,19.1,62,0,Clear,1
2297,23/4/2024,23/4/2024 21:00,21,ภูชี้เดือน,19.882131,100.500142,23.4,43,0,Mainly Clear,1
2298,23/4/2024,23/4/2024 22:00,22,ภูชี้เดือน,19.882131,100.500142,22.7,50,0,Clear,1
2299,23/4/2024,23/4/2024 23:00,23,ภูชี้เดือน,19.882131,100.500142,22.8,46,0,Mainly Clear,1
2300,23/4/2024,24/4/2024 0:00,0,ภูชี้เดือน,19.882131,100.500142,21.9,52,0,Mainly Clear,1
2301,23/4/2024,24/4/2024 1:00,1,ภูชี้เดือน,19.882131,100.500142,21.2,54,0,Mainly Clear,1
2302,23/4/2024,24/4/2024 2:00,2,ภูชี้เดือน,19.882131,100.500142,20.1,60,0,Mainly Clear,1
2303,23/4/2024,24/4/2024 3:00,3,ภูชี้เดือน,19.882131,100.500142,19.9,59,0,Mainly Clear,1
2304,24/4/2024,24/4/2024 21:00,21,ภูชี้เดือน,19.882131,100.500142,20,81,0,Clear,1
2305,24/4/2024,24/4/2024 22:00,22,ภูชี้เดือน,19.882131,100.500142,19.6,82,0,Mainly Clear,0
2306,24/4/2024,24/4/2024 23:00,23,ภูชี้เดือน,19.882131,100.500142,19.5,76,0,Mainly Clear,1
2307,24/4/2024,25/4/2024 0:00,0,ภูชี้เดือน,19.882131,100.500142,19.9,69,0,Mainly Clear,1
2308,24/4/2024,25/4/2024 1:00,1,ภูชี้เดือน,19.882131,100.500142,18.2,81,0,Clear,0
2309,24/4/2024,25/4/2024 2:00,2,ภูชี้เดือน,19.882131,100.500142,18.4,77,0,Clear,1
2310,24/4/2024,25/4/2024 3:00,3,ภูชี้เดือน,19.882131,100.500142,18.6,74,0,Clear,1
2311,25/4/2024,25/4/2024 21:00,21,ภูชี้เดือน,19.882131,100.500142,19.9,70,0,Clear,1
2312,25/4/2024,25/4/2024 22:00,22,ภูชี้เดือน,19.882131,100.500142,19.5,69,0,Clear,1
2313,25/4/2024,25/4/2024 23:00,23,ภูชี้เดือน,19.882131,100.500142,19.4,67,0,Clear,1
2314,25/4/2024,26/4/2024 0:00,0,ภูชี้เดือน,19.882131,100.500142,19.3,65,0,Mainly Clear,1
2315,25/4/2024,26/4/2024 1:00,1,ภูชี้เดือน,19.882131,100.500142,19.1,67,0,Mainly Clear,1
2316,25/4/2024,26/4/2024 2:00,2,ภูชี้เดือน,19.882131,100.500142,19,66,0,Mainly Clear,1
2317,25/4/2024,26/4/2024 3:00,3,ภูชี้เดือน,19.882131,100.500142,19,67,0,Mainly Clear,1
2318,26/4/2024,26/4/2024 21:00,21,ภูชี้เดือน,19.882131,100.500142,20.6,59,0,Clear,1
2319,26/4/2024,26/4/2024 22:00,22,ภูชี้เดือน,19.882131,100.500142,20,61,0,Clear,1
2320,26/4/2024,26/4/2024 23:00,23,ภูชี้เดือน,19.882131,100.500142,19.5,64,0,Clear,1
2321,26/4/2024,27/4/2024 0:00,0,ภูชี้เดือน,19.882131,100.500142,19.2,63,0,Clear,1
2322,26/4/2024,27/4/2024 1:00,1,ภูชี้เดือน,19.882131,100.500142,18.6,65,0,Clear,1
2323,26/4/2024,27/4/2024 2:00,2,ภูชี้เดือน,19.882131,100.500142,18.3,65,0,Clear,1
2324,26/4/2024,27/4/2024 3:00,3,ภูชี้เดือน,19.882131,100.500142,17.9,66,0,Clear,1
2325,27/4/2024,27/4/2024 21:00,21,ภูชี้เดือน,19.882131,100.500142,21.7,49,0,Clear,1
2326,27/4/2024,27/4/2024 22:00,22,ภูชี้เดือน,19.882131,100.500142,21,50,0,Clear,1
2327,27/4/2024,27/4/2024 23:00,23,ภูชี้เดือน,19.882131,100.500142,20.9,49,0,Clear,1
2328,27/4/2024,28/4/2024 0:00,0,ภูชี้เดือน,19.882131,100.500142,20.9,48,0,Clear,1
2329,27/4/2024,28/4/2024 1:00,1,ภูชี้เดือน,19.882131,100.500142,20.5,51,0,Clear,1
2330,27/4/2024,28/4/2024 2:00,2,ภูชี้เดือน,19.882131,100.500142,20.6,48,0,Clear,1
2331,27/4/2024,28/4/2024 3:00,3,ภูชี้เดือน,19.882131,100.500142,19.9,51,0,Mainly Clear,1
2332,28/4/2024,28/4/2024 21:00,21,ภูชี้เดือน,19.882131,100.500142,22.4,45,0,Clear,1
2333,28/4/2024,28/4/2024 22:00,22,ภูชี้เดือน,19.882131,100.500142,22.2,45,0,Clear,1
2334,28/4/2024,28/4/2024 23:00,23,ภูชี้เดือน,19.882131,100.500142,21.6,46,0,Clear,1
2335,28/4/2024,29/4/2024 0:00,0,ภูชี้เดือน,19.882131,100.500142,21.1,48,0,Clear,1
2336,28/4/2024,29/4/2024 1:00,1,ภูชี้เดือน,19.882131,100.500142,21,49,0,Clear,1
2337,28/4/2024,29/4/2024 2:00,2,ภูชี้เดือน,19.882131,100.500142,20.5,51,0,Clear,1
2338,28/4/2024,29/4/2024 3:00,3,ภูชี้เดือน,19.882131,100.500142,20,53,0,Clear,1
2339,29/4/2024,29/4/2024 21:00,21,ภูชี้เดือน,19.882131,100.500142,19.5,70,0,Mainly Clear,1
2340,29/4/2024,29/4/2024 22:00,22,ภูชี้เดือน,19.882131,100.500142,20.3,69,0,Clear,1
2341,29/4/2024,29/4/2024 23:00,23,ภูชี้เดือน,19.882131,100.500142,20,69,0,Clear,1
2342,29/4/2024,30/4/2024 0:00,0,ภูชี้เดือน,19.882131,100.500142,20.4,60,0,Mainly Clear,1
2343,29/4/2024,30/4/2024 1:00,1,ภูชี้เดือน,19.882131,100.500142,20.7,54,0,Mainly Clear,1
2344,29/4/2024,30/4/2024 2:00,2,ภูชี้เดือน,19.882131,100.500142,20.2,56,0.1,Light Drizzle,0
2345,29/4/2024,30/4/2024 3:00,3,ภูชี้เดือน,19.882131,100.500142,19.9,57,0,Clear,1
2346,30/4/2024,30/4/2024 21:00,21,ภูชี้เดือน,19.882131,100.500142,22.1,53,0,Clear,1
2347,30/4/2024,30/4/2024 22:00,22,ภูชี้เดือน,19.882131,100.500142,22.1,47,0,Clear,1
2348,30/4/2024,30/4/2024 23:00,23,ภูชี้เดือน,19.882131,100.500142,21.6,48,0,Clear,1
2349,30/4/2024,1/5/2024 0:00,0,ภูชี้เดือน,19.882131,100.500142,20.7,53,0,Partly Cloudy,1
2350,30/4/2024,1/5/2024 1:00,1,ภูชี้เดือน,19.882131,100.500142,19.8,60,0,Overcast,0
2351,30/4/2024,1/5/2024 2:00,2,ภูชี้เดือน,19.882131,100.500142,20.5,50,0,Partly Cloudy,1
2352,30/4/2024,1/5/2024 3:00,3,ภูชี้เดือน,19.882131,100.500142,20.2,53,0,Overcast,0
2353,1/5/2024,1/5/2024 21:00,21,ภูชี้เดือน,19.882131,100.500142,23.3,38,0,Partly Cloudy,1
2354,1/5/2024,1/5/2024 22:00,22,ภูชี้เดือน,19.882131,100.500142,22.7,44,0,Partly Cloudy,1
2355,1/5/2024,1/5/2024 23:00,23,ภูชี้เดือน,19.882131,100.500142,22.1,56,0,Mainly Clear,1
2356,1/5/2024,2/5/2024 0:00,0,ภูชี้เดือน,19.882131,100.500142,21.4,54,0,Mainly Clear,1
2357,1/5/2024,2/5/2024 1:00,1,ภูชี้เดือน,19.882131,100.500142,20.9,52,0,Mainly Clear,1
2358,1/5/2024,2/5/2024 2:00,2,ภูชี้เดือน,19.882131,100.500142,20.6,55,0,Mainly Clear,1
2359,1/5/2024,2/5/2024 3:00,3,ภูชี้เดือน,19.882131,100.500142,19.7,59,0,Clear,1
2360,2/5/2024,2/5/2024 21:00,21,ภูชี้เดือน,19.882131,100.500142,20.2,67,0.1,Light Drizzle,0
2361,2/5/2024,2/5/2024 22:00,22,ภูชี้เดือน,19.882131,100.500142,19.1,70,0,Mainly Clear,1
2362,2/5/2024,2/5/2024 23:00,23,ภูชี้เดือน,19.882131,100.500142,18.4,76,0,Mainly Clear,1
2363,2/5/2024,3/5/2024 0:00,0,ภูชี้เดือน,19.882131,100.500142,18.3,79,0,Clear,1
2364,2/5/2024,3/5/2024 1:00,1,ภูชี้เดือน,19.882131,100.500142,18,81,0,Clear,0
2365,2/5/2024,3/5/2024 2:00,2,ภูชี้เดือน,19.882131,100.500142,18,83,0,Clear,0
2366,2/5/2024,3/5/2024 3:00,3,ภูชี้เดือน,19.882131,100.500142,18.8,73,0,Clear,1
2367,3/5/2024,3/5/2024 21:00,21,ภูชี้เดือน,19.882131,100.500142,20.5,64,0,Clear,1
2368,3/5/2024,3/5/2024 22:00,22,ภูชี้เดือน,19.882131,100.500142,19.9,65,0,Mainly Clear,1
2369,3/5/2024,3/5/2024 23:00,23,ภูชี้เดือน,19.882131,100.500142,19.1,73,0,Clear,1
2370,3/5/2024,4/5/2024 0:00,0,ภูชี้เดือน,19.882131,100.500142,18.3,74,0,Clear,1
2371,3/5/2024,4/5/2024 1:00,1,ภูชี้เดือน,19.882131,100.500142,17.4,79,0,Clear,1
2372,3/5/2024,4/5/2024 2:00,2,ภูชี้เดือน,19.882131,100.500142,17.1,79,0,Clear,1
2373,3/5/2024,4/5/2024 3:00,3,ภูชี้เดือน,19.882131,100.500142,17.4,74,0,Mainly Clear,1
2374,4/5/2024,4/5/2024 21:00,21,ภูชี้เดือน,19.882131,100.500142,22,51,0,Clear,1
2375,4/5/2024,4/5/2024 22:00,22,ภูชี้เดือน,19.882131,100.500142,21.1,58,0,Clear,1
2376,4/5/2024,4/5/2024 23:00,23,ภูชี้เดือน,19.882131,100.500142,20.9,56,0,Mainly Clear,1
2377,4/5/2024,5/5/2024 0:00,0,ภูชี้เดือน,19.882131,100.500142,20.2,61,0,Overcast,0
2378,4/5/2024,5/5/2024 1:00,1,ภูชี้เดือน,19.882131,100.500142,19.5,69,0,Overcast,0
2379,4/5/2024,5/5/2024 2:00,2,ภูชี้เดือน,19.882131,100.500142,19.1,68,0,Overcast,0
2380,4/5/2024,5/5/2024 3:00,3,ภูชี้เดือน,19.882131,100.500142,18.5,69,0,Overcast,0
2381,5/5/2024,5/5/2024 21:00,21,ภูชี้เดือน,19.882131,100.500142,20.4,61,0.4,Light Drizzle,0
2382,5/5/2024,5/5/2024 22:00,22,ภูชี้เดือน,19.882131,100.500142,18.4,78,0.1,Light Drizzle,0
2383,5/5/2024,5/5/2024 23:00,23,ภูชี้เดือน,19.882131,100.500142,17.5,88,0.1,Light Drizzle,0
2384,5/5/2024,6/5/2024 0:00,0,ภูชี้เดือน,19.882131,100.500142,17.1,91,0,Partly Cloudy,0
2385,5/5/2024,6/5/2024 1:00,1,ภูชี้เดือน,19.882131,100.500142,17.3,86,0,Mainly Clear,0
2386,5/5/2024,6/5/2024 2:00,2,ภูชี้เดือน,19.882131,100.500142,17.7,79,0,Partly Cloudy,1
2387,5/5/2024,6/5/2024 3:00,3,ภูชี้เดือน,19.882131,100.500142,17,80,0.9,Drizzle,0
2388,6/5/2024,6/5/2024 21:00,21,ภูชี้เดือน,19.882131,100.500142,22.3,55,0,Mainly Clear,1
2389,6/5/2024,6/5/2024 22:00,22,ภูชี้เดือน,19.882131,100.500142,21.4,63,0,Partly Cloudy,1
2390,6/5/2024,6/5/2024 23:00,23,ภูชี้เดือน,19.882131,100.500142,19.6,62,0,Partly Cloudy,1
2391,6/5/2024,7/5/2024 0:00,0,ภูชี้เดือน,19.882131,100.500142,19,68,0,Mainly Clear,1
2392,6/5/2024,7/5/2024 1:00,1,ภูชี้เดือน,19.882131,100.500142,18.3,68,0,Partly Cloudy,1
2393,6/5/2024,7/5/2024 2:00,2,ภูชี้เดือน,19.882131,100.500142,17.8,75,0,Mainly Clear,1
2394,6/5/2024,7/5/2024 3:00,3,ภูชี้เดือน,19.882131,100.500142,17.4,75,0,Clear,1
2395,7/5/2024,7/5/2024 21:00,21,ภูชี้เดือน,19.882131,100.500142,16.2,83,0,Overcast,0
2396,7/5/2024,7/5/2024 22:00,22,ภูชี้เดือน,19.882131,100.500142,15.4,97,3.5,Rain,0
2397,7/5/2024,7/5/2024 23:00,23,ภูชี้เดือน,19.882131,100.500142,15.3,99,0.1,Light Drizzle,0
2398,7/5/2024,8/5/2024 0:00,0,ภูชี้เดือน,19.882131,100.500142,15,100,0.9,Drizzle,0
2399,7/5/2024,8/5/2024 1:00,1,ภูชี้เดือน,19.882131,100.500142,15,100,0.9,Drizzle,0
2400,7/5/2024,8/5/2024 2:00,2,ภูชี้เดือน,19.882131,100.500142,14.6,99,0,Overcast,0
2401,7/5/2024,8/5/2024 3:00,3,ภูชี้เดือน,19.882131,100.500142,14.4,100,0,Overcast,0
2402,8/5/2024,8/5/2024 21:00,21,ภูชี้เดือน,19.882131,100.500142,18.9,86,0,Partly Cloudy,0
2403,8/5/2024,8/5/2024 22:00,22,ภูชี้เดือน,19.882131,100.500142,18.7,84,0,Mainly Clear,0
2404,8/5/2024,8/5/2024 23:00,23,ภูชี้เดือน,19.882131,100.500142,15.5,96,7.6,Heavy Rain,0
2405,8/5/2024,9/5/2024 0:00,0,ภูชี้เดือน,19.882131,100.500142,15.2,100,2.6,Rain,0
2406,8/5/2024,9/5/2024 1:00,1,ภูชี้เดือน,19.882131,100.500142,15.3,100,0.5,Drizzle,0
2407,8/5/2024,9/5/2024 2:00,2,ภูชี้เดือน,19.882131,100.500142,15.3,97,0,Overcast,0
2408,8/5/2024,9/5/2024 3:00,3,ภูชี้เดือน,19.882131,100.500142,14.4,98,0,Overcast,0
2409,9/5/2024,9/5/2024 21:00,21,ภูชี้เดือน,19.882131,100.500142,18.9,82,0,Overcast,0
2410,9/5/2024,9/5/2024 22:00,22,ภูชี้เดือน,19.882131,100.500142,18.3,86,0,Mainly Clear,0
2411,9/5/2024,9/5/2024 23:00,23,ภูชี้เดือน,19.882131,100.500142,17.7,88,0,Clear,0
2412,9/5/2024,10/5/2024 0:00,0,ภูชี้เดือน,19.882131,100.500142,16.4,93,2.1,Light Rain,0
2413,9/5/2024,10/5/2024 1:00,1,ภูชี้เดือน,19.882131,100.500142,15,100,11.4,Heavy Rain,0
2414,9/5/2024,10/5/2024 2:00,2,ภูชี้เดือน,19.882131,100.500142,14.5,100,7.4,Rain,0
2415,9/5/2024,10/5/2024 3:00,3,ภูชี้เดือน,19.882131,100.500142,14.5,100,0.3,Light Drizzle,0
2416,10/5/2024,10/5/2024 21:00,21,ภูชี้เดือน,19.882131,100.500142,17.9,79,0.2,Light Drizzle,0
2417,10/5/2024,10/5/2024 22:00,22,ภูชี้เดือน,19.882131,100.500142,16.3,99,3.5,Rain,0
2418,10/5/2024,10/5/2024 23:00,23,ภูชี้เดือน,19.882131,100.500142,16,100,1.2,Heavy Drizzle,0
2419,10/5/2024,11/5/2024 0:00,0,ภูชี้เดือน,19.882131,100.500142,15.2,100,4.8,Rain,0
2420,10/5/2024,11/5/2024 1:00,1,ภูชี้เดือน,19.882131,100.500142,15,100,1.5,Light Rain,0
2421,10/5/2024,11/5/2024 2:00,2,ภูชี้เดือน,19.882131,100.500142,14.2,100,0.1,Light Drizzle,0
2422,10/5/2024,11/5/2024 3:00,3,ภูชี้เดือน,19.882131,100.500142,14.3,99,0,Mainly Clear,0
2423,11/5/2024,11/5/2024 21:00,21,ภูชี้เดือน,19.882131,100.500142,18.1,87,0,Partly Cloudy,0
2424,11/5/2024,11/5/2024 22:00,22,ภูชี้เดือน,19.882131,100.500142,18.5,83,0,Overcast,0
2425,11/5/2024,11/5/2024 23:00,23,ภูชี้เดือน,19.882131,100.500142,18.6,82,0,Partly Cloudy,0
2426,11/5/2024,12/5/2024 0:00,0,ภูชี้เดือน,19.882131,100.500142,17.4,87,0,Overcast,0
2427,11/5/2024,12/5/2024 1:00,1,ภูชี้เดือน,19.882131,100.500142,16.1,91,0.2,Light Drizzle,0
2428,11/5/2024,12/5/2024 2:00,2,ภูชี้เดือน,19.882131,100.500142,15.1,96,2.1,Light Rain,0
2429,11/5/2024,12/5/2024 3:00,3,ภูชี้เดือน,19.882131,100.500142,15.4,97,4,Rain,0
2430,12/5/2024,12/5/2024 21:00,21,ภูชี้เดือน,19.882131,100.500142,19.5,77,0,Mainly Clear,1
2431,12/5/2024,12/5/2024 22:00,22,ภูชี้เดือน,19.882131,100.500142,19.6,74,0,Partly Cloudy,1
2432,12/5/2024,12/5/2024 23:00,23,ภูชี้เดือน,19.882131,100.500142,18.8,83,0.1,Light Drizzle,0
2433,12/5/2024,13/5/2024 0:00,0,ภูชี้เดือน,19.882131,100.500142,16,100,9.4,Heavy Rain,0
2434,12/5/2024,13/5/2024 1:00,1,ภูชี้เดือน,19.882131,100.500142,16.3,100,0.6,Drizzle,0
2435,12/5/2024,13/5/2024 2:00,2,ภูชี้เดือน,19.882131,100.500142,15.9,100,0,Mainly Clear,0
2436,12/5/2024,13/5/2024 3:00,3,ภูชี้เดือน,19.882131,100.500142,16.2,96,0,Clear,0
2437,13/5/2024,13/5/2024 21:00,21,ภูชี้เดือน,19.882131,100.500142,19.4,88,0,Overcast,0
2438,13/5/2024,13/5/2024 22:00,22,ภูชี้เดือน,19.882131,100.500142,18.8,89,0,Partly Cloudy,0
2439,13/5/2024,13/5/2024 23:00,23,ภูชี้เดือน,19.882131,100.500142,18.1,91,0.1,Light Drizzle,0
2440,13/5/2024,14/5/2024 0:00,0,ภูชี้เดือน,19.882131,100.500142,17.7,85,0,Partly Cloudy,0
2441,13/5/2024,14/5/2024 1:00,1,ภูชี้เดือน,19.882131,100.500142,17.3,88,0,Overcast,0
2442,13/5/2024,14/5/2024 2:00,2,ภูชี้เดือน,19.882131,100.500142,16,94,5,Rain,0
2443,13/5/2024,14/5/2024 3:00,3,ภูชี้เดือน,19.882131,100.500142,15.7,97,0.1,Light Drizzle,0
2444,14/5/2024,14/5/2024 21:00,21,ภูชี้เดือน,19.882131,100.500142,20.8,82,0,Mainly Clear,0
2445,14/5/2024,14/5/2024 22:00,22,ภูชี้เดือน,19.882131,100.500142,20.7,74,0,Partly Cloudy,1
2446,14/5/2024,14/5/2024 23:00,23,ภูชี้เดือน,19.882131,100.500142,18.7,79,0.1,Light Drizzle,0
2447,14/5/2024,15/5/2024 0:00,0,ภูชี้เดือน,19.882131,100.500142,17.6,86,0.1,Light Drizzle,0
2448,14/5/2024,15/5/2024 1:00,1,ภูชี้เดือน,19.882131,100.500142,16.5,95,4.9,Rain,0
2449,14/5/2024,15/5/2024 2:00,2,ภูชี้เดือน,19.882131,100.500142,15.9,100,10.1,Heavy Rain,0
2450,14/5/2024,15/5/2024 3:00,3,ภูชี้เดือน,19.882131,100.500142,16,100,0.3,Light Drizzle,0
2451,15/5/2024,15/5/2024 21:00,21,ภูชี้เดือน,19.882131,100.500142,20.3,85,0,Clear,0
2452,15/5/2024,15/5/2024 22:00,22,ภูชี้เดือน,19.882131,100.500142,20.1,82,0,Clear,0
2453,15/5/2024,15/5/2024 23:00,23,ภูชี้เดือน,19.882131,100.500142,19.7,80,0,Clear,0
2454,15/5/2024,16/5/2024 0:00,0,ภูชี้เดือน,19.882131,100.500142,18.9,84,0,Clear,0
2455,15/5/2024,16/5/2024 1:00,1,ภูชี้เดือน,19.882131,100.500142,18.4,84,0,Clear,0
2456,15/5/2024,16/5/2024 2:00,2,ภูชี้เดือน,19.882131,100.500142,18.1,84,0,Clear,0
2457,15/5/2024,16/5/2024 3:00,3,ภูชี้เดือน,19.882131,100.500142,18,83,0,Partly Cloudy,0
2458,16/5/2024,16/5/2024 21:00,21,ภูชี้เดือน,19.882131,100.500142,20.5,86,0,Partly Cloudy,0
2459,16/5/2024,16/5/2024 22:00,22,ภูชี้เดือน,19.882131,100.500142,19,91,0,Partly Cloudy,0
2460,16/5/2024,16/5/2024 23:00,23,ภูชี้เดือน,19.882131,100.500142,18.5,93,0,Mainly Clear,0
2461,16/5/2024,17/5/2024 0:00,0,ภูชี้เดือน,19.882131,100.500142,17.7,96,0,Clear,0
2462,16/5/2024,17/5/2024 1:00,1,ภูชี้เดือน,19.882131,100.500142,17.1,97,0,Overcast,0
2463,16/5/2024,17/5/2024 2:00,2,ภูชี้เดือน,19.882131,100.500142,17.3,95,0.2,Light Drizzle,0
2464,16/5/2024,17/5/2024 3:00,3,ภูชี้เดือน,19.882131,100.500142,16.7,100,2,Light Rain,0
2465,17/5/2024,17/5/2024 21:00,21,ภูชี้เดือน,19.882131,100.500142,18.1,97,0.1,Light Drizzle,0
2466,17/5/2024,17/5/2024 22:00,22,ภูชี้เดือน,19.882131,100.500142,17.7,98,0,Overcast,0
2467,17/5/2024,17/5/2024 23:00,23,ภูชี้เดือน,19.882131,100.500142,17.4,93,0.2,Light Drizzle,0
2468,17/5/2024,18/5/2024 0:00,0,ภูชี้เดือน,19.882131,100.500142,16.9,94,0.5,Drizzle,0
2469,17/5/2024,18/5/2024 1:00,1,ภูชี้เดือน,19.882131,100.500142,16.6,96,0.2,Light Drizzle,0
2470,17/5/2024,18/5/2024 2:00,2,ภูชี้เดือน,19.882131,100.500142,16.4,97,0,Overcast,0
2471,17/5/2024,18/5/2024 3:00,3,ภูชี้เดือน,19.882131,100.500142,16.5,96,0,Overcast,0
2472,18/5/2024,18/5/2024 21:00,21,ภูชี้เดือน,19.882131,100.500142,19.4,91,0,Overcast,0
2473,18/5/2024,18/5/2024 22:00,22,ภูชี้เดือน,19.882131,100.500142,19.5,89,0,Partly Cloudy,0
2474,18/5/2024,18/5/2024 23:00,23,ภูชี้เดือน,19.882131,100.500142,19.4,88,0,Mainly Clear,0
2475,18/5/2024,19/5/2024 0:00,0,ภูชี้เดือน,19.882131,100.500142,19.1,88,0,Overcast,0
2476,18/5/2024,19/5/2024 1:00,1,ภูชี้เดือน,19.882131,100.500142,18.7,86,0,Clear,0
2477,18/5/2024,19/5/2024 2:00,2,ภูชี้เดือน,19.882131,100.500142,18.3,87,0,Clear,0
2478,18/5/2024,19/5/2024 3:00,3,ภูชี้เดือน,19.882131,100.500142,17.9,88,0,Mainly Clear,0
2479,19/5/2024,19/5/2024 21:00,21,ภูชี้เดือน,19.882131,100.500142,21,69,0,Overcast,0
2480,19/5/2024,19/5/2024 22:00,22,ภูชี้เดือน,19.882131,100.500142,20.2,73,0,Overcast,0
2481,19/5/2024,19/5/2024 23:00,23,ภูชี้เดือน,19.882131,100.500142,19.7,76,0,Mainly Clear,1
2482,19/5/2024,20/5/2024 0:00,0,ภูชี้เดือน,19.882131,100.500142,19,78,0,Mainly Clear,1
2483,19/5/2024,20/5/2024 1:00,1,ภูชี้เดือน,19.882131,100.500142,18.6,80,0,Clear,1
2484,19/5/2024,20/5/2024 2:00,2,ภูชี้เดือน,19.882131,100.500142,18.3,82,0,Clear,0
2485,19/5/2024,20/5/2024 3:00,3,ภูชี้เดือน,19.882131,100.500142,18.1,83,0,Clear,0
2486,20/5/2024,20/5/2024 21:00,21,ภูชี้เดือน,19.882131,100.500142,17,95,3.4,Rain,0
2487,20/5/2024,20/5/2024 22:00,22,ภูชี้เดือน,19.882131,100.500142,16.5,97,0.1,Light Drizzle,0
2488,20/5/2024,20/5/2024 23:00,23,ภูชี้เดือน,19.882131,100.500142,16.3,100,0.2,Light Drizzle,0
2489,20/5/2024,21/5/2024 0:00,0,ภูชี้เดือน,19.882131,100.500142,16,100,0.5,Drizzle,0
2490,20/5/2024,21/5/2024 1:00,1,ภูชี้เดือน,19.882131,100.500142,16,100,0.8,Drizzle,0
2491,20/5/2024,21/5/2024 2:00,2,ภูชี้เดือน,19.882131,100.500142,16,100,0.2,Light Drizzle,0
2492,20/5/2024,21/5/2024 3:00,3,ภูชี้เดือน,19.882131,100.500142,16,100,0.1,Light Drizzle,0
2493,21/5/2024,21/5/2024 21:00,21,ภูชี้เดือน,19.882131,100.500142,17.4,97,0,Overcast,0
2494,21/5/2024,21/5/2024 22:00,22,ภูชี้เดือน,19.882131,100.500142,17.3,97,0,Mainly Clear,0
2495,21/5/2024,21/5/2024 23:00,23,ภูชี้เดือน,19.882131,100.500142,17,98,0,Overcast,0
2496,21/5/2024,22/5/2024 0:00,0,ภูชี้เดือน,19.882131,100.500142,16.8,99,0,Overcast,0
2497,21/5/2024,22/5/2024 1:00,1,ภูชี้เดือน,19.882131,100.500142,16.3,94,0.1,Light Drizzle,0
2498,21/5/2024,22/5/2024 2:00,2,ภูชี้เดือน,19.882131,100.500142,15.9,97,0.1,Light Drizzle,0
2499,21/5/2024,22/5/2024 3:00,3,ภูชี้เดือน,19.882131,100.500142,15.4,99,0,Partly Cloudy,0
2500,22/5/2024,22/5/2024 21:00,21,ภูชี้เดือน,19.882131,100.500142,17.8,91,0.1,Light Drizzle,0
2501,22/5/2024,22/5/2024 22:00,22,ภูชี้เดือน,19.882131,100.500142,17.5,94,0.2,Light Drizzle,0
2502,22/5/2024,22/5/2024 23:00,23,ภูชี้เดือน,19.882131,100.500142,17.6,92,0.5,Drizzle,0
2503,22/5/2024,23/5/2024 0:00,0,ภูชี้เดือน,19.882131,100.500142,16.5,100,1.3,Light Rain,0
2504,22/5/2024,23/5/2024 1:00,1,ภูชี้เดือน,19.882131,100.500142,16.2,100,0.6,Drizzle,0
2505,22/5/2024,23/5/2024 2:00,2,ภูชี้เดือน,19.882131,100.500142,16,100,0.6,Drizzle,0
2506,22/5/2024,23/5/2024 3:00,3,ภูชี้เดือน,19.882131,100.500142,15.9,100,0.8,Drizzle,0
2507,23/5/2024,23/5/2024 21:00,21,ภูชี้เดือน,19.882131,100.500142,17.9,92,0,Partly Cloudy,0
2508,23/5/2024,23/5/2024 22:00,22,ภูชี้เดือน,19.882131,100.500142,17.6,93,0,Overcast,0
2509,23/5/2024,23/5/2024 23:00,23,ภูชี้เดือน,19.882131,100.500142,17.3,94,0,Overcast,0
2510,23/5/2024,24/5/2024 0:00,0,ภูชี้เดือน,19.882131,100.500142,16.5,98,0.1,Light Drizzle,0
2511,23/5/2024,24/5/2024 1:00,1,ภูชี้เดือน,19.882131,100.500142,16.3,99,0.2,Light Drizzle,0
2512,23/5/2024,24/5/2024 2:00,2,ภูชี้เดือน,19.882131,100.500142,15.9,96,1.9,Light Rain,0
2513,23/5/2024,24/5/2024 3:00,3,ภูชี้เดือน,19.882131,100.500142,15.5,100,2,Light Rain,0
2514,24/5/2024,24/5/2024 21:00,21,ภูชี้เดือน,19.882131,100.500142,17.2,97,0,Overcast,0
2515,24/5/2024,24/5/2024 22:00,22,ภูชี้เดือน,19.882131,100.500142,17,97,0,Overcast,0
2516,24/5/2024,24/5/2024 23:00,23,ภูชี้เดือน,19.882131,100.500142,16.4,98,0,Overcast,0
2517,24/5/2024,25/5/2024 0:00,0,ภูชี้เดือน,19.882131,100.500142,16,99,3,Rain,0
2518,24/5/2024,25/5/2024 1:00,1,ภูชี้เดือน,19.882131,100.500142,15.5,100,5.6,Rain,0
2519,24/5/2024,25/5/2024 2:00,2,ภูชี้เดือน,19.882131,100.500142,15.4,100,4.1,Rain,0
2520,24/5/2024,25/5/2024 3:00,3,ภูชี้เดือน,19.882131,100.500142,15.4,100,1.8,Light Rain,0
2521,25/5/2024,25/5/2024 21:00,21,ภูชี้เดือน,19.882131,100.500142,18,84,0.1,Light Drizzle,0
2522,25/5/2024,25/5/2024 22:00,22,ภูชี้เดือน,19.882131,100.500142,17.3,89,0.4,Light Drizzle,0
2523,25/5/2024,25/5/2024 23:00,23,ภูชี้เดือน,19.882131,100.500142,16.8,91,0.2,Light Drizzle,0
2524,25/5/2024,26/5/2024 0:00,0,ภูชี้เดือน,19.882131,100.500142,16.5,92,1.5,Light Rain,0
2525,25/5/2024,26/5/2024 1:00,1,ภูชี้เดือน,19.882131,100.500142,16,100,0.3,Light Drizzle,0
2526,25/5/2024,26/5/2024 2:00,2,ภูชี้เดือน,19.882131,100.500142,15.6,100,0.2,Light Drizzle,0
2527,25/5/2024,26/5/2024 3:00,3,ภูชี้เดือน,19.882131,100.500142,15.6,100,0.1,Light Drizzle,0
2528,26/5/2024,26/5/2024 21:00,21,ภูชี้เดือน,19.882131,100.500142,16.6,100,0,Overcast,0
2529,26/5/2024,26/5/2024 22:00,22,ภูชี้เดือน,19.882131,100.500142,16.8,100,0,Overcast,0
2530,26/5/2024,26/5/2024 23:00,23,ภูชี้เดือน,19.882131,100.500142,16.6,100,0,Overcast,0
2531,26/5/2024,27/5/2024 0:00,0,ภูชี้เดือน,19.882131,100.500142,16.9,95,0,Overcast,0
2532,26/5/2024,27/5/2024 1:00,1,ภูชี้เดือน,19.882131,100.500142,16.6,96,0,Overcast,0
2533,26/5/2024,27/5/2024 2:00,2,ภูชี้เดือน,19.882131,100.500142,16.5,95,0,Overcast,0
2534,26/5/2024,27/5/2024 3:00,3,ภูชี้เดือน,19.882131,100.500142,16.4,95,0,Overcast,0
2535,27/5/2024,27/5/2024 21:00,21,ภูชี้เดือน,19.882131,100.500142,17.8,92,0,Overcast,0
2536,27/5/2024,27/5/2024 22:00,22,ภูชี้เดือน,19.882131,100.500142,17.4,93,0,Overcast,0
2537,27/5/2024,27/5/2024 23:00,23,ภูชี้เดือน,19.882131,100.500142,17.4,92,0,Overcast,0
2538,27/5/2024,28/5/2024 0:00,0,ภูชี้เดือน,19.882131,100.500142,17.1,93,0,Overcast,0
2539,27/5/2024,28/5/2024 1:00,1,ภูชี้เดือน,19.882131,100.500142,16.6,96,0,Overcast,0
2540,27/5/2024,28/5/2024 2:00,2,ภูชี้เดือน,19.882131,100.500142,16.5,97,0,Overcast,0
2541,27/5/2024,28/5/2024 3:00,3,ภูชี้เดือน,19.882131,100.500142,16.4,97,0.1,Light Drizzle,0
2542,28/5/2024,28/5/2024 21:00,21,ภูชี้เดือน,19.882131,100.500142,18.3,89,0,Overcast,0
2543,28/5/2024,28/5/2024 22:00,22,ภูชี้เดือน,19.882131,100.500142,18,90,0,Overcast,0
2544,28/5/2024,28/5/2024 23:00,23,ภูชี้เดือน,19.882131,100.500142,17.5,92,0,Overcast,0
2545,28/5/2024,29/5/2024 0:00,0,ภูชี้เดือน,19.882131,100.500142,17.1,94,0,Overcast,0
2546,28/5/2024,29/5/2024 1:00,1,ภูชี้เดือน,19.882131,100.500142,16.8,94,0,Overcast,0
2547,28/5/2024,29/5/2024 2:00,2,ภูชี้เดือน,19.882131,100.500142,16.6,95,0,Overcast,0
2548,28/5/2024,29/5/2024 3:00,3,ภูชี้เดือน,19.882131,100.500142,16.4,97,0,Overcast,0
2549,29/5/2024,29/5/2024 21:00,21,ภูชี้เดือน,19.882131,100.500142,18.1,92,0,Partly Cloudy,0
2550,29/5/2024,29/5/2024 22:00,22,ภูชี้เดือน,19.882131,100.500142,17.8,94,0,Overcast,0
2551,29/5/2024,29/5/2024 23:00,23,ภูชี้เดือน,19.882131,100.500142,17.5,95,0,Overcast,0
2552,29/5/2024,30/5/2024 0:00,0,ภูชี้เดือน,19.882131,100.500142,17.3,96,0,Overcast,0
2553,29/5/2024,30/5/2024 1:00,1,ภูชี้เดือน,19.882131,100.500142,17,97,0,Overcast,0
2554,29/5/2024,30/5/2024 2:00,2,ภูชี้เดือน,19.882131,100.500142,16.9,98,0,Overcast,0
2555,29/5/2024,30/5/2024 3:00,3,ภูชี้เดือน,19.882131,100.500142,16.8,98,0,Overcast,0
2556,30/5/2024,30/5/2024 21:00,21,ภูชี้เดือน,19.882131,100.500142,21.2,75,0,Overcast,0
2557,30/5/2024,30/5/2024 22:00,22,ภูชี้เดือน,19.882131,100.500142,21.2,71,0,Overcast,0
2558,30/5/2024,30/5/2024 23:00,23,ภูชี้เดือน,19.882131,100.500142,20.4,76,0,Overcast,0
2559,30/5/2024,31/5/2024 0:00,0,ภูชี้เดือน,19.882131,100.500142,19.4,83,0,Overcast,0
2560,30/5/2024,31/5/2024 1:00,1,ภูชี้เดือน,19.882131,100.500142,18.6,89,0,Clear,0
2561,30/5/2024,31/5/2024 2:00,2,ภูชี้เดือน,19.882131,100.500142,18.1,92,0,Overcast,0
2562,30/5/2024,31/5/2024 3:00,3,ภูชี้เดือน,19.882131,100.500142,17.7,94,0,Overcast,0
2563,31/5/2024,31/5/2024 21:00,21,ภูชี้เดือน,19.882131,100.500142,19.6,89,0,Overcast,0
2564,31/5/2024,31/5/2024 22:00,22,ภูชี้เดือน,19.882131,100.500142,19.4,90,0,Overcast,0
2565,31/5/2024,31/5/2024 23:00,23,ภูชี้เดือน,19.882131,100.500142,19.2,90,0.1,Light Drizzle,0
2566,31/5/2024,1/6/2024 0:00,0,ภูชี้เดือน,19.882131,100.500142,17.6,96,3.9,Rain,0
2567,31/5/2024,1/6/2024 1:00,1,ภูชี้เดือน,19.882131,100.500142,17.2,95,1.6,Light Rain,0
2568,31/5/2024,1/6/2024 2:00,2,ภูชี้เดือน,19.882131,100.500142,16.3,100,2.3,Light Rain,0
2569,31/5/2024,1/6/2024 3:00,3,ภูชี้เดือน,19.882131,100.500142,15.9,100,3.1,Rain,0
2570,1/6/2024,1/6/2024 21:00,21,ภูชี้เดือน,19.882131,100.500142,17.6,98,0,Overcast,0
2571,1/6/2024,1/6/2024 22:00,22,ภูชี้เดือน,19.882131,100.500142,17.2,98,0,Overcast,0
2572,1/6/2024,1/6/2024 23:00,23,ภูชี้เดือน,19.882131,100.500142,16.8,95,0.8,Drizzle,0
2573,1/6/2024,2/6/2024 0:00,0,ภูชี้เดือน,19.882131,100.500142,16.2,100,2.8,Rain,0
2574,1/6/2024,2/6/2024 1:00,1,ภูชี้เดือน,19.882131,100.500142,16.1,100,0.4,Light Drizzle,0
2575,1/6/2024,2/6/2024 2:00,2,ภูชี้เดือน,19.882131,100.500142,15.7,100,0.1,Light Drizzle,0
2576,1/6/2024,2/6/2024 3:00,3,ภูชี้เดือน,19.882131,100.500142,15.9,100,0.4,Light Drizzle,0
2577,2/6/2024,2/6/2024 21:00,21,ภูชี้เดือน,19.882131,100.500142,17.7,90,0.2,Light Drizzle,0
2578,2/6/2024,2/6/2024 22:00,22,ภูชี้เดือน,19.882131,100.500142,17.4,91,0,Overcast,0
2579,2/6/2024,2/6/2024 23:00,23,ภูชี้เดือน,19.882131,100.500142,17.3,91,0,Overcast,0
2580,2/6/2024,3/6/2024 0:00,0,ภูชี้เดือน,19.882131,100.500142,17,91,0,Overcast,0
2581,2/6/2024,3/6/2024 1:00,1,ภูชี้เดือน,19.882131,100.500142,16.9,92,0,Overcast,0
2582,2/6/2024,3/6/2024 2:00,2,ภูชี้เดือน,19.882131,100.500142,16.4,93,0,Overcast,0
2583,2/6/2024,3/6/2024 3:00,3,ภูชี้เดือน,19.882131,100.500142,16,94,0.1,Light Drizzle,0
2584,3/6/2024,3/6/2024 21:00,21,ภูชี้เดือน,19.882131,100.500142,17.3,92,0,Overcast,0
2585,3/6/2024,3/6/2024 22:00,22,ภูชี้เดือน,19.882131,100.500142,17.1,93,0,Overcast,0
2586,3/6/2024,3/6/2024 23:00,23,ภูชี้เดือน,19.882131,100.500142,16.9,94,0,Overcast,0
2587,3/6/2024,4/6/2024 0:00,0,ภูชี้เดือน,19.882131,100.500142,16.6,94,0.1,Light Drizzle,0
2588,3/6/2024,4/6/2024 1:00,1,ภูชี้เดือน,19.882131,100.500142,16.1,95,0,Overcast,0
2589,3/6/2024,4/6/2024 2:00,2,ภูชี้เดือน,19.882131,100.500142,16.3,95,0,Overcast,0
2590,3/6/2024,4/6/2024 3:00,3,ภูชี้เดือน,19.882131,100.500142,15.8,97,0,Overcast,0
2591,4/6/2024,4/6/2024 21:00,21,ภูชี้เดือน,19.882131,100.500142,18.1,88,0,Overcast,0
2592,4/6/2024,4/6/2024 22:00,22,ภูชี้เดือน,19.882131,100.500142,17.9,87,0,Overcast,0
2593,4/6/2024,4/6/2024 23:00,23,ภูชี้เดือน,19.882131,100.500142,17.9,85,0,Partly Cloudy,0
2594,4/6/2024,5/6/2024 0:00,0,ภูชี้เดือน,19.882131,100.500142,17.7,84,0,Overcast,0
2595,4/6/2024,5/6/2024 1:00,1,ภูชี้เดือน,19.882131,100.500142,17.1,86,0,Overcast,0
2596,4/6/2024,5/6/2024 2:00,2,ภูชี้เดือน,19.882131,100.500142,16.7,89,0,Partly Cloudy,0
2597,4/6/2024,5/6/2024 3:00,3,ภูชี้เดือน,19.882131,100.500142,16.1,92,0,Partly Cloudy,0
2598,5/6/2024,5/6/2024 21:00,21,ภูชี้เดือน,19.882131,100.500142,19.2,80,0,Overcast,0
2599,5/6/2024,5/6/2024 22:00,22,ภูชี้เดือน,19.882131,100.500142,18.7,80,0,Overcast,0
2600,5/6/2024,5/6/2024 23:00,23,ภูชี้เดือน,19.882131,100.500142,17.8,85,0,Overcast,0
2601,5/6/2024,6/6/2024 0:00,0,ภูชี้เดือน,19.882131,100.500142,16.9,91,0.1,Light Drizzle,0
2602,5/6/2024,6/6/2024 1:00,1,ภูชี้เดือน,19.882131,100.500142,16.8,92,0,Overcast,0
2603,5/6/2024,6/6/2024 2:00,2,ภูชี้เดือน,19.882131,100.500142,16.8,92,0,Overcast,0
2604,5/6/2024,6/6/2024 3:00,3,ภูชี้เดือน,19.882131,100.500142,16.7,94,0,Overcast,0
2605,6/6/2024,6/6/2024 21:00,21,ภูชี้เดือน,19.882131,100.500142,18.5,84,0,Overcast,0
2606,6/6/2024,6/6/2024 22:00,22,ภูชี้เดือน,19.882131,100.500142,17.9,87,0,Overcast,0
2607,6/6/2024,6/6/2024 23:00,23,ภูชี้เดือน,19.882131,100.500142,17.7,87,0.1,Light Drizzle,0
2608,6/6/2024,7/6/2024 0:00,0,ภูชี้เดือน,19.882131,100.500142,17.4,89,0,Overcast,0
2609,6/6/2024,7/6/2024 1:00,1,ภูชี้เดือน,19.882131,100.500142,17,90,0,Overcast,0
2610,6/6/2024,7/6/2024 2:00,2,ภูชี้เดือน,19.882131,100.500142,16.6,93,0.1,Light Drizzle,0
2611,6/6/2024,7/6/2024 3:00,3,ภูชี้เดือน,19.882131,100.500142,16.2,94,0.1,Light Drizzle,0
2612,7/6/2024,7/6/2024 21:00,21,ภูชี้เดือน,19.882131,100.500142,17.7,88,0,Overcast,0
2613,7/6/2024,7/6/2024 22:00,22,ภูชี้เดือน,19.882131,100.500142,17.4,89,0,Overcast,0
2614,7/6/2024,7/6/2024 23:00,23,ภูชี้เดือน,19.882131,100.500142,16.2,94,3.8,Rain,0
2615,7/6/2024,8/6/2024 0:00,0,ภูชี้เดือน,19.882131,100.500142,16.3,97,0.1,Light Drizzle,0
2616,7/6/2024,8/6/2024 1:00,1,ภูชี้เดือน,19.882131,100.500142,16,100,0.2,Light Drizzle,0
2617,7/6/2024,8/6/2024 2:00,2,ภูชี้เดือน,19.882131,100.500142,15.7,100,0.2,Light Drizzle,0
2618,7/6/2024,8/6/2024 3:00,3,ภูชี้เดือน,19.882131,100.500142,15.4,100,0.1,Light Drizzle,0
2619,8/6/2024,8/6/2024 21:00,21,ภูชี้เดือน,19.882131,100.500142,17.5,93,0,Overcast,0
2620,8/6/2024,8/6/2024 22:00,22,ภูชี้เดือน,19.882131,100.500142,17.1,94,0,Overcast,0
2621,8/6/2024,8/6/2024 23:00,23,ภูชี้เดือน,19.882131,100.500142,16.6,95,0,Overcast,0
2622,8/6/2024,9/6/2024 0:00,0,ภูชี้เดือน,19.882131,100.500142,16.6,96,0,Overcast,0
2623,8/6/2024,9/6/2024 1:00,1,ภูชี้เดือน,19.882131,100.500142,16.7,96,0,Overcast,0
2624,8/6/2024,9/6/2024 2:00,2,ภูชี้เดือน,19.882131,100.500142,16.2,97,0,Overcast,0
2625,8/6/2024,9/6/2024 3:00,3,ภูชี้เดือน,19.882131,100.500142,15.9,96,0,Overcast,0
2626,9/6/2024,9/6/2024 21:00,21,ภูชี้เดือน,19.882131,100.500142,17.3,99,0,Overcast,0
2627,9/6/2024,9/6/2024 22:00,22,ภูชี้เดือน,19.882131,100.500142,17.4,99,0,Overcast,0
2628,9/6/2024,9/6/2024 23:00,23,ภูชี้เดือน,19.882131,100.500142,16.5,100,0,Overcast,0
2629,9/6/2024,10/6/2024 0:00,0,ภูชี้เดือน,19.882131,100.500142,16.4,100,0,Overcast,0
2630,9/6/2024,10/6/2024 1:00,1,ภูชี้เดือน,19.882131,100.500142,16.9,99,0,Overcast,0
2631,9/6/2024,10/6/2024 2:00,2,ภูชี้เดือน,19.882131,100.500142,16.4,98,0,Overcast,0
2632,9/6/2024,10/6/2024 3:00,3,ภูชี้เดือน,19.882131,100.500142,16.1,99,0.1,Light Drizzle,0
2633,10/6/2024,10/6/2024 21:00,21,ภูชี้เดือน,19.882131,100.500142,17.6,98,0,Overcast,0
2634,10/6/2024,10/6/2024 22:00,22,ภูชี้เดือน,19.882131,100.500142,17.3,99,0,Overcast,0
2635,10/6/2024,10/6/2024 23:00,23,ภูชี้เดือน,19.882131,100.500142,17,99,0,Overcast,0
2636,10/6/2024,11/6/2024 0:00,0,ภูชี้เดือน,19.882131,100.500142,16.5,98,0.2,Light Drizzle,0
2637,10/6/2024,11/6/2024 1:00,1,ภูชี้เดือน,19.882131,100.500142,16.2,99,0,Overcast,0
2638,10/6/2024,11/6/2024 2:00,2,ภูชี้เดือน,19.882131,100.500142,16.1,100,0,Overcast,0
2639,10/6/2024,11/6/2024 3:00,3,ภูชี้เดือน,19.882131,100.500142,15.7,100,0,Overcast,0
2640,11/6/2024,11/6/2024 21:00,21,ภูชี้เดือน,19.882131,100.500142,17.1,96,0,Overcast,0
2641,11/6/2024,11/6/2024 22:00,22,ภูชี้เดือน,19.882131,100.500142,16.6,95,0.2,Light Drizzle,0
2642,11/6/2024,11/6/2024 23:00,23,ภูชี้เดือน,19.882131,100.500142,16.3,95,0,Overcast,0
2643,11/6/2024,12/6/2024 0:00,0,ภูชี้เดือน,19.882131,100.500142,16.1,97,0.1,Light Drizzle,0
2644,11/6/2024,12/6/2024 1:00,1,ภูชี้เดือน,19.882131,100.500142,16,97,0.1,Light Drizzle,0
2645,11/6/2024,12/6/2024 2:00,2,ภูชี้เดือน,19.882131,100.500142,15.9,99,0,Overcast,0
2646,11/6/2024,12/6/2024 3:00,3,ภูชี้เดือน,19.882131,100.500142,15.7,99,0,Overcast,0
2647,12/6/2024,12/6/2024 21:00,21,ภูชี้เดือน,19.882131,100.500142,17.6,87,0,Overcast,0
2648,12/6/2024,12/6/2024 22:00,22,ภูชี้เดือน,19.882131,100.500142,16.9,89,0,Overcast,0
2649,12/6/2024,12/6/2024 23:00,23,ภูชี้เดือน,19.882131,100.500142,16.7,91,0,Overcast,0
2650,12/6/2024,13/6/2024 0:00,0,ภูชี้เดือน,19.882131,100.500142,16.4,92,0,Overcast,0
2651,12/6/2024,13/6/2024 1:00,1,ภูชี้เดือน,19.882131,100.500142,16.2,94,0,Overcast,0
2652,12/6/2024,13/6/2024 2:00,2,ภูชี้เดือน,19.882131,100.500142,15.8,96,0,Overcast,0
2653,12/6/2024,13/6/2024 3:00,3,ภูชี้เดือน,19.882131,100.500142,15.7,96,0,Overcast,0
2654,13/6/2024,13/6/2024 21:00,21,ภูชี้เดือน,19.882131,100.500142,17.9,83,0,Overcast,0
2655,13/6/2024,13/6/2024 22:00,22,ภูชี้เดือน,19.882131,100.500142,17.5,85,0,Overcast,0
2656,13/6/2024,13/6/2024 23:00,23,ภูชี้เดือน,19.882131,100.500142,17,86,0,Overcast,0
2657,13/6/2024,14/6/2024 0:00,0,ภูชี้เดือน,19.882131,100.500142,16.7,88,0,Overcast,0
2658,13/6/2024,14/6/2024 1:00,1,ภูชี้เดือน,19.882131,100.500142,16.4,91,0,Overcast,0
2659,13/6/2024,14/6/2024 2:00,2,ภูชี้เดือน,19.882131,100.500142,16.1,93,0,Overcast,0
2660,13/6/2024,14/6/2024 3:00,3,ภูชี้เดือน,19.882131,100.500142,16,94,0,Overcast,0
2661,14/6/2024,14/6/2024 21:00,21,ภูชี้เดือน,19.882131,100.500142,17.8,89,0,Overcast,0
2662,14/6/2024,14/6/2024 22:00,22,ภูชี้เดือน,19.882131,100.500142,17.5,90,0,Overcast,0
2663,14/6/2024,14/6/2024 23:00,23,ภูชี้เดือน,19.882131,100.500142,17.3,91,0.1,Light Drizzle,0
2664,14/6/2024,15/6/2024 0:00,0,ภูชี้เดือน,19.882131,100.500142,17.1,92,0,Overcast,0
2665,14/6/2024,15/6/2024 1:00,1,ภูชี้เดือน,19.882131,100.500142,16.7,95,0,Overcast,0
2666,14/6/2024,15/6/2024 2:00,2,ภูชี้เดือน,19.882131,100.500142,16.4,96,0,Overcast,0
2667,14/6/2024,15/6/2024 3:00,3,ภูชี้เดือน,19.882131,100.500142,16.2,97,0.1,Light Drizzle,0
2668,15/6/2024,15/6/2024 21:00,21,ภูชี้เดือน,19.882131,100.500142,18.9,82,0,Overcast,0
2669,15/6/2024,15/6/2024 22:00,22,ภูชี้เดือน,19.882131,100.500142,18.2,86,0,Overcast,0
2670,15/6/2024,15/6/2024 23:00,23,ภูชี้เดือน,19.882131,100.500142,17.6,89,0,Overcast,0
2671,15/6/2024,16/6/2024 0:00,0,ภูชี้เดือน,19.882131,100.500142,17.2,91,0,Overcast,0
2672,15/6/2024,16/6/2024 1:00,1,ภูชี้เดือน,19.882131,100.500142,16.9,92,0,Overcast,0
2673,15/6/2024,16/6/2024 2:00,2,ภูชี้เดือน,19.882131,100.500142,16.7,93,0,Overcast,0
2674,15/6/2024,16/6/2024 3:00,3,ภูชี้เดือน,19.882131,100.500142,16.5,95,0,Overcast,0
2675,16/6/2024,16/6/2024 21:00,21,ภูชี้เดือน,19.882131,100.500142,19,85,0,Overcast,0
2676,16/6/2024,16/6/2024 22:00,22,ภูชี้เดือน,19.882131,100.500142,18.5,87,0,Overcast,0
2677,16/6/2024,16/6/2024 23:00,23,ภูชี้เดือน,19.882131,100.500142,18.3,89,0,Overcast,0
2678,16/6/2024,17/6/2024 0:00,0,ภูชี้เดือน,19.882131,100.500142,18.1,89,0,Overcast,0
2679,16/6/2024,17/6/2024 1:00,1,ภูชี้เดือน,19.882131,100.500142,17.8,88,0,Overcast,0
2680,16/6/2024,17/6/2024 2:00,2,ภูชี้เดือน,19.882131,100.500142,17.4,88,0,Overcast,0
2681,16/6/2024,17/6/2024 3:00,3,ภูชี้เดือน,19.882131,100.500142,16.9,91,0,Overcast,0
2682,17/6/2024,17/6/2024 21:00,21,ภูชี้เดือน,19.882131,100.500142,18.7,85,0,Overcast,0
2683,17/6/2024,17/6/2024 22:00,22,ภูชี้เดือน,19.882131,100.500142,18,89,0,Overcast,0
2684,17/6/2024,17/6/2024 23:00,23,ภูชี้เดือน,19.882131,100.500142,17.4,92,0,Overcast,0
2685,17/6/2024,18/6/2024 0:00,0,ภูชี้เดือน,19.882131,100.500142,17,93,0,Overcast,0
2686,17/6/2024,18/6/2024 1:00,1,ภูชี้เดือน,19.882131,100.500142,16.6,94,0,Overcast,0
2687,17/6/2024,18/6/2024 2:00,2,ภูชี้เดือน,19.882131,100.500142,16.4,94,0,Overcast,0
2688,17/6/2024,18/6/2024 3:00,3,ภูชี้เดือน,19.882131,100.500142,16.4,94,0,Overcast,0
2689,18/6/2024,18/6/2024 21:00,21,ภูชี้เดือน,19.882131,100.500142,18.4,88,0,Overcast,0
2690,18/6/2024,18/6/2024 22:00,22,ภูชี้เดือน,19.882131,100.500142,18.1,88,0,Overcast,0
2691,18/6/2024,18/6/2024 23:00,23,ภูชี้เดือน,19.882131,100.500142,17.5,91,0,Overcast,0
2692,18/6/2024,19/6/2024 0:00,0,ภูชี้เดือน,19.882131,100.500142,17.3,91,0,Overcast,0
2693,18/6/2024,19/6/2024 1:00,1,ภูชี้เดือน,19.882131,100.500142,17.1,91,0,Overcast,0
2694,18/6/2024,19/6/2024 2:00,2,ภูชี้เดือน,19.882131,100.500142,16.6,93,0,Overcast,0
2695,18/6/2024,19/6/2024 3:00,3,ภูชี้เดือน,19.882131,100.500142,16.2,94,0,Overcast,0
2696,19/6/2024,19/6/2024 21:00,21,ภูชี้เดือน,19.882131,100.500142,18.9,79,0,Overcast,0
2697,19/6/2024,19/6/2024 22:00,22,ภูชี้เดือน,19.882131,100.500142,18.5,81,0,Overcast,0
2698,19/6/2024,19/6/2024 23:00,23,ภูชี้เดือน,19.882131,100.500142,18,83,0,Overcast,0
2699,19/6/2024,20/6/2024 0:00,0,ภูชี้เดือน,19.882131,100.500142,17.7,84,0,Overcast,0
2700,19/6/2024,20/6/2024 1:00,1,ภูชี้เดือน,19.882131,100.500142,17.4,86,0,Overcast,0
2701,19/6/2024,20/6/2024 2:00,2,ภูชี้เดือน,19.882131,100.500142,17.4,86,0,Overcast,0
2702,19/6/2024,20/6/2024 3:00,3,ภูชี้เดือน,19.882131,100.500142,17.3,87,0,Overcast,0
2703,20/6/2024,20/6/2024 21:00,21,ภูชี้เดือน,19.882131,100.500142,19.3,78,0,Overcast,0
2704,20/6/2024,20/6/2024 22:00,22,ภูชี้เดือน,19.882131,100.500142,19,80,0,Overcast,0
2705,20/6/2024,20/6/2024 23:00,23,ภูชี้เดือน,19.882131,100.500142,18.5,83,0,Overcast,0
2706,20/6/2024,21/6/2024 0:00,0,ภูชี้เดือน,19.882131,100.500142,17.9,85,0,Overcast,0
2707,20/6/2024,21/6/2024 1:00,1,ภูชี้เดือน,19.882131,100.500142,17.5,87,0,Overcast,0
2708,20/6/2024,21/6/2024 2:00,2,ภูชี้เดือน,19.882131,100.500142,17.1,89,0,Overcast,0
2709,20/6/2024,21/6/2024 3:00,3,ภูชี้เดือน,19.882131,100.500142,16.9,91,0,Overcast,0
2710,21/6/2024,21/6/2024 21:00,21,ภูชี้เดือน,19.882131,100.500142,19.8,84,0,Overcast,0
2711,21/6/2024,21/6/2024 22:00,22,ภูชี้เดือน,19.882131,100.500142,19.5,85,0,Overcast,0
2712,21/6/2024,21/6/2024 23:00,23,ภูชี้เดือน,19.882131,100.500142,19.5,81,0,Overcast,0
2713,21/6/2024,22/6/2024 0:00,0,ภูชี้เดือน,19.882131,100.500142,19.5,78,0,Overcast,0
2714,21/6/2024,22/6/2024 1:00,1,ภูชี้เดือน,19.882131,100.500142,19,79,0,Overcast,0
2715,21/6/2024,22/6/2024 2:00,2,ภูชี้เดือน,19.882131,100.500142,18.8,78,0,Partly Cloudy,1
2716,21/6/2024,22/6/2024 3:00,3,ภูชี้เดือน,19.882131,100.500142,18.5,80,0,Overcast,1
2717,22/6/2024,22/6/2024 21:00,21,ภูชี้เดือน,19.882131,100.500142,20.4,82,0,Partly Cloudy,0
2718,22/6/2024,22/6/2024 22:00,22,ภูชี้เดือน,19.882131,100.500142,19.8,82,0,Overcast,0
2719,22/6/2024,22/6/2024 23:00,23,ภูชี้เดือน,19.882131,100.500142,19.3,87,0,Partly Cloudy,0
2720,22/6/2024,23/6/2024 0:00,0,ภูชี้เดือน,19.882131,100.500142,19.1,87,0,Overcast,0
2721,22/6/2024,23/6/2024 1:00,1,ภูชี้เดือน,19.882131,100.500142,17.8,94,0.7,Drizzle,0
2722,22/6/2024,23/6/2024 2:00,2,ภูชี้เดือน,19.882131,100.500142,17.3,98,0.8,Drizzle,0
2723,22/6/2024,23/6/2024 3:00,3,ภูชี้เดือน,19.882131,100.500142,17,98,0,Overcast,0
2724,23/6/2024,23/6/2024 21:00,21,ภูชี้เดือน,19.882131,100.500142,18.2,94,0,Overcast,0
2725,23/6/2024,23/6/2024 22:00,22,ภูชี้เดือน,19.882131,100.500142,18.2,93,0,Overcast,0
2726,23/6/2024,23/6/2024 23:00,23,ภูชี้เดือน,19.882131,100.500142,17.6,94,0,Overcast,0
2727,23/6/2024,24/6/2024 0:00,0,ภูชี้เดือน,19.882131,100.500142,17.6,94,0,Overcast,0
2728,23/6/2024,24/6/2024 1:00,1,ภูชี้เดือน,19.882131,100.500142,17.3,95,0,Overcast,0
2729,23/6/2024,24/6/2024 2:00,2,ภูชี้เดือน,19.882131,100.500142,16.9,97,0,Overcast,0
2730,23/6/2024,24/6/2024 3:00,3,ภูชี้เดือน,19.882131,100.500142,16.3,99,0,Overcast,0
2731,24/6/2024,24/6/2024 21:00,21,ภูชี้เดือน,19.882131,100.500142,18.3,97,0,Overcast,0
2732,24/6/2024,24/6/2024 22:00,22,ภูชี้เดือน,19.882131,100.500142,18,98,0,Overcast,0
2733,24/6/2024,24/6/2024 23:00,23,ภูชี้เดือน,19.882131,100.500142,17.6,99,0,Overcast,0
2734,24/6/2024,25/6/2024 0:00,0,ภูชี้เดือน,19.882131,100.500142,17,100,0,Overcast,0
2735,24/6/2024,25/6/2024 1:00,1,ภูชี้เดือน,19.882131,100.500142,16.3,97,1,Heavy Drizzle,0
2736,24/6/2024,25/6/2024 2:00,2,ภูชี้เดือน,19.882131,100.500142,16.1,98,0.2,Light Drizzle,0
2737,24/6/2024,25/6/2024 3:00,3,ภูชี้เดือน,19.882131,100.500142,15.8,100,0.5,Drizzle,0
2738,25/6/2024,25/6/2024 21:00,21,ภูชี้เดือน,19.882131,100.500142,16.7,100,0.3,Light Drizzle,0
2739,25/6/2024,25/6/2024 22:00,22,ภูชี้เดือน,19.882131,100.500142,16.5,100,0.9,Drizzle,0
2740,25/6/2024,25/6/2024 23:00,23,ภูชี้เดือน,19.882131,100.500142,16.1,99,0.8,Drizzle,0
2741,25/6/2024,26/6/2024 0:00,0,ภูชี้เดือน,19.882131,100.500142,15.9,99,0.8,Drizzle,0
2742,25/6/2024,26/6/2024 1:00,1,ภูชี้เดือน,19.882131,100.500142,15.5,100,0.5,Drizzle,0
2743,25/6/2024,26/6/2024 2:00,2,ภูชี้เดือน,19.882131,100.500142,15.7,100,0.8,Drizzle,0
2744,25/6/2024,26/6/2024 3:00,3,ภูชี้เดือน,19.882131,100.500142,15.7,98,0,Overcast,0
2745,26/6/2024,26/6/2024 21:00,21,ภูชี้เดือน,19.882131,100.500142,17.2,94,0.5,Drizzle,0
2746,26/6/2024,26/6/2024 22:00,22,ภูชี้เดือน,19.882131,100.500142,16.5,100,1.9,Light Rain,0
2747,26/6/2024,26/6/2024 23:00,23,ภูชี้เดือน,19.882131,100.500142,16.3,100,2.4,Light Rain,0
2748,26/6/2024,27/6/2024 0:00,0,ภูชี้เดือน,19.882131,100.500142,16.1,99,0.3,Light Drizzle,0
2749,26/6/2024,27/6/2024 1:00,1,ภูชี้เดือน,19.882131,100.500142,15.9,100,0.5,Drizzle,0
2750,26/6/2024,27/6/2024 2:00,2,ภูชี้เดือน,19.882131,100.500142,15.6,100,0.9,Drizzle,0
2751,26/6/2024,27/6/2024 3:00,3,ภูชี้เดือน,19.882131,100.500142,15.4,100,0.1,Light Drizzle,0
2752,27/6/2024,27/6/2024 21:00,21,ภูชี้เดือน,19.882131,100.500142,18.1,90,0,Overcast,0
2753,27/6/2024,27/6/2024 22:00,22,ภูชี้เดือน,19.882131,100.500142,17.5,92,0,Overcast,0
2754,27/6/2024,27/6/2024 23:00,23,ภูชี้เดือน,19.882131,100.500142,17.5,92,0,Overcast,0
2755,27/6/2024,28/6/2024 0:00,0,ภูชี้เดือน,19.882131,100.500142,17.1,91,0.2,Light Drizzle,0
2756,27/6/2024,28/6/2024 1:00,1,ภูชี้เดือน,19.882131,100.500142,16.7,90,0,Overcast,0
2757,27/6/2024,28/6/2024 2:00,2,ภูชี้เดือน,19.882131,100.500142,16.4,92,0,Overcast,0
2758,27/6/2024,28/6/2024 3:00,3,ภูชี้เดือน,19.882131,100.500142,16.5,92,0,Overcast,0
2759,28/6/2024,28/6/2024 21:00,21,ภูชี้เดือน,19.882131,100.500142,19,88,0,Overcast,0
2760,28/6/2024,28/6/2024 22:00,22,ภูชี้เดือน,19.882131,100.500142,18.6,88,0,Overcast,0
2761,28/6/2024,28/6/2024 23:00,23,ภูชี้เดือน,19.882131,100.500142,18.6,87,0,Overcast,0
2762,28/6/2024,29/6/2024 0:00,0,ภูชี้เดือน,19.882131,100.500142,18.1,87,0,Overcast,0
2763,28/6/2024,29/6/2024 1:00,1,ภูชี้เดือน,19.882131,100.500142,17.5,88,0,Overcast,0
2764,28/6/2024,29/6/2024 2:00,2,ภูชี้เดือน,19.882131,100.500142,17.2,91,0,Overcast,0
2765,28/6/2024,29/6/2024 3:00,3,ภูชี้เดือน,19.882131,100.500142,17,93,0,Overcast,0
2766,29/6/2024,29/6/2024 21:00,21,ภูชี้เดือน,19.882131,100.500142,19.1,84,0,Overcast,0
2767,29/6/2024,29/6/2024 22:00,22,ภูชี้เดือน,19.882131,100.500142,18.5,86,0,Overcast,0
2768,29/6/2024,29/6/2024 23:00,23,ภูชี้เดือน,19.882131,100.500142,17.8,87,0,Overcast,0
2769,29/6/2024,30/6/2024 0:00,0,ภูชี้เดือน,19.882131,100.500142,17.4,89,0,Overcast,0
2770,29/6/2024,30/6/2024 1:00,1,ภูชี้เดือน,19.882131,100.500142,16.7,92,0.1,Light Drizzle,0
2771,29/6/2024,30/6/2024 2:00,2,ภูชี้เดือน,19.882131,100.500142,15.7,100,4.4,Rain,0
2772,29/6/2024,30/6/2024 3:00,3,ภูชี้เดือน,19.882131,100.500142,15.8,98,0.1,Light Drizzle,0
2773,30/6/2024,30/6/2024 21:00,21,ภูชี้เดือน,19.882131,100.500142,18,90,0.1,Light Drizzle,0
2774,30/6/2024,30/6/2024 22:00,22,ภูชี้เดือน,19.882131,100.500142,17.5,91,0.1,Light Drizzle,0
2775,30/6/2024,30/6/2024 23:00,23,ภูชี้เดือน,19.882131,100.500142,17.2,91,0,Overcast,0
2776,30/6/2024,1/7/2024 0:00,0,ภูชี้เดือน,19.882131,100.500142,16.8,93,0,Overcast,0
2777,30/6/2024,1/7/2024 1:00,1,ภูชี้เดือน,19.882131,100.500142,16.6,95,0,Overcast,0
2778,30/6/2024,1/7/2024 2:00,2,ภูชี้เดือน,19.882131,100.500142,16.5,96,0,Overcast,0
2779,30/6/2024,1/7/2024 3:00,3,ภูชี้เดือน,19.882131,100.500142,16.4,97,0,Overcast,0
2780,1/7/2024,1/7/2024 21:00,21,ภูชี้เดือน,19.882131,100.500142,17.2,94,0,Overcast,0
2781,1/7/2024,1/7/2024 22:00,22,ภูชี้เดือน,19.882131,100.500142,16.8,96,0,Overcast,0
2782,1/7/2024,1/7/2024 23:00,23,ภูชี้เดือน,19.882131,100.500142,16.6,95,0,Overcast,0
2783,1/7/2024,2/7/2024 0:00,0,ภูชี้เดือน,19.882131,100.500142,16.3,95,0,Overcast,0
2784,1/7/2024,2/7/2024 1:00,1,ภูชี้เดือน,19.882131,100.500142,15.9,95,0,Overcast,0
2785,1/7/2024,2/7/2024 2:00,2,ภูชี้เดือน,19.882131,100.500142,15.7,96,0,Overcast,0
2786,1/7/2024,2/7/2024 3:00,3,ภูชี้เดือน,19.882131,100.500142,15.5,97,0,Overcast,0
2787,2/7/2024,2/7/2024 21:00,21,ภูชี้เดือน,19.882131,100.500142,18.3,87,0,Overcast,0
2788,2/7/2024,2/7/2024 22:00,22,ภูชี้เดือน,19.882131,100.500142,17.9,88,0,Overcast,0
2789,2/7/2024,2/7/2024 23:00,23,ภูชี้เดือน,19.882131,100.500142,17.4,90,0,Overcast,0
2790,2/7/2024,3/7/2024 0:00,0,ภูชี้เดือน,19.882131,100.500142,17.1,90,0,Overcast,0
2791,2/7/2024,3/7/2024 1:00,1,ภูชี้เดือน,19.882131,100.500142,16.7,90,0,Overcast,0
2792,2/7/2024,3/7/2024 2:00,2,ภูชี้เดือน,19.882131,100.500142,16.5,90,0,Overcast,0
2793,2/7/2024,3/7/2024 3:00,3,ภูชี้เดือน,19.882131,100.500142,16,92,0,Overcast,0
2794,3/7/2024,3/7/2024 21:00,21,ภูชี้เดือน,19.882131,100.500142,17.6,94,0.3,Light Drizzle,0
2795,3/7/2024,3/7/2024 22:00,22,ภูชี้เดือน,19.882131,100.500142,16.8,99,1.9,Light Rain,0
2796,3/7/2024,3/7/2024 23:00,23,ภูชี้เดือน,19.882131,100.500142,16.6,100,1.4,Light Rain,0
2797,3/7/2024,4/7/2024 0:00,0,ภูชี้เดือน,19.882131,100.500142,16.5,100,0.8,Drizzle,0
2798,3/7/2024,4/7/2024 1:00,1,ภูชี้เดือน,19.882131,100.500142,15.9,100,1.3,Light Rain,0
2799,3/7/2024,4/7/2024 2:00,2,ภูชี้เดือน,19.882131,100.500142,16,100,1.6,Light Rain,0
2800,3/7/2024,4/7/2024 3:00,3,ภูชี้เดือน,19.882131,100.500142,15.5,100,2.2,Light Rain,0
2801,4/7/2024,4/7/2024 21:00,21,ภูชี้เดือน,19.882131,100.500142,17.4,97,0,Overcast,0
2802,4/7/2024,4/7/2024 22:00,22,ภูชี้เดือน,19.882131,100.500142,17.1,98,0,Overcast,0
2803,4/7/2024,4/7/2024 23:00,23,ภูชี้เดือน,19.882131,100.500142,16.6,99,0.1,Light Drizzle,0
2804,4/7/2024,5/7/2024 0:00,0,ภูชี้เดือน,19.882131,100.500142,16,99,0.6,Drizzle,0
2805,4/7/2024,5/7/2024 1:00,1,ภูชี้เดือน,19.882131,100.500142,15.7,100,0.1,Light Drizzle,0
2806,4/7/2024,5/7/2024 2:00,2,ภูชี้เดือน,19.882131,100.500142,15.6,99,0.1,Light Drizzle,0
2807,4/7/2024,5/7/2024 3:00,3,ภูชี้เดือน,19.882131,100.500142,15.3,97,0.1,Light Drizzle,0
2808,5/7/2024,5/7/2024 21:00,21,ภูชี้เดือน,19.882131,100.500142,17.3,95,0,Overcast,0
2809,5/7/2024,5/7/2024 22:00,22,ภูชี้เดือน,19.882131,100.500142,17.2,94,0,Overcast,0
2810,5/7/2024,5/7/2024 23:00,23,ภูชี้เดือน,19.882131,100.500142,17.4,91,0,Overcast,0
2811,5/7/2024,6/7/2024 0:00,0,ภูชี้เดือน,19.882131,100.500142,16.5,95,0,Overcast,0
2812,5/7/2024,6/7/2024 1:00,1,ภูชี้เดือน,19.882131,100.500142,16.2,95,1.3,Light Rain,0
2813,5/7/2024,6/7/2024 2:00,2,ภูชี้เดือน,19.882131,100.500142,15.7,98,0,Overcast,0
2814,5/7/2024,6/7/2024 3:00,3,ภูชี้เดือน,19.882131,100.500142,15.4,99,0,Overcast,0
2815,6/7/2024,6/7/2024 21:00,21,ภูชี้เดือน,19.882131,100.500142,17.4,94,0,Overcast,0
2816,6/7/2024,6/7/2024 22:00,22,ภูชี้เดือน,19.882131,100.500142,17.3,92,0,Overcast,0
2817,6/7/2024,6/7/2024 23:00,23,ภูชี้เดือน,19.882131,100.500142,18,88,0,Mainly Clear,0
2818,6/7/2024,7/7/2024 0:00,0,ภูชี้เดือน,19.882131,100.500142,16.7,92,0,Mainly Clear,0
2819,6/7/2024,7/7/2024 1:00,1,ภูชี้เดือน,19.882131,100.500142,16.4,93,0,Clear,0
2820,6/7/2024,7/7/2024 2:00,2,ภูชี้เดือน,19.882131,100.500142,17.6,87,0,Clear,0
2821,6/7/2024,7/7/2024 3:00,3,ภูชี้เดือน,19.882131,100.500142,17.4,86,0.1,Light Drizzle,0
2822,7/7/2024,7/7/2024 21:00,21,ภูชี้เดือน,19.882131,100.500142,18.4,92,0,Overcast,0
2823,7/7/2024,7/7/2024 22:00,22,ภูชี้เดือน,19.882131,100.500142,17.6,96,0,Overcast,0
2824,7/7/2024,7/7/2024 23:00,23,ภูชี้เดือน,19.882131,100.500142,17.5,96,0,Overcast,0
2825,7/7/2024,8/7/2024 0:00,0,ภูชี้เดือน,19.882131,100.500142,17.2,97,0,Overcast,0
2826,7/7/2024,8/7/2024 1:00,1,ภูชี้เดือน,19.882131,100.500142,16.6,98,0,Clear,0
2827,7/7/2024,8/7/2024 2:00,2,ภูชี้เดือน,19.882131,100.500142,16.3,99,0,Overcast,0
2828,7/7/2024,8/7/2024 3:00,3,ภูชี้เดือน,19.882131,100.500142,16.1,100,0,Partly Cloudy,0
2829,8/7/2024,8/7/2024 21:00,21,ภูชี้เดือน,19.882131,100.500142,18.7,85,0,Overcast,0
2830,8/7/2024,8/7/2024 22:00,22,ภูชี้เดือน,19.882131,100.500142,18,90,0,Overcast,0
2831,8/7/2024,8/7/2024 23:00,23,ภูชี้เดือน,19.882131,100.500142,17.6,91,0,Partly Cloudy,0
2832,8/7/2024,9/7/2024 0:00,0,ภูชี้เดือน,19.882131,100.500142,17.2,91,0,Overcast,0
2833,8/7/2024,9/7/2024 1:00,1,ภูชี้เดือน,19.882131,100.500142,16.5,92,0.1,Light Drizzle,0
2834,8/7/2024,9/7/2024 2:00,2,ภูชี้เดือน,19.882131,100.500142,16.1,92,2.1,Light Rain,0
2835,8/7/2024,9/7/2024 3:00,3,ภูชี้เดือน,19.882131,100.500142,15.8,96,0.1,Light Drizzle,0
2836,9/7/2024,9/7/2024 21:00,21,ภูชี้เดือน,19.882131,100.500142,18.4,86,0,Overcast,0
2837,9/7/2024,9/7/2024 22:00,22,ภูชี้เดือน,19.882131,100.500142,18,89,0,Overcast,0
2838,9/7/2024,9/7/2024 23:00,23,ภูชี้เดือน,19.882131,100.500142,17.6,89,0,Overcast,0
2839,9/7/2024,10/7/2024 0:00,0,ภูชี้เดือน,19.882131,100.500142,17.2,89,0,Overcast,0
2840,9/7/2024,10/7/2024 1:00,1,ภูชี้เดือน,19.882131,100.500142,17,87,0,Overcast,0
2841,9/7/2024,10/7/2024 2:00,2,ภูชี้เดือน,19.882131,100.500142,16.7,88,0,Overcast,0
2842,9/7/2024,10/7/2024 3:00,3,ภูชี้เดือน,19.882131,100.500142,16.6,89,0,Overcast,0
2843,10/7/2024,10/7/2024 21:00,21,ภูชี้เดือน,19.882131,100.500142,19.4,80,0,Overcast,0
2844,10/7/2024,10/7/2024 22:00,22,ภูชี้เดือน,19.882131,100.500142,17.8,85,2.2,Light Rain,0
2845,10/7/2024,10/7/2024 23:00,23,ภูชี้เดือน,19.882131,100.500142,16.2,100,2.7,Rain,0
2846,10/7/2024,11/7/2024 0:00,0,ภูชี้เดือน,19.882131,100.500142,15.8,100,2.2,Light Rain,0
2847,10/7/2024,11/7/2024 1:00,1,ภูชี้เดือน,19.882131,100.500142,15.8,100,2.7,Rain,0
2848,10/7/2024,11/7/2024 2:00,2,ภูชี้เดือน,19.882131,100.500142,15.8,100,1.8,Light Rain,0
2849,10/7/2024,11/7/2024 3:00,3,ภูชี้เดือน,19.882131,100.500142,15.5,100,0.4,Light Drizzle,0
2850,11/7/2024,11/7/2024 21:00,21,ภูชี้เดือน,19.882131,100.500142,17.9,92,0,Overcast,0
2851,11/7/2024,11/7/2024 22:00,22,ภูชี้เดือน,19.882131,100.500142,16.8,94,0,Overcast,0
2852,11/7/2024,11/7/2024 23:00,23,ภูชี้เดือน,19.882131,100.500142,17.2,91,0.6,Drizzle,0
2853,11/7/2024,12/7/2024 0:00,0,ภูชี้เดือน,19.882131,100.500142,15.8,100,5,Rain,0
2854,11/7/2024,12/7/2024 1:00,1,ภูชี้เดือน,19.882131,100.500142,15.6,100,0.3,Light Drizzle,0
2855,11/7/2024,12/7/2024 2:00,2,ภูชี้เดือน,19.882131,100.500142,15.3,100,2.3,Light Rain,0
2856,11/7/2024,12/7/2024 3:00,3,ภูชี้เดือน,19.882131,100.500142,15.3,100,0.2,Light Drizzle,0
2857,12/7/2024,12/7/2024 21:00,21,ภูชี้เดือน,19.882131,100.500142,18.3,93,0,Overcast,0
2858,12/7/2024,12/7/2024 22:00,22,ภูชี้เดือน,19.882131,100.500142,18.2,90,0,Overcast,0
2859,12/7/2024,12/7/2024 23:00,23,ภูชี้เดือน,19.882131,100.500142,17.7,89,0,Overcast,0
2860,12/7/2024,13/7/2024 0:00,0,ภูชี้เดือน,19.882131,100.500142,17.2,88,0,Overcast,0
2861,12/7/2024,13/7/2024 1:00,1,ภูชี้เดือน,19.882131,100.500142,16.8,90,0,Overcast,0
2862,12/7/2024,13/7/2024 2:00,2,ภูชี้เดือน,19.882131,100.500142,16.4,92,0,Overcast,0
2863,12/7/2024,13/7/2024 3:00,3,ภูชี้เดือน,19.882131,100.500142,15.6,96,0.6,Drizzle,0
2864,13/7/2024,13/7/2024 21:00,21,ภูชี้เดือน,19.882131,100.500142,18.3,91,0,Overcast,0
2865,13/7/2024,13/7/2024 22:00,22,ภูชี้เดือน,19.882131,100.500142,18.1,91,0,Overcast,0
2866,13/7/2024,13/7/2024 23:00,23,ภูชี้เดือน,19.882131,100.500142,17.7,90,0,Overcast,0
2867,13/7/2024,14/7/2024 0:00,0,ภูชี้เดือน,19.882131,100.500142,17.3,91,0,Overcast,0
2868,13/7/2024,14/7/2024 1:00,1,ภูชี้เดือน,19.882131,100.500142,16.9,92,0,Overcast,0
2869,13/7/2024,14/7/2024 2:00,2,ภูชี้เดือน,19.882131,100.500142,16.3,95,0,Overcast,0
2870,13/7/2024,14/7/2024 3:00,3,ภูชี้เดือน,19.882131,100.500142,16.2,95,0,Overcast,0
2871,14/7/2024,14/7/2024 21:00,21,ภูชี้เดือน,19.882131,100.500142,19.3,85,0,Overcast,0
2872,14/7/2024,14/7/2024 22:00,22,ภูชี้เดือน,19.882131,100.500142,19,84,0,Overcast,0
2873,14/7/2024,14/7/2024 23:00,23,ภูชี้เดือน,19.882131,100.500142,18.7,83,0,Overcast,0
2874,14/7/2024,15/7/2024 0:00,0,ภูชี้เดือน,19.882131,100.500142,17.7,84,0,Overcast,0
2875,14/7/2024,15/7/2024 1:00,1,ภูชี้เดือน,19.882131,100.500142,16.4,90,0.2,Light Drizzle,0
2876,14/7/2024,15/7/2024 2:00,2,ภูชี้เดือน,19.882131,100.500142,16.2,92,0,Overcast,0
2877,14/7/2024,15/7/2024 3:00,3,ภูชี้เดือน,19.882131,100.500142,16.1,93,0,Overcast,0
2878,15/7/2024,15/7/2024 21:00,21,ภูชี้เดือน,19.882131,100.500142,17.7,97,0,Overcast,0
2879,15/7/2024,15/7/2024 22:00,22,ภูชี้เดือน,19.882131,100.500142,17.3,98,0,Overcast,0
2880,15/7/2024,15/7/2024 23:00,23,ภูชี้เดือน,19.882131,100.500142,17.5,97,0,Overcast,0
2881,15/7/2024,16/7/2024 0:00,0,ภูชี้เดือน,19.882131,100.500142,16.9,97,0.3,Light Drizzle,0
2882,15/7/2024,16/7/2024 1:00,1,ภูชี้เดือน,19.882131,100.500142,16.5,100,4.5,Rain,0
2883,15/7/2024,16/7/2024 2:00,2,ภูชี้เดือน,19.882131,100.500142,16.4,100,0.1,Light Drizzle,0
2884,15/7/2024,16/7/2024 3:00,3,ภูชี้เดือน,19.882131,100.500142,16,100,0.2,Light Drizzle,0
2885,16/7/2024,16/7/2024 21:00,21,ภูชี้เดือน,19.882131,100.500142,18.8,94,0,Overcast,0
2886,16/7/2024,16/7/2024 22:00,22,ภูชี้เดือน,19.882131,100.500142,18.3,95,0,Overcast,0
2887,16/7/2024,16/7/2024 23:00,23,ภูชี้เดือน,19.882131,100.500142,18.2,96,0,Overcast,0
2888,16/7/2024,17/7/2024 0:00,0,ภูชี้เดือน,19.882131,100.500142,18,97,0,Overcast,0
2889,16/7/2024,17/7/2024 1:00,1,ภูชี้เดือน,19.882131,100.500142,16.7,94,2.3,Light Rain,0
2890,16/7/2024,17/7/2024 2:00,2,ภูชี้เดือน,19.882131,100.500142,16.3,100,2.4,Light Rain,0
2891,16/7/2024,17/7/2024 3:00,3,ภูชี้เดือน,19.882131,100.500142,15.7,100,1.5,Light Rain,0
2892,17/7/2024,17/7/2024 21:00,21,ภูชี้เดือน,19.882131,100.500142,18.1,94,0,Partly Cloudy,0
2893,17/7/2024,17/7/2024 22:00,22,ภูชี้เดือน,19.882131,100.500142,17.7,94,0.1,Light Drizzle,0
2894,17/7/2024,17/7/2024 23:00,23,ภูชี้เดือน,19.882131,100.500142,17,95,0,Overcast,0
2895,17/7/2024,18/7/2024 0:00,0,ภูชี้เดือน,19.882131,100.500142,17,94,0,Overcast,0
2896,17/7/2024,18/7/2024 1:00,1,ภูชี้เดือน,19.882131,100.500142,16.8,94,0,Overcast,0
2897,17/7/2024,18/7/2024 2:00,2,ภูชี้เดือน,19.882131,100.500142,16.7,92,1.1,Heavy Drizzle,0
2898,17/7/2024,18/7/2024 3:00,3,ภูชี้เดือน,19.882131,100.500142,16.2,97,0.2,Light Drizzle,0
2899,18/7/2024,18/7/2024 21:00,21,ภูชี้เดือน,19.882131,100.500142,18,93,0,Overcast,0
2900,18/7/2024,18/7/2024 22:00,22,ภูชี้เดือน,19.882131,100.500142,17.4,96,0,Overcast,0
2901,18/7/2024,18/7/2024 23:00,23,ภูชี้เดือน,19.882131,100.500142,17.2,97,0,Overcast,0
2902,18/7/2024,19/7/2024 0:00,0,ภูชี้เดือน,19.882131,100.500142,17.1,98,0,Overcast,0
2903,18/7/2024,19/7/2024 1:00,1,ภูชี้เดือน,19.882131,100.500142,16.6,99,0,Overcast,0
2904,18/7/2024,19/7/2024 2:00,2,ภูชี้เดือน,19.882131,100.500142,16.3,99,0,Overcast,0
2905,18/7/2024,19/7/2024 3:00,3,ภูชี้เดือน,19.882131,100.500142,15.9,100,0,Overcast,0
2906,19/7/2024,19/7/2024 21:00,21,ภูชี้เดือน,19.882131,100.500142,16.8,100,0.6,Drizzle,0
2907,19/7/2024,19/7/2024 22:00,22,ภูชี้เดือน,19.882131,100.500142,16.5,100,0.4,Light Drizzle,0
2908,19/7/2024,19/7/2024 23:00,23,ภูชี้เดือน,19.882131,100.500142,16.3,100,3.1,Rain,0
2909,19/7/2024,20/7/2024 0:00,0,ภูชี้เดือน,19.882131,100.500142,16.3,100,0.6,Drizzle,0
2910,19/7/2024,20/7/2024 1:00,1,ภูชี้เดือน,19.882131,100.500142,16.3,100,0.3,Light Drizzle,0
2911,19/7/2024,20/7/2024 2:00,2,ภูชี้เดือน,19.882131,100.500142,16.3,100,0.5,Drizzle,0
2912,19/7/2024,20/7/2024 3:00,3,ภูชี้เดือน,19.882131,100.500142,16.1,100,0.3,Light Drizzle,0
2913,20/7/2024,20/7/2024 21:00,21,ภูชี้เดือน,19.882131,100.500142,17.1,91,0.2,Light Drizzle,0
2914,20/7/2024,20/7/2024 22:00,22,ภูชี้เดือน,19.882131,100.500142,17,94,0.2,Light Drizzle,0
2915,20/7/2024,20/7/2024 23:00,23,ภูชี้เดือน,19.882131,100.500142,17,94,0.1,Light Drizzle,0
2916,20/7/2024,21/7/2024 0:00,0,ภูชี้เดือน,19.882131,100.500142,16.8,94,0,Overcast,0
2917,20/7/2024,21/7/2024 1:00,1,ภูชี้เดือน,19.882131,100.500142,16.6,95,0,Overcast,0
2918,20/7/2024,21/7/2024 2:00,2,ภูชี้เดือน,19.882131,100.500142,16.4,95,0,Overcast,0
2919,20/7/2024,21/7/2024 3:00,3,ภูชี้เดือน,19.882131,100.500142,16.1,96,0,Overcast,0
2920,21/7/2024,21/7/2024 21:00,21,ภูชี้เดือน,19.882131,100.500142,17.1,97,0.1,Light Drizzle,0
2921,21/7/2024,21/7/2024 22:00,22,ภูชี้เดือน,19.882131,100.500142,16,100,0.1,Light Drizzle,0
2922,21/7/2024,21/7/2024 23:00,23,ภูชี้เดือน,19.882131,100.500142,16.2,100,0.2,Light Drizzle,0
2923,21/7/2024,22/7/2024 0:00,0,ภูชี้เดือน,19.882131,100.500142,16.2,100,0.1,Light Drizzle,0
2924,21/7/2024,22/7/2024 1:00,1,ภูชี้เดือน,19.882131,100.500142,16,100,0.1,Light Drizzle,0
2925,21/7/2024,22/7/2024 2:00,2,ภูชี้เดือน,19.882131,100.500142,16,100,0.1,Light Drizzle,0
2926,21/7/2024,22/7/2024 3:00,3,ภูชี้เดือน,19.882131,100.500142,15.8,100,0.1,Light Drizzle,0
2927,22/7/2024,22/7/2024 21:00,21,ภูชี้เดือน,19.882131,100.500142,16.5,100,0.8,Drizzle,0
2928,22/7/2024,22/7/2024 22:00,22,ภูชี้เดือน,19.882131,100.500142,16.4,100,0.6,Drizzle,0
2929,22/7/2024,22/7/2024 23:00,23,ภูชี้เดือน,19.882131,100.500142,16.2,100,1,Heavy Drizzle,0
2930,22/7/2024,23/7/2024 0:00,0,ภูชี้เดือน,19.882131,100.500142,16.2,100,0.1,Light Drizzle,0
2931,22/7/2024,23/7/2024 1:00,1,ภูชี้เดือน,19.882131,100.500142,16.3,98,0.1,Light Drizzle,0
2932,22/7/2024,23/7/2024 2:00,2,ภูชี้เดือน,19.882131,100.500142,15.7,100,0.7,Drizzle,0
2933,22/7/2024,23/7/2024 3:00,3,ภูชี้เดือน,19.882131,100.500142,15.6,100,4.3,Rain,0
2934,23/7/2024,23/7/2024 21:00,21,ภูชี้เดือน,19.882131,100.500142,17.5,91,0,Overcast,0
2935,23/7/2024,23/7/2024 22:00,22,ภูชี้เดือน,19.882131,100.500142,17.1,92,0,Overcast,0
2936,23/7/2024,23/7/2024 23:00,23,ภูชี้เดือน,19.882131,100.500142,16.9,93,0,Overcast,0
2937,23/7/2024,24/7/2024 0:00,0,ภูชี้เดือน,19.882131,100.500142,16.6,94,0,Overcast,0
2938,23/7/2024,24/7/2024 1:00,1,ภูชี้เดือน,19.882131,100.500142,16.5,93,0,Overcast,0
2939,23/7/2024,24/7/2024 2:00,2,ภูชี้เดือน,19.882131,100.500142,16.3,94,0.1,Light Drizzle,0
2940,23/7/2024,24/7/2024 3:00,3,ภูชี้เดือน,19.882131,100.500142,16,96,0.1,Light Drizzle,0
2941,24/7/2024,24/7/2024 21:00,21,ภูชี้เดือน,19.882131,100.500142,17.3,94,0.4,Light Drizzle,0
2942,24/7/2024,24/7/2024 22:00,22,ภูชี้เดือน,19.882131,100.500142,16.4,100,0.7,Drizzle,0
2943,24/7/2024,24/7/2024 23:00,23,ภูชี้เดือน,19.882131,100.500142,16.1,100,0.2,Light Drizzle,0
2944,24/7/2024,25/7/2024 0:00,0,ภูชี้เดือน,19.882131,100.500142,16.1,100,0.3,Light Drizzle,0
2945,24/7/2024,25/7/2024 1:00,1,ภูชี้เดือน,19.882131,100.500142,16.1,100,0.1,Light Drizzle,0
2946,24/7/2024,25/7/2024 2:00,2,ภูชี้เดือน,19.882131,100.500142,16.3,98,0,Overcast,0
2947,24/7/2024,25/7/2024 3:00,3,ภูชี้เดือน,19.882131,100.500142,16.3,97,0,Overcast,0
2948,25/7/2024,25/7/2024 21:00,21,ภูชี้เดือน,19.882131,100.500142,17.6,90,0,Overcast,0
2949,25/7/2024,25/7/2024 22:00,22,ภูชี้เดือน,19.882131,100.500142,17.3,91,0,Overcast,0
2950,25/7/2024,25/7/2024 23:00,23,ภูชี้เดือน,19.882131,100.500142,16.9,91,0,Overcast,0
2951,25/7/2024,26/7/2024 0:00,0,ภูชี้เดือน,19.882131,100.500142,16.7,92,0,Overcast,0
2952,25/7/2024,26/7/2024 1:00,1,ภูชี้เดือน,19.882131,100.500142,16.2,95,0,Overcast,0
2953,25/7/2024,26/7/2024 2:00,2,ภูชี้เดือน,19.882131,100.500142,16,96,0,Overcast,0
2954,25/7/2024,26/7/2024 3:00,3,ภูชี้เดือน,19.882131,100.500142,15.7,98,0,Overcast,0
2955,26/7/2024,26/7/2024 21:00,21,ภูชี้เดือน,19.882131,100.500142,17.3,88,0,Partly Cloudy,0
2956,26/7/2024,26/7/2024 22:00,22,ภูชี้เดือน,19.882131,100.500142,16.8,91,0,Overcast,0
2957,26/7/2024,26/7/2024 23:00,23,ภูชี้เดือน,19.882131,100.500142,16.5,92,0,Overcast,0
2958,26/7/2024,27/7/2024 0:00,0,ภูชี้เดือน,19.882131,100.500142,16.1,94,0,Overcast,0
2959,26/7/2024,27/7/2024 1:00,1,ภูชี้เดือน,19.882131,100.500142,16,96,0,Overcast,0
2960,26/7/2024,27/7/2024 2:00,2,ภูชี้เดือน,19.882131,100.500142,15.7,98,0,Overcast,0
2961,26/7/2024,27/7/2024 3:00,3,ภูชี้เดือน,19.882131,100.500142,15.6,99,0,Overcast,0
2962,27/7/2024,27/7/2024 21:00,21,ภูชี้เดือน,19.882131,100.500142,18,88,0,Overcast,0
2963,27/7/2024,27/7/2024 22:00,22,ภูชี้เดือน,19.882131,100.500142,17.8,88,0,Overcast,0
2964,27/7/2024,27/7/2024 23:00,23,ภูชี้เดือน,19.882131,100.500142,17.4,89,0,Overcast,0
2965,27/7/2024,28/7/2024 0:00,0,ภูชี้เดือน,19.882131,100.500142,17.3,90,0,Overcast,0
2966,27/7/2024,28/7/2024 1:00,1,ภูชี้เดือน,19.882131,100.500142,16.7,92,0,Overcast,0
2967,27/7/2024,28/7/2024 2:00,2,ภูชี้เดือน,19.882131,100.500142,16.5,93,0,Overcast,0
2968,27/7/2024,28/7/2024 3:00,3,ภูชี้เดือน,19.882131,100.500142,16.3,94,0,Overcast,0
2969,28/7/2024,28/7/2024 21:00,21,ภูชี้เดือน,19.882131,100.500142,18,88,0,Overcast,0
2970,28/7/2024,28/7/2024 22:00,22,ภูชี้เดือน,19.882131,100.500142,17.4,91,0,Overcast,0
2971,28/7/2024,28/7/2024 23:00,23,ภูชี้เดือน,19.882131,100.500142,17,91,0,Overcast,0
2972,28/7/2024,29/7/2024 0:00,0,ภูชี้เดือน,19.882131,100.500142,16.6,93,0,Overcast,0
2973,28/7/2024,29/7/2024 1:00,1,ภูชี้เดือน,19.882131,100.500142,16.3,94,0,Overcast,0
2974,28/7/2024,29/7/2024 2:00,2,ภูชี้เดือน,19.882131,100.500142,16,96,0,Overcast,0
2975,28/7/2024,29/7/2024 3:00,3,ภูชี้เดือน,19.882131,100.500142,15.8,97,0,Overcast,0
2976,29/7/2024,29/7/2024 21:00,21,ภูชี้เดือน,19.882131,100.500142,17.3,95,0.1,Light Drizzle,0
2977,29/7/2024,29/7/2024 22:00,22,ภูชี้เดือน,19.882131,100.500142,16.8,97,0.2,Light Drizzle,0
2978,29/7/2024,29/7/2024 23:00,23,ภูชี้เดือน,19.882131,100.500142,16.5,100,0.1,Light Drizzle,0
2979,29/7/2024,30/7/2024 0:00,0,ภูชี้เดือน,19.882131,100.500142,16.2,100,0.1,Light Drizzle,0
2980,29/7/2024,30/7/2024 1:00,1,ภูชี้เดือน,19.882131,100.500142,16,100,0.1,Light Drizzle,0
2981,29/7/2024,30/7/2024 2:00,2,ภูชี้เดือน,19.882131,100.500142,16,100,0.3,Light Drizzle,0
2982,29/7/2024,30/7/2024 3:00,3,ภูชี้เดือน,19.882131,100.500142,15.9,100,0.4,Light Drizzle,0
2983,30/7/2024,30/7/2024 21:00,21,ภูชี้เดือน,19.882131,100.500142,15.9,100,1.4,Light Rain,0
2984,30/7/2024,30/7/2024 22:00,22,ภูชี้เดือน,19.882131,100.500142,15.8,100,1.6,Light Rain,0
2985,30/7/2024,30/7/2024 23:00,23,ภูชี้เดือน,19.882131,100.500142,15.7,100,1.4,Light Rain,0
2986,30/7/2024,31/7/2024 0:00,0,ภูชี้เดือน,19.882131,100.500142,15.7,100,0.8,Drizzle,0
2987,30/7/2024,31/7/2024 1:00,1,ภูชี้เดือน,19.882131,100.500142,15.6,100,0.5,Drizzle,0
2988,30/7/2024,31/7/2024 2:00,2,ภูชี้เดือน,19.882131,100.500142,15.6,100,1.1,Heavy Drizzle,0
2989,30/7/2024,31/7/2024 3:00,3,ภูชี้เดือน,19.882131,100.500142,15.5,100,1.9,Light Rain,0
2990,31/7/2024,31/7/2024 21:00,21,ภูชี้เดือน,19.882131,100.500142,15.7,100,0.5,Drizzle,0
2991,31/7/2024,31/7/2024 22:00,22,ภูชี้เดือน,19.882131,100.500142,15.4,100,0.6,Drizzle,0
2992,31/7/2024,31/7/2024 23:00,23,ภูชี้เดือน,19.882131,100.500142,15.3,100,0.2,Light Drizzle,0
2993,31/7/2024,1/8/2024 0:00,0,ภูชี้เดือน,19.882131,100.500142,15.3,100,0.5,Drizzle,0
2994,31/7/2024,1/8/2024 1:00,1,ภูชี้เดือน,19.882131,100.500142,15.3,100,2.9,Rain,0
2995,31/7/2024,1/8/2024 2:00,2,ภูชี้เดือน,19.882131,100.500142,15.1,100,1.4,Light Rain,0
2996,31/7/2024,1/8/2024 3:00,3,ภูชี้เดือน,19.882131,100.500142,15,100,2.1,Light Rain,0
2997,1/8/2024,1/8/2024 21:00,21,ภูชี้เดือน,19.882131,100.500142,15.6,100,1.9,Light Rain,0
2998,1/8/2024,1/8/2024 22:00,22,ภูชี้เดือน,19.882131,100.500142,15.6,100,1.7,Light Rain,0
2999,1/8/2024,1/8/2024 23:00,23,ภูชี้เดือน,19.882131,100.500142,15.7,100,1.4,Light Rain,0
3000,1/8/2024,2/8/2024 0:00,0,ภูชี้เดือน,19.882131,100.500142,15.5,100,2.3,Light Rain,0
3001,1/8/2024,2/8/2024 1:00,1,ภูชี้เดือน,19.882131,100.500142,15.3,100,2.3,Light Rain,0
3002,1/8/2024,2/8/2024 2:00,2,ภูชี้เดือน,19.882131,100.500142,15.2,100,2.9,Rain,0
3003,1/8/2024,2/8/2024 3:00,3,ภูชี้เดือน,19.882131,100.500142,15.2,100,4.1,Rain,0
3004,2/8/2024,2/8/2024 21:00,21,ภูชี้เดือน,19.882131,100.500142,15.7,94,0,Overcast,0
3005,2/8/2024,2/8/2024 22:00,22,ภูชี้เดือน,19.882131,100.500142,15.6,95,0,Overcast,0
3006,2/8/2024,2/8/2024 23:00,23,ภูชี้เดือน,19.882131,100.500142,15.5,96,0,Overcast,0
3007,2/8/2024,3/8/2024 0:00,0,ภูชี้เดือน,19.882131,100.500142,15.4,97,0.1,Light Drizzle,0
3008,2/8/2024,3/8/2024 1:00,1,ภูชี้เดือน,19.882131,100.500142,15.2,98,0.7,Drizzle,0
3009,2/8/2024,3/8/2024 2:00,2,ภูชี้เดือน,19.882131,100.500142,14.9,98,1.1,Heavy Drizzle,0
3010,2/8/2024,3/8/2024 3:00,3,ภูชี้เดือน,19.882131,100.500142,15,99,0.1,Light Drizzle,0
3011,3/8/2024,3/8/2024 21:00,21,ภูชี้เดือน,19.882131,100.500142,17,90,0.1,Light Drizzle,0
3012,3/8/2024,3/8/2024 22:00,22,ภูชี้เดือน,19.882131,100.500142,16.5,93,0,Partly Cloudy,0
3013,3/8/2024,3/8/2024 23:00,23,ภูชี้เดือน,19.882131,100.500142,15.8,95,0,Overcast,0
3014,3/8/2024,4/8/2024 0:00,0,ภูชี้เดือน,19.882131,100.500142,15.3,97,1,Heavy Drizzle,0
3015,3/8/2024,4/8/2024 1:00,1,ภูชี้เดือน,19.882131,100.500142,15.4,100,0.6,Drizzle,0
3016,3/8/2024,4/8/2024 2:00,2,ภูชี้เดือน,19.882131,100.500142,14.9,100,0.9,Drizzle,0
3017,3/8/2024,4/8/2024 3:00,3,ภูชี้เดือน,19.882131,100.500142,14.8,100,5.8,Rain,0
3018,4/8/2024,4/8/2024 21:00,21,ภูชี้เดือน,19.882131,100.500142,17.6,87,0,Overcast,0
3019,4/8/2024,4/8/2024 22:00,22,ภูชี้เดือน,19.882131,100.500142,16.7,91,0,Overcast,0
3020,4/8/2024,4/8/2024 23:00,23,ภูชี้เดือน,19.882131,100.500142,16.6,91,0.6,Drizzle,0
3021,4/8/2024,5/8/2024 0:00,0,ภูชี้เดือน,19.882131,100.500142,15.7,100,0.2,Light Drizzle,0
3022,4/8/2024,5/8/2024 1:00,1,ภูชี้เดือน,19.882131,100.500142,15.5,100,0.1,Light Drizzle,0
3023,4/8/2024,5/8/2024 2:00,2,ภูชี้เดือน,19.882131,100.500142,15.2,100,0.6,Drizzle,0
3024,4/8/2024,5/8/2024 3:00,3,ภูชี้เดือน,19.882131,100.500142,15,100,0.8,Drizzle,0
3025,5/8/2024,5/8/2024 21:00,21,ภูชี้เดือน,19.882131,100.500142,17,96,0.2,Light Drizzle,0
3026,5/8/2024,5/8/2024 22:00,22,ภูชี้เดือน,19.882131,100.500142,17,94,0.1,Light Drizzle,0
3027,5/8/2024,5/8/2024 23:00,23,ภูชี้เดือน,19.882131,100.500142,15.8,99,0.3,Light Drizzle,0
3028,5/8/2024,6/8/2024 0:00,0,ภูชี้เดือน,19.882131,100.500142,15.7,100,0.1,Light Drizzle,0
3029,5/8/2024,6/8/2024 1:00,1,ภูชี้เดือน,19.882131,100.500142,16,94,0,Overcast,0
3030,5/8/2024,6/8/2024 2:00,2,ภูชี้เดือน,19.882131,100.500142,15.5,95,0.1,Light Drizzle,0
3031,5/8/2024,6/8/2024 3:00,3,ภูชี้เดือน,19.882131,100.500142,15.1,100,2,Light Rain,0
3032,6/8/2024,6/8/2024 21:00,21,ภูชี้เดือน,19.882131,100.500142,17.4,88,0,Overcast,0
3033,6/8/2024,6/8/2024 22:00,22,ภูชี้เดือน,19.882131,100.500142,17.3,87,0,Overcast,0
3034,6/8/2024,6/8/2024 23:00,23,ภูชี้เดือน,19.882131,100.500142,16.9,88,0,Overcast,0
3035,6/8/2024,7/8/2024 0:00,0,ภูชี้เดือน,19.882131,100.500142,17.1,87,0,Overcast,0
3036,6/8/2024,7/8/2024 1:00,1,ภูชี้เดือน,19.882131,100.500142,16.7,89,0,Overcast,0
3037,6/8/2024,7/8/2024 2:00,2,ภูชี้เดือน,19.882131,100.500142,16.1,93,0,Overcast,0
3038,6/8/2024,7/8/2024 3:00,3,ภูชี้เดือน,19.882131,100.500142,15.8,94,0.1,Light Drizzle,0
3039,7/8/2024,7/8/2024 21:00,21,ภูชี้เดือน,19.882131,100.500142,18.5,83,0,Overcast,0
3040,7/8/2024,7/8/2024 22:00,22,ภูชี้เดือน,19.882131,100.500142,18.3,83,0,Overcast,0
3041,7/8/2024,7/8/2024 23:00,23,ภูชี้เดือน,19.882131,100.500142,18,82,0,Overcast,0
3042,7/8/2024,8/8/2024 0:00,0,ภูชี้เดือน,19.882131,100.500142,17.4,85,0,Overcast,0
3043,7/8/2024,8/8/2024 1:00,1,ภูชี้เดือน,19.882131,100.500142,16.6,90,0,Overcast,0
3044,7/8/2024,8/8/2024 2:00,2,ภูชี้เดือน,19.882131,100.500142,16,93,0,Overcast,0
3045,7/8/2024,8/8/2024 3:00,3,ภูชี้เดือน,19.882131,100.500142,15.7,93,0.1,Light Drizzle,0
3046,8/8/2024,8/8/2024 21:00,21,ภูชี้เดือน,19.882131,100.500142,17.9,84,0,Mainly Clear,0
3047,8/8/2024,8/8/2024 22:00,22,ภูชี้เดือน,19.882131,100.500142,17.7,85,0,Mainly Clear,0
3048,8/8/2024,8/8/2024 23:00,23,ภูชี้เดือน,19.882131,100.500142,17.7,85,0,Clear,0
3049,8/8/2024,9/8/2024 0:00,0,ภูชี้เดือน,19.882131,100.500142,17.6,84,0,Clear,0
3050,8/8/2024,9/8/2024 1:00,1,ภูชี้เดือน,19.882131,100.500142,17.3,85,0,Clear,0
3051,8/8/2024,9/8/2024 2:00,2,ภูชี้เดือน,19.882131,100.500142,17,86,0,Clear,0
3052,8/8/2024,9/8/2024 3:00,3,ภูชี้เดือน,19.882131,100.500142,16.7,88,0,Clear,0
3053,9/8/2024,9/8/2024 21:00,21,ภูชี้เดือน,19.882131,100.500142,19.1,83,0,Overcast,0
3054,9/8/2024,9/8/2024 22:00,22,ภูชี้เดือน,19.882131,100.500142,19,81,0,Overcast,0
3055,9/8/2024,9/8/2024 23:00,23,ภูชี้เดือน,19.882131,100.500142,18.8,80,0,Overcast,0
3056,9/8/2024,10/8/2024 0:00,0,ภูชี้เดือน,19.882131,100.500142,18.4,80,0,Overcast,1
3057,9/8/2024,10/8/2024 1:00,1,ภูชี้เดือน,19.882131,100.500142,18,82,0,Overcast,0
3058,9/8/2024,10/8/2024 2:00,2,ภูชี้เดือน,19.882131,100.500142,17.7,84,0,Overcast,0
3059,9/8/2024,10/8/2024 3:00,3,ภูชี้เดือน,19.882131,100.500142,17.4,86,0,Overcast,0
3060,10/8/2024,10/8/2024 21:00,21,ภูชี้เดือน,19.882131,100.500142,19.9,80,0,Overcast,0
3061,10/8/2024,10/8/2024 22:00,22,ภูชี้เดือน,19.882131,100.500142,19.6,79,0,Overcast,0
3062,10/8/2024,10/8/2024 23:00,23,ภูชี้เดือน,19.882131,100.500142,19.4,77,0,Overcast,0
3063,10/8/2024,11/8/2024 0:00,0,ภูชี้เดือน,19.882131,100.500142,18.9,79,0,Overcast,0
3064,10/8/2024,11/8/2024 1:00,1,ภูชี้เดือน,19.882131,100.500142,18.3,82,0,Overcast,0
3065,10/8/2024,11/8/2024 2:00,2,ภูชี้เดือน,19.882131,100.500142,18,83,0,Overcast,0
3066,10/8/2024,11/8/2024 3:00,3,ภูชี้เดือน,19.882131,100.500142,18,83,0,Overcast,0
3067,11/8/2024,11/8/2024 21:00,21,ภูชี้เดือน,19.882131,100.500142,17,99,5.2,Rain,0
3068,11/8/2024,11/8/2024 22:00,22,ภูชี้เดือน,19.882131,100.500142,17.2,100,0.5,Drizzle,0
3069,11/8/2024,11/8/2024 23:00,23,ภูชี้เดือน,19.882131,100.500142,17,100,2.6,Rain,0
3070,11/8/2024,12/8/2024 0:00,0,ภูชี้เดือน,19.882131,100.500142,16.9,100,0.4,Light Drizzle,0
3071,11/8/2024,12/8/2024 1:00,1,ภูชี้เดือน,19.882131,100.500142,16.9,99,0.2,Light Drizzle,0
3072,11/8/2024,12/8/2024 2:00,2,ภูชี้เดือน,19.882131,100.500142,16.7,99,0.2,Light Drizzle,0
3073,11/8/2024,12/8/2024 3:00,3,ภูชี้เดือน,19.882131,100.500142,16.6,99,0.1,Light Drizzle,0
3074,12/8/2024,12/8/2024 21:00,21,ภูชี้เดือน,19.882131,100.500142,16.5,100,0.3,Light Drizzle,0
3075,12/8/2024,12/8/2024 22:00,22,ภูชี้เดือน,19.882131,100.500142,16.4,100,2.2,Light Rain,0
3076,12/8/2024,12/8/2024 23:00,23,ภูชี้เดือน,19.882131,100.500142,16.1,100,1.8,Light Rain,0
3077,12/8/2024,13/8/2024 0:00,0,ภูชี้เดือน,19.882131,100.500142,16,100,2.7,Rain,0
3078,12/8/2024,13/8/2024 1:00,1,ภูชี้เดือน,19.882131,100.500142,15.7,100,2.6,Rain,0
3079,12/8/2024,13/8/2024 2:00,2,ภูชี้เดือน,19.882131,100.500142,15.7,100,2.8,Rain,0
3080,12/8/2024,13/8/2024 3:00,3,ภูชี้เดือน,19.882131,100.500142,15.8,100,0.9,Drizzle,0
3081,13/8/2024,13/8/2024 21:00,21,ภูชี้เดือน,19.882131,100.500142,16,100,0.8,Drizzle,0
3082,13/8/2024,13/8/2024 22:00,22,ภูชี้เดือน,19.882131,100.500142,16,100,0.1,Light Drizzle,0
3083,13/8/2024,13/8/2024 23:00,23,ภูชี้เดือน,19.882131,100.500142,16,100,0.1,Light Drizzle,0
3084,13/8/2024,14/8/2024 0:00,0,ภูชี้เดือน,19.882131,100.500142,15.7,100,0.1,Light Drizzle,0
3085,13/8/2024,14/8/2024 1:00,1,ภูชี้เดือน,19.882131,100.500142,15.7,100,0.1,Light Drizzle,0
3086,13/8/2024,14/8/2024 2:00,2,ภูชี้เดือน,19.882131,100.500142,15.5,100,0.1,Light Drizzle,0
3087,13/8/2024,14/8/2024 3:00,3,ภูชี้เดือน,19.882131,100.500142,15.5,100,0.1,Light Drizzle,0
3088,14/8/2024,14/8/2024 21:00,21,ภูชี้เดือน,19.882131,100.500142,17.8,94,0,Overcast,0
3089,14/8/2024,14/8/2024 22:00,22,ภูชี้เดือน,19.882131,100.500142,17.8,93,0,Overcast,0
3090,14/8/2024,14/8/2024 23:00,23,ภูชี้เดือน,19.882131,100.500142,16.3,97,0,Overcast,0
3091,14/8/2024,15/8/2024 0:00,0,ภูชี้เดือน,19.882131,100.500142,16.8,94,1,Heavy Drizzle,0
3092,14/8/2024,15/8/2024 1:00,1,ภูชี้เดือน,19.882131,100.500142,16,100,1.4,Light Rain,0
3093,14/8/2024,15/8/2024 2:00,2,ภูชี้เดือน,19.882131,100.500142,15.7,100,0.1,Light Drizzle,0
3094,14/8/2024,15/8/2024 3:00,3,ภูชี้เดือน,19.882131,100.500142,15.9,98,0,Overcast,0
3095,15/8/2024,15/8/2024 21:00,21,ภูชี้เดือน,19.882131,100.500142,17.5,96,0,Overcast,0
3096,15/8/2024,15/8/2024 22:00,22,ภูชี้เดือน,19.882131,100.500142,17.2,94,0,Overcast,0
3097,15/8/2024,15/8/2024 23:00,23,ภูชี้เดือน,19.882131,100.500142,16.5,94,0,Overcast,0
3098,15/8/2024,16/8/2024 0:00,0,ภูชี้เดือน,19.882131,100.500142,16.5,93,0,Overcast,0
3099,15/8/2024,16/8/2024 1:00,1,ภูชี้เดือน,19.882131,100.500142,16.7,91,0,Overcast,0
3100,15/8/2024,16/8/2024 2:00,2,ภูชี้เดือน,19.882131,100.500142,16,93,0,Overcast,0
3101,15/8/2024,16/8/2024 3:00,3,ภูชี้เดือน,19.882131,100.500142,15.7,95,1.4,Light Rain,0
3102,16/8/2024,16/8/2024 21:00,21,ภูชี้เดือน,19.882131,100.500142,17.3,100,2.6,Rain,0
3103,16/8/2024,16/8/2024 22:00,22,ภูชี้เดือน,19.882131,100.500142,17,100,2,Light Rain,0
3104,16/8/2024,16/8/2024 23:00,23,ภูชี้เดือน,19.882131,100.500142,16.8,100,1.4,Light Rain,0
3105,16/8/2024,17/8/2024 0:00,0,ภูชี้เดือน,19.882131,100.500142,16.5,100,2.1,Light Rain,0
3106,16/8/2024,17/8/2024 1:00,1,ภูชี้เดือน,19.882131,100.500142,15.9,100,3.5,Rain,0
3107,16/8/2024,17/8/2024 2:00,2,ภูชี้เดือน,19.882131,100.500142,15.7,100,3,Rain,0
3108,16/8/2024,17/8/2024 3:00,3,ภูชี้เดือน,19.882131,100.500142,15.5,100,2.1,Light Rain,0
3109,17/8/2024,17/8/2024 21:00,21,ภูชี้เดือน,19.882131,100.500142,17.5,98,0.1,Light Drizzle,0
3110,17/8/2024,17/8/2024 22:00,22,ภูชี้เดือน,19.882131,100.500142,16.6,100,0.1,Light Drizzle,0
3111,17/8/2024,17/8/2024 23:00,23,ภูชี้เดือน,19.882131,100.500142,16.5,100,0.1,Light Drizzle,0
3112,17/8/2024,18/8/2024 0:00,0,ภูชี้เดือน,19.882131,100.500142,16.2,100,0.7,Drizzle,0
3113,17/8/2024,18/8/2024 1:00,1,ภูชี้เดือน,19.882131,100.500142,15.8,100,1.8,Light Rain,0
3114,17/8/2024,18/8/2024 2:00,2,ภูชี้เดือน,19.882131,100.500142,15.7,100,0.2,Light Drizzle,0
3115,17/8/2024,18/8/2024 3:00,3,ภูชี้เดือน,19.882131,100.500142,15.6,100,0.6,Drizzle,0
3116,18/8/2024,18/8/2024 21:00,21,ภูชี้เดือน,19.882131,100.500142,17.6,98,2.4,Light Rain,0
3117,18/8/2024,18/8/2024 22:00,22,ภูชี้เดือน,19.882131,100.500142,16.6,100,6.5,Rain,0
3118,18/8/2024,18/8/2024 23:00,23,ภูชี้เดือน,19.882131,100.500142,16.4,100,2,Light Rain,0
3119,18/8/2024,19/8/2024 0:00,0,ภูชี้เดือน,19.882131,100.500142,16.4,100,0.6,Drizzle,0
3120,18/8/2024,19/8/2024 1:00,1,ภูชี้เดือน,19.882131,100.500142,15.9,100,0.6,Drizzle,0
3121,18/8/2024,19/8/2024 2:00,2,ภูชี้เดือน,19.882131,100.500142,16,100,0,Overcast,0
3122,18/8/2024,19/8/2024 3:00,3,ภูชี้เดือน,19.882131,100.500142,16,100,0.3,Light Drizzle,0
3123,19/8/2024,19/8/2024 21:00,21,ภูชี้เดือน,19.882131,100.500142,17,91,0.3,Light Drizzle,0
3124,19/8/2024,19/8/2024 22:00,22,ภูชี้เดือน,19.882131,100.500142,17.1,91,0.5,Drizzle,0
3125,19/8/2024,19/8/2024 23:00,23,ภูชี้เดือน,19.882131,100.500142,16.4,100,0.7,Drizzle,0
3126,19/8/2024,20/8/2024 0:00,0,ภูชี้เดือน,19.882131,100.500142,16.3,100,0.3,Light Drizzle,0
3127,19/8/2024,20/8/2024 1:00,1,ภูชี้เดือน,19.882131,100.500142,16.1,100,0.7,Drizzle,0
3128,19/8/2024,20/8/2024 2:00,2,ภูชี้เดือน,19.882131,100.500142,15.9,100,0.7,Drizzle,0
3129,19/8/2024,20/8/2024 3:00,3,ภูชี้เดือน,19.882131,100.500142,15.7,100,0.4,Light Drizzle,0
3130,20/8/2024,20/8/2024 21:00,21,ภูชี้เดือน,19.882131,100.500142,17.2,89,0.4,Light Drizzle,0
3131,20/8/2024,20/8/2024 22:00,22,ภูชี้เดือน,19.882131,100.500142,17,90,1.6,Light Rain,0
3132,20/8/2024,20/8/2024 23:00,23,ภูชี้เดือน,19.882131,100.500142,16,100,5.5,Rain,0
3133,20/8/2024,21/8/2024 0:00,0,ภูชี้เดือน,19.882131,100.500142,15.8,100,4.2,Rain,0
3134,20/8/2024,21/8/2024 1:00,1,ภูชี้เดือน,19.882131,100.500142,15.6,100,1.9,Light Rain,0
3135,20/8/2024,21/8/2024 2:00,2,ภูชี้เดือน,19.882131,100.500142,15.6,100,2.7,Rain,0
3136,20/8/2024,21/8/2024 3:00,3,ภูชี้เดือน,19.882131,100.500142,15.5,100,0.9,Drizzle,0
3137,21/8/2024,21/8/2024 21:00,21,ภูชี้เดือน,19.882131,100.500142,16.5,96,0.1,Light Drizzle,0
3138,21/8/2024,21/8/2024 22:00,22,ภูชี้เดือน,19.882131,100.500142,16.3,96,0.1,Light Drizzle,0
3139,21/8/2024,21/8/2024 23:00,23,ภูชี้เดือน,19.882131,100.500142,16.1,97,0.1,Light Drizzle,0
3140,21/8/2024,22/8/2024 0:00,0,ภูชี้เดือน,19.882131,100.500142,15.7,99,0,Overcast,0
3141,21/8/2024,22/8/2024 1:00,1,ภูชี้เดือน,19.882131,100.500142,15.8,99,0,Overcast,0
3142,21/8/2024,22/8/2024 2:00,2,ภูชี้เดือน,19.882131,100.500142,15.7,99,0.1,Light Drizzle,0
3143,21/8/2024,22/8/2024 3:00,3,ภูชี้เดือน,19.882131,100.500142,15.6,99,0.3,Light Drizzle,0
3144,22/8/2024,22/8/2024 21:00,21,ภูชี้เดือน,19.882131,100.500142,17.4,87,0,Overcast,0
3145,22/8/2024,22/8/2024 22:00,22,ภูชี้เดือน,19.882131,100.500142,17.6,85,0,Overcast,0
3146,22/8/2024,22/8/2024 23:00,23,ภูชี้เดือน,19.882131,100.500142,16.3,93,0,Overcast,0
3147,22/8/2024,23/8/2024 0:00,0,ภูชี้เดือน,19.882131,100.500142,16.5,92,0,Overcast,0
3148,22/8/2024,23/8/2024 1:00,1,ภูชี้เดือน,19.882131,100.500142,15.8,94,0,Overcast,0
3149,22/8/2024,23/8/2024 2:00,2,ภูชี้เดือน,19.882131,100.500142,16,94,0.2,Light Drizzle,0
3150,22/8/2024,23/8/2024 3:00,3,ภูชี้เดือน,19.882131,100.500142,15.3,95,2,Light Rain,0
3151,23/8/2024,23/8/2024 21:00,21,ภูชี้เดือน,19.882131,100.500142,15.7,99,0,Overcast,0
3152,23/8/2024,23/8/2024 22:00,22,ภูชี้เดือน,19.882131,100.500142,15.1,100,0,Overcast,0
3153,23/8/2024,23/8/2024 23:00,23,ภูชี้เดือน,19.882131,100.500142,15.1,99,0,Overcast,0
3154,23/8/2024,24/8/2024 0:00,0,ภูชี้เดือน,19.882131,100.500142,15.3,98,0,Overcast,0
3155,23/8/2024,24/8/2024 1:00,1,ภูชี้เดือน,19.882131,100.500142,15.2,99,0.1,Light Drizzle,0
3156,23/8/2024,24/8/2024 2:00,2,ภูชี้เดือน,19.882131,100.500142,15.1,100,0.2,Light Drizzle,0
3157,23/8/2024,24/8/2024 3:00,3,ภูชี้เดือน,19.882131,100.500142,14.7,100,0.5,Drizzle,0
3158,24/8/2024,24/8/2024 21:00,21,ภูชี้เดือน,19.882131,100.500142,15.8,100,0.9,Drizzle,0
3159,24/8/2024,24/8/2024 22:00,22,ภูชี้เดือน,19.882131,100.500142,15.5,100,1,Heavy Drizzle,0
3160,24/8/2024,24/8/2024 23:00,23,ภูชี้เดือน,19.882131,100.500142,15.4,100,0.5,Drizzle,0
3161,24/8/2024,25/8/2024 0:00,0,ภูชี้เดือน,19.882131,100.500142,15.1,100,0.7,Drizzle,0
3162,24/8/2024,25/8/2024 1:00,1,ภูชี้เดือน,19.882131,100.500142,15.1,100,1.6,Light Rain,0
3163,24/8/2024,25/8/2024 2:00,2,ภูชี้เดือน,19.882131,100.500142,15.1,100,1.2,Heavy Drizzle,0
3164,24/8/2024,25/8/2024 3:00,3,ภูชี้เดือน,19.882131,100.500142,14.9,100,1,Heavy Drizzle,0
3165,25/8/2024,25/8/2024 21:00,21,ภูชี้เดือน,19.882131,100.500142,17.3,91,0,Overcast,0
3166,25/8/2024,25/8/2024 22:00,22,ภูชี้เดือน,19.882131,100.500142,17.1,92,0,Overcast,0
3167,25/8/2024,25/8/2024 23:00,23,ภูชี้เดือน,19.882131,100.500142,17.1,91,0,Overcast,0
3168,25/8/2024,26/8/2024 0:00,0,ภูชี้เดือน,19.882131,100.500142,16.7,92,0,Overcast,0
3169,25/8/2024,26/8/2024 1:00,1,ภูชี้เดือน,19.882131,100.500142,16.1,94,0,Overcast,0
3170,25/8/2024,26/8/2024 2:00,2,ภูชี้เดือน,19.882131,100.500142,15.9,96,0,Overcast,0
3171,25/8/2024,26/8/2024 3:00,3,ภูชี้เดือน,19.882131,100.500142,15.4,97,0,Overcast,0
3172,26/8/2024,26/8/2024 21:00,21,ภูชี้เดือน,19.882131,100.500142,17.4,100,0.1,Light Drizzle,0
3173,26/8/2024,26/8/2024 22:00,22,ภูชี้เดือน,19.882131,100.500142,16.9,100,0.2,Light Drizzle,0
3174,26/8/2024,26/8/2024 23:00,23,ภูชี้เดือน,19.882131,100.500142,17.2,100,0.1,Light Drizzle,0
3175,26/8/2024,27/8/2024 0:00,0,ภูชี้เดือน,19.882131,100.500142,16.3,98,2.3,Light Rain,0
3176,26/8/2024,27/8/2024 1:00,1,ภูชี้เดือน,19.882131,100.500142,15.7,100,5.1,Rain,0
3177,26/8/2024,27/8/2024 2:00,2,ภูชี้เดือน,19.882131,100.500142,15.6,100,0.2,Light Drizzle,0
3178,26/8/2024,27/8/2024 3:00,3,ภูชี้เดือน,19.882131,100.500142,15.3,100,0.2,Light Drizzle,0
3179,27/8/2024,27/8/2024 21:00,21,ภูชี้เดือน,19.882131,100.500142,16.3,99,0,Overcast,0
3180,27/8/2024,27/8/2024 22:00,22,ภูชี้เดือน,19.882131,100.500142,15.2,100,0,Overcast,0
3181,27/8/2024,27/8/2024 23:00,23,ภูชี้เดือน,19.882131,100.500142,15.8,100,0,Overcast,0
3182,27/8/2024,28/8/2024 0:00,0,ภูชี้เดือน,19.882131,100.500142,15.1,100,0,Overcast,0
3183,27/8/2024,28/8/2024 1:00,1,ภูชี้เดือน,19.882131,100.500142,15.2,100,0.1,Light Drizzle,0
3184,27/8/2024,28/8/2024 2:00,2,ภูชี้เดือน,19.882131,100.500142,15,100,1.8,Light Rain,0
3185,27/8/2024,28/8/2024 3:00,3,ภูชี้เดือน,19.882131,100.500142,14.9,100,0.8,Drizzle,0
3186,28/8/2024,28/8/2024 21:00,21,ภูชี้เดือน,19.882131,100.500142,16.7,97,0,Overcast,0
3187,28/8/2024,28/8/2024 22:00,22,ภูชี้เดือน,19.882131,100.500142,16,97,0,Partly Cloudy,0
3188,28/8/2024,28/8/2024 23:00,23,ภูชี้เดือน,19.882131,100.500142,15.9,95,0,Mainly Clear,0
3189,28/8/2024,29/8/2024 0:00,0,ภูชี้เดือน,19.882131,100.500142,16.9,91,0,Mainly Clear,0
3190,28/8/2024,29/8/2024 1:00,1,ภูชี้เดือน,19.882131,100.500142,16.6,91,0,Mainly Clear,0
3191,28/8/2024,29/8/2024 2:00,2,ภูชี้เดือน,19.882131,100.500142,14.9,97,0,Partly Cloudy,0
3192,28/8/2024,29/8/2024 3:00,3,ภูชี้เดือน,19.882131,100.500142,15.3,97,0,Partly Cloudy,0
3193,29/8/2024,29/8/2024 21:00,21,ภูชี้เดือน,19.882131,100.500142,17.3,91,0,Partly Cloudy,0
3194,29/8/2024,29/8/2024 22:00,22,ภูชี้เดือน,19.882131,100.500142,17.3,89,0,Overcast,0
3195,29/8/2024,29/8/2024 23:00,23,ภูชี้เดือน,19.882131,100.500142,17.2,87,0,Clear,0
3196,29/8/2024,30/8/2024 0:00,0,ภูชี้เดือน,19.882131,100.500142,16.7,90,0,Partly Cloudy,0
3197,29/8/2024,30/8/2024 1:00,1,ภูชี้เดือน,19.882131,100.500142,16,93,0,Overcast,0
3198,29/8/2024,30/8/2024 2:00,2,ภูชี้เดือน,19.882131,100.500142,15.9,94,0,Overcast,0
3199,29/8/2024,30/8/2024 3:00,3,ภูชี้เดือน,19.882131,100.500142,15.6,95,0,Overcast,0
3200,30/8/2024,30/8/2024 21:00,21,ภูชี้เดือน,19.882131,100.500142,18.2,83,0,Overcast,0
3201,30/8/2024,30/8/2024 22:00,22,ภูชี้เดือน,19.882131,100.500142,17.9,84,0,Overcast,0
3202,30/8/2024,30/8/2024 23:00,23,ภูชี้เดือน,19.882131,100.500142,17.4,85,0,Overcast,0
3203,30/8/2024,31/8/2024 0:00,0,ภูชี้เดือน,19.882131,100.500142,17,87,0,Overcast,0
3204,30/8/2024,31/8/2024 1:00,1,ภูชี้เดือน,19.882131,100.500142,16.5,91,0,Overcast,0
3205,30/8/2024,31/8/2024 2:00,2,ภูชี้เดือน,19.882131,100.500142,16.2,92,0,Overcast,0
3206,30/8/2024,31/8/2024 3:00,3,ภูชี้เดือน,19.882131,100.500142,15.8,93,0,Overcast,0
3207,31/8/2024,31/8/2024 21:00,21,ภูชี้เดือน,19.882131,100.500142,17.4,98,0,Overcast,0
3208,31/8/2024,31/8/2024 22:00,22,ภูชี้เดือน,19.882131,100.500142,16.7,99,0,Partly Cloudy,0
3209,31/8/2024,31/8/2024 23:00,23,ภูชี้เดือน,19.882131,100.500142,15.8,100,0,Overcast,0
3210,31/8/2024,1/9/2024 0:00,0,ภูชี้เดือน,19.882131,100.500142,16,100,0,Overcast,0
3211,31/8/2024,1/9/2024 1:00,1,ภูชี้เดือน,19.882131,100.500142,15.6,99,0,Overcast,0
3212,31/8/2024,1/9/2024 2:00,2,ภูชี้เดือน,19.882131,100.500142,15.2,100,5,Rain,0
3213,31/8/2024,1/9/2024 3:00,3,ภูชี้เดือน,19.882131,100.500142,15.1,100,0.1,Light Drizzle,0
3214,1/9/2024,1/9/2024 21:00,21,ภูชี้เดือน,19.882131,100.500142,17.9,95,0,Overcast,0
3215,1/9/2024,1/9/2024 22:00,22,ภูชี้เดือน,19.882131,100.500142,17.8,94,0,Partly Cloudy,0
3216,1/9/2024,1/9/2024 23:00,23,ภูชี้เดือน,19.882131,100.500142,17.4,94,0,Overcast,0
3217,1/9/2024,2/9/2024 0:00,0,ภูชี้เดือน,19.882131,100.500142,17,94,0,Overcast,0
3218,1/9/2024,2/9/2024 1:00,1,ภูชี้เดือน,19.882131,100.500142,16.6,95,0,Overcast,0
3219,1/9/2024,2/9/2024 2:00,2,ภูชี้เดือน,19.882131,100.500142,17,92,0,Overcast,0
3220,1/9/2024,2/9/2024 3:00,3,ภูชี้เดือน,19.882131,100.500142,15.9,96,0.3,Light Drizzle,0
3221,2/9/2024,2/9/2024 21:00,21,ภูชี้เดือน,19.882131,100.500142,18.3,94,0,Overcast,0
3222,2/9/2024,2/9/2024 22:00,22,ภูชี้เดือน,19.882131,100.500142,18.5,86,0.2,Light Drizzle,0
3223,2/9/2024,2/9/2024 23:00,23,ภูชี้เดือน,19.882131,100.500142,18,85,0,Overcast,0
3224,2/9/2024,3/9/2024 0:00,0,ภูชี้เดือน,19.882131,100.500142,16.9,89,0,Overcast,0
3225,2/9/2024,3/9/2024 1:00,1,ภูชี้เดือน,19.882131,100.500142,16.5,89,5,Rain,1
3226,2/9/2024,3/9/2024 2:00,2,ภูชี้เดือน,19.882131,100.500142,15.6,100,0.1,Light Drizzle,0
3227,2/9/2024,3/9/2024 3:00,3,ภูชี้เดือน,19.882131,100.500142,15.5,100,0.3,Light Drizzle,0
3228,3/9/2024,3/9/2024 21:00,21,ภูชี้เดือน,19.882131,100.500142,17.7,94,0,Overcast,0
3229,3/9/2024,3/9/2024 22:00,22,ภูชี้เดือน,19.882131,100.500142,17.7,92,0,Overcast,0
3230,3/9/2024,3/9/2024 23:00,23,ภูชี้เดือน,19.882131,100.500142,17.5,90,0,Overcast,0
3231,3/9/2024,4/9/2024 0:00,0,ภูชี้เดือน,19.882131,100.500142,17.3,89,0,Overcast,0
3232,3/9/2024,4/9/2024 1:00,1,ภูชี้เดือน,19.882131,100.500142,17,88,0,Overcast,0
3233,3/9/2024,4/9/2024 2:00,2,ภูชี้เดือน,19.882131,100.500142,16.6,89,0,Overcast,0
3234,3/9/2024,4/9/2024 3:00,3,ภูชี้เดือน,19.882131,100.500142,16.2,91,0,Overcast,0
3235,4/9/2024,4/9/2024 21:00,21,ภูชี้เดือน,19.882131,100.500142,18.8,82,0,Overcast,0
3236,4/9/2024,4/9/2024 22:00,22,ภูชี้เดือน,19.882131,100.500142,18.5,79,0,Overcast,0
3237,4/9/2024,4/9/2024 23:00,23,ภูชี้เดือน,19.882131,100.500142,19.7,66,0,Overcast,0
3238,4/9/2024,5/9/2024 0:00,0,ภูชี้เดือน,19.882131,100.500142,18.3,82,0,Overcast,0
3239,4/9/2024,5/9/2024 1:00,1,ภูชี้เดือน,19.882131,100.500142,17.9,79,0,Overcast,0
3240,4/9/2024,5/9/2024 2:00,2,ภูชี้เดือน,19.882131,100.500142,17.2,85,0,Mainly Clear,0
3241,4/9/2024,5/9/2024 3:00,3,ภูชี้เดือน,19.882131,100.500142,16.9,85,0,Mainly Clear,0
3242,5/9/2024,5/9/2024 21:00,21,ภูชี้เดือน,19.882131,100.500142,17.5,96,0,Overcast,0
3243,5/9/2024,5/9/2024 22:00,22,ภูชี้เดือน,19.882131,100.500142,16.7,97,0,Overcast,0
3244,5/9/2024,5/9/2024 23:00,23,ภูชี้เดือน,19.882131,100.500142,17,97,0,Overcast,0
3245,5/9/2024,6/9/2024 0:00,0,ภูชี้เดือน,19.882131,100.500142,16.6,97,0,Clear,0
3246,5/9/2024,6/9/2024 1:00,1,ภูชี้เดือน,19.882131,100.500142,15.6,97,0,Mainly Clear,0
3247,5/9/2024,6/9/2024 2:00,2,ภูชี้เดือน,19.882131,100.500142,15.5,97,0,Mainly Clear,0
3248,5/9/2024,6/9/2024 3:00,3,ภูชี้เดือน,19.882131,100.500142,15.3,98,0,Clear,0
3249,6/9/2024,6/9/2024 21:00,21,ภูชี้เดือน,19.882131,100.500142,19.4,81,0,Mainly Clear,0
3250,6/9/2024,6/9/2024 22:00,22,ภูชี้เดือน,19.882131,100.500142,19,81,0,Overcast,0
3251,6/9/2024,6/9/2024 23:00,23,ภูชี้เดือน,19.882131,100.500142,18.6,83,0,Overcast,0
3252,6/9/2024,7/9/2024 0:00,0,ภูชี้เดือน,19.882131,100.500142,18.3,84,0,Overcast,0
3253,6/9/2024,7/9/2024 1:00,1,ภูชี้เดือน,19.882131,100.500142,18,86,0,Overcast,0
3254,6/9/2024,7/9/2024 2:00,2,ภูชี้เดือน,19.882131,100.500142,17.6,86,0,Overcast,0
3255,6/9/2024,7/9/2024 3:00,3,ภูชี้เดือน,19.882131,100.500142,17.4,87,0,Overcast,0
3256,7/9/2024,7/9/2024 21:00,21,ภูชี้เดือน,19.882131,100.500142,20,79,0,Overcast,0
3257,7/9/2024,7/9/2024 22:00,22,ภูชี้เดือน,19.882131,100.500142,19.3,80,0,Overcast,1
3258,7/9/2024,7/9/2024 23:00,23,ภูชี้เดือน,19.882131,100.500142,18.7,82,0,Overcast,0
3259,7/9/2024,8/9/2024 0:00,0,ภูชี้เดือน,19.882131,100.500142,18.3,85,0,Overcast,0
3260,7/9/2024,8/9/2024 1:00,1,ภูชี้เดือน,19.882131,100.500142,17.9,88,0,Overcast,0
3261,7/9/2024,8/9/2024 2:00,2,ภูชี้เดือน,19.882131,100.500142,17.8,88,0,Overcast,0
3262,7/9/2024,8/9/2024 3:00,3,ภูชี้เดือน,19.882131,100.500142,17.7,89,0.1,Light Drizzle,0
3263,8/9/2024,8/9/2024 21:00,21,ภูชี้เดือน,19.882131,100.500142,16.7,100,0.2,Light Drizzle,0
3264,8/9/2024,8/9/2024 22:00,22,ภูชี้เดือน,19.882131,100.500142,16.6,100,0.2,Light Drizzle,0
3265,8/9/2024,8/9/2024 23:00,23,ภูชี้เดือน,19.882131,100.500142,16.5,100,0.2,Light Drizzle,0
3266,8/9/2024,9/9/2024 0:00,0,ภูชี้เดือน,19.882131,100.500142,16.4,100,0.8,Drizzle,0
3267,8/9/2024,9/9/2024 1:00,1,ภูชี้เดือน,19.882131,100.500142,16.3,100,1.5,Light Rain,0
3268,8/9/2024,9/9/2024 2:00,2,ภูชี้เดือน,19.882131,100.500142,16.2,100,1.8,Light Rain,0
3269,8/9/2024,9/9/2024 3:00,3,ภูชี้เดือน,19.882131,100.500142,16,100,1.9,Light Rain,0
3270,9/9/2024,9/9/2024 21:00,21,ภูชี้เดือน,19.882131,100.500142,15.9,100,1.5,Light Rain,0
3271,9/9/2024,9/9/2024 22:00,22,ภูชี้เดือน,19.882131,100.500142,15.7,100,2.1,Light Rain,0
3272,9/9/2024,9/9/2024 23:00,23,ภูชี้เดือน,19.882131,100.500142,15.5,100,2.8,Rain,0
3273,9/9/2024,10/9/2024 0:00,0,ภูชี้เดือน,19.882131,100.500142,15.5,100,3.6,Rain,0
3274,9/9/2024,10/9/2024 1:00,1,ภูชี้เดือน,19.882131,100.500142,15.4,100,3.5,Rain,0
3275,9/9/2024,10/9/2024 2:00,2,ภูชี้เดือน,19.882131,100.500142,15.3,100,3.1,Rain,0
3276,9/9/2024,10/9/2024 3:00,3,ภูชี้เดือน,19.882131,100.500142,15.3,100,2.4,Light Rain,0
3277,10/9/2024,10/9/2024 21:00,21,ภูชี้เดือน,19.882131,100.500142,15.8,100,0.4,Light Drizzle,0
3278,10/9/2024,10/9/2024 22:00,22,ภูชี้เดือน,19.882131,100.500142,15.7,100,0.3,Light Drizzle,0
3279,10/9/2024,10/9/2024 23:00,23,ภูชี้เดือน,19.882131,100.500142,15.6,100,0.2,Light Drizzle,0
3280,10/9/2024,11/9/2024 0:00,0,ภูชี้เดือน,19.882131,100.500142,15.4,100,0.2,Light Drizzle,0
3281,10/9/2024,11/9/2024 1:00,1,ภูชี้เดือน,19.882131,100.500142,15.5,100,0.1,Light Drizzle,0
3282,10/9/2024,11/9/2024 2:00,2,ภูชี้เดือน,19.882131,100.500142,15.4,100,0.2,Light Drizzle,0
3283,10/9/2024,11/9/2024 3:00,3,ภูชี้เดือน,19.882131,100.500142,15.5,100,0,Overcast,0
3284,11/9/2024,11/9/2024 21:00,21,ภูชี้เดือน,19.882131,100.500142,15.9,100,1.2,Heavy Drizzle,0
3285,11/9/2024,11/9/2024 22:00,22,ภูชี้เดือน,19.882131,100.500142,15.8,100,3.3,Rain,0
3286,11/9/2024,11/9/2024 23:00,23,ภูชี้เดือน,19.882131,100.500142,15.6,100,1,Heavy Drizzle,0
3287,11/9/2024,12/9/2024 0:00,0,ภูชี้เดือน,19.882131,100.500142,15.7,100,0.5,Drizzle,0
3288,11/9/2024,12/9/2024 1:00,1,ภูชี้เดือน,19.882131,100.500142,15.6,100,0.4,Light Drizzle,0
3289,11/9/2024,12/9/2024 2:00,2,ภูชี้เดือน,19.882131,100.500142,15.5,100,0.4,Light Drizzle,0
3290,11/9/2024,12/9/2024 3:00,3,ภูชี้เดือน,19.882131,100.500142,15.2,100,0,Overcast,0
3291,12/9/2024,12/9/2024 21:00,21,ภูชี้เดือน,19.882131,100.500142,17.1,92,0,Overcast,0
3292,12/9/2024,12/9/2024 22:00,22,ภูชี้เดือน,19.882131,100.500142,16.9,88,0,Overcast,0
3293,12/9/2024,12/9/2024 23:00,23,ภูชี้เดือน,19.882131,100.500142,16.5,88,0,Overcast,0
3294,12/9/2024,13/9/2024 0:00,0,ภูชี้เดือน,19.882131,100.500142,16.4,88,0,Overcast,0
3295,12/9/2024,13/9/2024 1:00,1,ภูชี้เดือน,19.882131,100.500142,15.6,91,0,Overcast,0
3296,12/9/2024,13/9/2024 2:00,2,ภูชี้เดือน,19.882131,100.500142,15.6,91,0,Overcast,0
3297,12/9/2024,13/9/2024 3:00,3,ภูชี้เดือน,19.882131,100.500142,15.7,91,0,Overcast,0
3298,13/9/2024,13/9/2024 21:00,21,ภูชี้เดือน,19.882131,100.500142,17.3,95,0,Partly Cloudy,0
3299,13/9/2024,13/9/2024 22:00,22,ภูชี้เดือน,19.882131,100.500142,16.9,95,0,Overcast,0
3300,13/9/2024,13/9/2024 23:00,23,ภูชี้เดือน,19.882131,100.500142,17.1,94,0,Partly Cloudy,0
3301,13/9/2024,14/9/2024 0:00,0,ภูชี้เดือน,19.882131,100.500142,16.7,94,0,Overcast,0
3302,13/9/2024,14/9/2024 1:00,1,ภูชี้เดือน,19.882131,100.500142,16.2,93,0.3,Light Drizzle,0
3303,13/9/2024,14/9/2024 2:00,2,ภูชี้เดือน,19.882131,100.500142,15.1,98,0.1,Light Drizzle,0
3304,13/9/2024,14/9/2024 3:00,3,ภูชี้เดือน,19.882131,100.500142,15.1,99,1.8,Light Rain,0
3305,14/9/2024,14/9/2024 21:00,21,ภูชี้เดือน,19.882131,100.500142,16.8,97,0,Overcast,0
3306,14/9/2024,14/9/2024 22:00,22,ภูชี้เดือน,19.882131,100.500142,16.5,97,0,Overcast,0
3307,14/9/2024,14/9/2024 23:00,23,ภูชี้เดือน,19.882131,100.500142,16.2,95,0,Overcast,0
3308,14/9/2024,15/9/2024 0:00,0,ภูชี้เดือน,19.882131,100.500142,15.6,95,0,Partly Cloudy,0
3309,14/9/2024,15/9/2024 1:00,1,ภูชี้เดือน,19.882131,100.500142,16.2,92,0,Partly Cloudy,0
3310,14/9/2024,15/9/2024 2:00,2,ภูชี้เดือน,19.882131,100.500142,15,96,0,Mainly Clear,0
3311,14/9/2024,15/9/2024 3:00,3,ภูชี้เดือน,19.882131,100.500142,15.1,96,0,Clear,0
3312,15/9/2024,15/9/2024 21:00,21,ภูชี้เดือน,19.882131,100.500142,17.9,87,0,Partly Cloudy,0
3313,15/9/2024,15/9/2024 22:00,22,ภูชี้เดือน,19.882131,100.500142,17.6,86,0,Partly Cloudy,0
3314,15/9/2024,15/9/2024 23:00,23,ภูชี้เดือน,19.882131,100.500142,17.5,84,0,Partly Cloudy,0
3315,15/9/2024,16/9/2024 0:00,0,ภูชี้เดือน,19.882131,100.500142,17.5,83,0,Partly Cloudy,0
3316,15/9/2024,16/9/2024 1:00,1,ภูชี้เดือน,19.882131,100.500142,17.2,85,0,Partly Cloudy,0
3317,15/9/2024,16/9/2024 2:00,2,ภูชี้เดือน,19.882131,100.500142,16.6,88,0,Overcast,0
3318,15/9/2024,16/9/2024 3:00,3,ภูชี้เดือน,19.882131,100.500142,16,90,0,Overcast,0
3319,16/9/2024,16/9/2024 21:00,21,ภูชี้เดือน,19.882131,100.500142,17.3,97,0,Overcast,0
3320,16/9/2024,16/9/2024 22:00,22,ภูชี้เดือน,19.882131,100.500142,17.2,96,0,Mainly Clear,0
3321,16/9/2024,16/9/2024 23:00,23,ภูชี้เดือน,19.882131,100.500142,17,94,0,Mainly Clear,0
3322,16/9/2024,17/9/2024 0:00,0,ภูชี้เดือน,19.882131,100.500142,16.8,94,0,Clear,0
3323,16/9/2024,17/9/2024 1:00,1,ภูชี้เดือน,19.882131,100.500142,16.7,92,0,Clear,0
3324,16/9/2024,17/9/2024 2:00,2,ภูชี้เดือน,19.882131,100.500142,16.3,93,0,Clear,0
3325,16/9/2024,17/9/2024 3:00,3,ภูชี้เดือน,19.882131,100.500142,16.2,93,0,Mainly Clear,0
3326,17/9/2024,17/9/2024 21:00,21,ภูชี้เดือน,19.882131,100.500142,18.4,83,0,Overcast,0
3327,17/9/2024,17/9/2024 22:00,22,ภูชี้เดือน,19.882131,100.500142,18.2,82,0,Overcast,0
3328,17/9/2024,17/9/2024 23:00,23,ภูชี้เดือน,19.882131,100.500142,18.2,81,0,Overcast,0
3329,17/9/2024,18/9/2024 0:00,0,ภูชี้เดือน,19.882131,100.500142,18.4,80,0,Overcast,1
3330,17/9/2024,18/9/2024 1:00,1,ภูชี้เดือน,19.882131,100.500142,18,82,0,Overcast,0
3331,17/9/2024,18/9/2024 2:00,2,ภูชี้เดือน,19.882131,100.500142,17.8,83,0,Overcast,0
3332,17/9/2024,18/9/2024 3:00,3,ภูชี้เดือน,19.882131,100.500142,17.3,85,0,Overcast,0
3333,18/9/2024,18/9/2024 21:00,21,ภูชี้เดือน,19.882131,100.500142,18.2,89,0,Clear,0
3334,18/9/2024,18/9/2024 22:00,22,ภูชี้เดือน,19.882131,100.500142,17.8,88,0,Clear,0
3335,18/9/2024,18/9/2024 23:00,23,ภูชี้เดือน,19.882131,100.500142,17.4,88,0,Clear,0
3336,18/9/2024,19/9/2024 0:00,0,ภูชี้เดือน,19.882131,100.500142,17.1,87,0,Mainly Clear,0
3337,18/9/2024,19/9/2024 1:00,1,ภูชี้เดือน,19.882131,100.500142,17,87,0,Mainly Clear,0
3338,18/9/2024,19/9/2024 2:00,2,ภูชี้เดือน,19.882131,100.500142,16.5,89,0,Overcast,0
3339,18/9/2024,19/9/2024 3:00,3,ภูชี้เดือน,19.882131,100.500142,16.2,91,0,Overcast,0
3340,19/9/2024,19/9/2024 21:00,21,ภูชี้เดือน,19.882131,100.500142,19.1,82,0,Overcast,0
3341,19/9/2024,19/9/2024 22:00,22,ภูชี้เดือน,19.882131,100.500142,18.6,83,0,Overcast,0
3342,19/9/2024,19/9/2024 23:00,23,ภูชี้เดือน,19.882131,100.500142,18.1,84,0,Overcast,0
3343,19/9/2024,20/9/2024 0:00,0,ภูชี้เดือน,19.882131,100.500142,17.7,83,0,Overcast,0
3344,19/9/2024,20/9/2024 1:00,1,ภูชี้เดือน,19.882131,100.500142,19,75,0,Overcast,0
3345,19/9/2024,20/9/2024 2:00,2,ภูชี้เดือน,19.882131,100.500142,18.6,78,0,Overcast,0
3346,19/9/2024,20/9/2024 3:00,3,ภูชี้เดือน,19.882131,100.500142,18.1,82,0,Overcast,0
3347,20/9/2024,20/9/2024 21:00,21,ภูชี้เดือน,19.882131,100.500142,17.1,96,0,Overcast,0
3348,20/9/2024,20/9/2024 22:00,22,ภูชี้เดือน,19.882131,100.500142,17,95,0,Overcast,0
3349,20/9/2024,20/9/2024 23:00,23,ภูชี้เดือน,19.882131,100.500142,17.1,92,0,Overcast,0
3350,20/9/2024,21/9/2024 0:00,0,ภูชี้เดือน,19.882131,100.500142,17.4,89,0,Overcast,0
3351,20/9/2024,21/9/2024 1:00,1,ภูชี้เดือน,19.882131,100.500142,17.1,88,0,Overcast,0
3352,20/9/2024,21/9/2024 2:00,2,ภูชี้เดือน,19.882131,100.500142,17.2,87,0,Overcast,0
3353,20/9/2024,21/9/2024 3:00,3,ภูชี้เดือน,19.882131,100.500142,17.1,87,0,Overcast,0
3354,21/9/2024,21/9/2024 21:00,21,ภูชี้เดือน,19.882131,100.500142,18.4,92,0,Overcast,0
3355,21/9/2024,21/9/2024 22:00,22,ภูชี้เดือน,19.882131,100.500142,18.4,91,0,Overcast,0
3356,21/9/2024,21/9/2024 23:00,23,ภูชี้เดือน,19.882131,100.500142,18.4,89,0,Overcast,0
3357,21/9/2024,22/9/2024 0:00,0,ภูชี้เดือน,19.882131,100.500142,17.8,91,0,Overcast,0
3358,21/9/2024,22/9/2024 1:00,1,ภูชี้เดือน,19.882131,100.500142,16.8,95,0,Overcast,0
3359,21/9/2024,22/9/2024 2:00,2,ภูชี้เดือน,19.882131,100.500142,17.2,96,0,Overcast,0
3360,21/9/2024,22/9/2024 3:00,3,ภูชี้เดือน,19.882131,100.500142,16.8,98,0,Overcast,0
3361,22/9/2024,22/9/2024 21:00,21,ภูชี้เดือน,19.882131,100.500142,17,94,0,Overcast,0
3362,22/9/2024,22/9/2024 22:00,22,ภูชี้เดือน,19.882131,100.500142,16.7,95,0,Overcast,0
3363,22/9/2024,22/9/2024 23:00,23,ภูชี้เดือน,19.882131,100.500142,16.2,97,0,Overcast,0
3364,22/9/2024,23/9/2024 0:00,0,ภูชี้เดือน,19.882131,100.500142,16.1,100,0,Overcast,0
3365,22/9/2024,23/9/2024 1:00,1,ภูชี้เดือน,19.882131,100.500142,16.2,100,0.4,Light Drizzle,0
3366,22/9/2024,23/9/2024 2:00,2,ภูชี้เดือน,19.882131,100.500142,15.6,100,0.1,Light Drizzle,0
3367,22/9/2024,23/9/2024 3:00,3,ภูชี้เดือน,19.882131,100.500142,15.8,100,0,Overcast,0
3368,23/9/2024,23/9/2024 21:00,21,ภูชี้เดือน,19.882131,100.500142,16.4,94,0.1,Light Drizzle,0
3369,23/9/2024,23/9/2024 22:00,22,ภูชี้เดือน,19.882131,100.500142,16.3,93,0.5,Drizzle,0
3370,23/9/2024,23/9/2024 23:00,23,ภูชี้เดือน,19.882131,100.500142,16.1,94,0.4,Light Drizzle,0
3371,23/9/2024,24/9/2024 0:00,0,ภูชี้เดือน,19.882131,100.500142,15.7,100,0.8,Drizzle,0
3372,23/9/2024,24/9/2024 1:00,1,ภูชี้เดือน,19.882131,100.500142,15.5,100,1,Heavy Drizzle,0
3373,23/9/2024,24/9/2024 2:00,2,ภูชี้เดือน,19.882131,100.500142,15.4,100,0.8,Drizzle,0
3374,23/9/2024,24/9/2024 3:00,3,ภูชี้เดือน,19.882131,100.500142,15.1,100,0.2,Light Drizzle,0
3375,24/9/2024,24/9/2024 21:00,21,ภูชี้เดือน,19.882131,100.500142,15.1,99,0,Overcast,0
3376,24/9/2024,24/9/2024 22:00,22,ภูชี้เดือน,19.882131,100.500142,15,99,0,Overcast,0
3377,24/9/2024,24/9/2024 23:00,23,ภูชี้เดือน,19.882131,100.500142,14.5,100,0,Overcast,0
3378,24/9/2024,25/9/2024 0:00,0,ภูชี้เดือน,19.882131,100.500142,14.3,100,0,Overcast,0
3379,24/9/2024,25/9/2024 1:00,1,ภูชี้เดือน,19.882131,100.500142,14.2,100,0,Overcast,0
3380,24/9/2024,25/9/2024 2:00,2,ภูชี้เดือน,19.882131,100.500142,14.7,99,0,Overcast,0
3381,24/9/2024,25/9/2024 3:00,3,ภูชี้เดือน,19.882131,100.500142,14.6,99,0,Overcast,0
3382,25/9/2024,25/9/2024 21:00,21,ภูชี้เดือน,19.882131,100.500142,15.6,97,0,Mainly Clear,0
3383,25/9/2024,25/9/2024 22:00,22,ภูชี้เดือน,19.882131,100.500142,15.1,99,0,Partly Cloudy,0
3384,25/9/2024,25/9/2024 23:00,23,ภูชี้เดือน,19.882131,100.500142,14.5,100,0,Overcast,0
3385,25/9/2024,26/9/2024 0:00,0,ภูชี้เดือน,19.882131,100.500142,14.4,100,0,Overcast,0
3386,25/9/2024,26/9/2024 1:00,1,ภูชี้เดือน,19.882131,100.500142,14.5,100,0,Overcast,0
3387,25/9/2024,26/9/2024 2:00,2,ภูชี้เดือน,19.882131,100.500142,14.6,100,0,Overcast,0
3388,25/9/2024,26/9/2024 3:00,3,ภูชี้เดือน,19.882131,100.500142,14.6,100,0,Overcast,0
3389,26/9/2024,26/9/2024 21:00,21,ภูชี้เดือน,19.882131,100.500142,17.2,87,0,Mainly Clear,0
3390,26/9/2024,26/9/2024 22:00,22,ภูชี้เดือน,19.882131,100.500142,16.6,89,0,Clear,0
3391,26/9/2024,26/9/2024 23:00,23,ภูชี้เดือน,19.882131,100.500142,16.4,89,0,Mainly Clear,0
3392,26/9/2024,27/9/2024 0:00,0,ภูชี้เดือน,19.882131,100.500142,16.3,89,0,Mainly Clear,0
3393,26/9/2024,27/9/2024 1:00,1,ภูชี้เดือน,19.882131,100.500142,15.7,91,0,Mainly Clear,0
3394,26/9/2024,27/9/2024 2:00,2,ภูชี้เดือน,19.882131,100.500142,15.4,92,0,Mainly Clear,0
3395,26/9/2024,27/9/2024 3:00,3,ภูชี้เดือน,19.882131,100.500142,15.2,92,0,Clear,0
3396,27/9/2024,27/9/2024 21:00,21,ภูชี้เดือน,19.882131,100.500142,18.2,85,0,Partly Cloudy,0
3397,27/9/2024,27/9/2024 22:00,22,ภูชี้เดือน,19.882131,100.500142,18,82,0,Mainly Clear,0
3398,27/9/2024,27/9/2024 23:00,23,ภูชี้เดือน,19.882131,100.500142,17.5,82,0,Mainly Clear,0
3399,27/9/2024,28/9/2024 0:00,0,ภูชี้เดือน,19.882131,100.500142,17.3,82,0,Partly Cloudy,0
3400,27/9/2024,28/9/2024 1:00,1,ภูชี้เดือน,19.882131,100.500142,17,83,0,Overcast,0
3401,27/9/2024,28/9/2024 2:00,2,ภูชี้เดือน,19.882131,100.500142,16.7,84,0,Mainly Clear,0
3402,27/9/2024,28/9/2024 3:00,3,ภูชี้เดือน,19.882131,100.500142,16.5,85,0,Clear,0
3403,28/9/2024,28/9/2024 21:00,21,ภูชี้เดือน,19.882131,100.500142,18,84,0,Overcast,1
3404,28/9/2024,28/9/2024 22:00,22,ภูชี้เดือน,19.882131,100.500142,18,82,0,Overcast,0
3405,28/9/2024,28/9/2024 23:00,23,ภูชี้เดือน,19.882131,100.500142,17.6,84,0,Overcast,0
3406,28/9/2024,29/9/2024 0:00,0,ภูชี้เดือน,19.882131,100.500142,17.6,82,0,Overcast,0
3407,28/9/2024,29/9/2024 1:00,1,ภูชี้เดือน,19.882131,100.500142,17.5,83,0,Overcast,0
3408,28/9/2024,29/9/2024 2:00,2,ภูชี้เดือน,19.882131,100.500142,17,86,0,Overcast,0
3409,28/9/2024,29/9/2024 3:00,3,ภูชี้เดือน,19.882131,100.500142,16.7,88,0,Overcast,0
3410,29/9/2024,29/9/2024 21:00,21,ภูชี้เดือน,19.882131,100.500142,18.3,90,0,Overcast,0
3411,29/9/2024,29/9/2024 22:00,22,ภูชี้เดือน,19.882131,100.500142,17.9,92,0,Overcast,0
3412,29/9/2024,29/9/2024 23:00,23,ภูชี้เดือน,19.882131,100.500142,17.6,93,0,Overcast,0
3413,29/9/2024,30/9/2024 0:00,0,ภูชี้เดือน,19.882131,100.500142,17.4,92,0,Overcast,0
3414,29/9/2024,30/9/2024 1:00,1,ภูชี้เดือน,19.882131,100.500142,17.1,93,0,Overcast,0
3415,29/9/2024,30/9/2024 2:00,2,ภูชี้เดือน,19.882131,100.500142,16.7,94,0,Overcast,0
3416,29/9/2024,30/9/2024 3:00,3,ภูชี้เดือน,19.882131,100.500142,16.5,95,0,Overcast,0
3417,30/9/2024,30/9/2024 21:00,21,ภูชี้เดือน,19.882131,100.500142,18,96,0,Overcast,0
3418,30/9/2024,30/9/2024 22:00,22,ภูชี้เดือน,19.882131,100.500142,17.9,95,0,Overcast,0
3419,30/9/2024,30/9/2024 23:00,23,ภูชี้เดือน,19.882131,100.500142,16.7,97,6,Rain,0
3420,30/9/2024,1/10/2024 0:00,0,ภูชี้เดือน,19.882131,100.500142,16.8,100,2.2,Light Rain,0
3421,30/9/2024,1/10/2024 1:00,1,ภูชี้เดือน,19.882131,100.500142,16.3,100,9.6,Heavy Rain,0
3422,30/9/2024,1/10/2024 2:00,2,ภูชี้เดือน,19.882131,100.500142,16.1,100,3.3,Rain,0
3423,30/9/2024,1/10/2024 3:00,3,ภูชี้เดือน,19.882131,100.500142,15.7,100,2.1,Light Rain,0
3424,1/10/2024,1/10/2024 21:00,21,ภูชี้เดือน,19.882131,100.500142,15.8,99,0,Overcast,0
3425,1/10/2024,1/10/2024 22:00,22,ภูชี้เดือน,19.882131,100.500142,15.8,99,0,Overcast,0
3426,1/10/2024,1/10/2024 23:00,23,ภูชี้เดือน,19.882131,100.500142,15.4,99,0,Overcast,0
3427,1/10/2024,2/10/2024 0:00,0,ภูชี้เดือน,19.882131,100.500142,14.6,100,0.2,Light Drizzle,0
3428,1/10/2024,2/10/2024 1:00,1,ภูชี้เดือน,19.882131,100.500142,14.7,99,0.1,Light Drizzle,0
3429,1/10/2024,2/10/2024 2:00,2,ภูชี้เดือน,19.882131,100.500142,14.9,98,0,Overcast,0
3430,1/10/2024,2/10/2024 3:00,3,ภูชี้เดือน,19.882131,100.500142,14.7,99,0.1,Light Drizzle,0
3431,2/10/2024,2/10/2024 21:00,21,ภูชี้เดือน,19.882131,100.500142,14.8,100,2.4,Light Rain,0
3432,2/10/2024,2/10/2024 22:00,22,ภูชี้เดือน,19.882131,100.500142,15,100,0.4,Light Drizzle,0
3433,2/10/2024,2/10/2024 23:00,23,ภูชี้เดือน,19.882131,100.500142,14.3,100,0,Overcast,0
3434,2/10/2024,3/10/2024 0:00,0,ภูชี้เดือน,19.882131,100.500142,14.4,100,1.4,Light Rain,0
3435,2/10/2024,3/10/2024 1:00,1,ภูชี้เดือน,19.882131,100.500142,14.1,100,3.2,Rain,0
3436,2/10/2024,3/10/2024 2:00,2,ภูชี้เดือน,19.882131,100.500142,14.1,100,3,Rain,0
3437,2/10/2024,3/10/2024 3:00,3,ภูชี้เดือน,19.882131,100.500142,13.9,100,1.4,Light Rain,0
3438,3/10/2024,3/10/2024 21:00,21,ภูชี้เดือน,19.882131,100.500142,15.1,100,0,Partly Cloudy,0
3439,3/10/2024,3/10/2024 22:00,22,ภูชี้เดือน,19.882131,100.500142,14.7,100,0,Overcast,0
3440,3/10/2024,3/10/2024 23:00,23,ภูชี้เดือน,19.882131,100.500142,14.8,99,0,Overcast,0
3441,3/10/2024,4/10/2024 0:00,0,ภูชี้เดือน,19.882131,100.500142,14.4,99,0,Overcast,0
3442,3/10/2024,4/10/2024 1:00,1,ภูชี้เดือน,19.882131,100.500142,14.6,99,0,Overcast,0
3443,3/10/2024,4/10/2024 2:00,2,ภูชี้เดือน,19.882131,100.500142,14.7,97,0,Overcast,0
3444,3/10/2024,4/10/2024 3:00,3,ภูชี้เดือน,19.882131,100.500142,14.3,99,0,Overcast,0
3445,4/10/2024,4/10/2024 21:00,21,ภูชี้เดือน,19.882131,100.500142,15.5,93,0,Overcast,0
3446,4/10/2024,4/10/2024 22:00,22,ภูชี้เดือน,19.882131,100.500142,15.4,93,0,Overcast,0
3447,4/10/2024,4/10/2024 23:00,23,ภูชี้เดือน,19.882131,100.500142,15.1,93,0,Overcast,0
3448,4/10/2024,5/10/2024 0:00,0,ภูชี้เดือน,19.882131,100.500142,14.6,95,0,Overcast,0
3449,4/10/2024,5/10/2024 1:00,1,ภูชี้เดือน,19.882131,100.500142,14.4,95,0,Overcast,0
3450,4/10/2024,5/10/2024 2:00,2,ภูชี้เดือน,19.882131,100.500142,14,96,0,Overcast,0
3451,4/10/2024,5/10/2024 3:00,3,ภูชี้เดือน,19.882131,100.500142,13.8,96,0,Overcast,0
3452,5/10/2024,5/10/2024 21:00,21,ภูชี้เดือน,19.882131,100.500142,16.6,91,0,Clear,0
3453,5/10/2024,5/10/2024 22:00,22,ภูชี้เดือน,19.882131,100.500142,16.4,89,0,Clear,0
3454,5/10/2024,5/10/2024 23:00,23,ภูชี้เดือน,19.882131,100.500142,17.3,82,0,Clear,0
3455,5/10/2024,6/10/2024 0:00,0,ภูชี้เดือน,19.882131,100.500142,15.7,90,0,Clear,0
3456,5/10/2024,6/10/2024 1:00,1,ภูชี้เดือน,19.882131,100.500142,16.6,84,0,Clear,0
3457,5/10/2024,6/10/2024 2:00,2,ภูชี้เดือน,19.882131,100.500142,14.8,92,0,Mainly Clear,0
3458,5/10/2024,6/10/2024 3:00,3,ภูชี้เดือน,19.882131,100.500142,15.1,90,0,Clear,0
3459,6/10/2024,6/10/2024 21:00,21,ภูชี้เดือน,19.882131,100.500142,17.7,86,0,Partly Cloudy,0
3460,6/10/2024,6/10/2024 22:00,22,ภูชี้เดือน,19.882131,100.500142,17.3,85,0,Partly Cloudy,0
3461,6/10/2024,6/10/2024 23:00,23,ภูชี้เดือน,19.882131,100.500142,16.9,84,0,Mainly Clear,0
3462,6/10/2024,7/10/2024 0:00,0,ภูชี้เดือน,19.882131,100.500142,16.7,82,0,Mainly Clear,0
3463,6/10/2024,7/10/2024 1:00,1,ภูชี้เดือน,19.882131,100.500142,16.5,81,0,Partly Cloudy,0
3464,6/10/2024,7/10/2024 2:00,2,ภูชี้เดือน,19.882131,100.500142,15.3,87,0,Partly Cloudy,0
3465,6/10/2024,7/10/2024 3:00,3,ภูชี้เดือน,19.882131,100.500142,14.8,89,0,Clear,0
3466,7/10/2024,7/10/2024 21:00,21,ภูชี้เดือน,19.882131,100.500142,19.3,61,0,Clear,1
3467,7/10/2024,7/10/2024 22:00,22,ภูชี้เดือน,19.882131,100.500142,17.9,68,0,Clear,1
3468,7/10/2024,7/10/2024 23:00,23,ภูชี้เดือน,19.882131,100.500142,15.9,79,0,Clear,1
3469,7/10/2024,8/10/2024 0:00,0,ภูชี้เดือน,19.882131,100.500142,15.5,80,0,Clear,1
3470,7/10/2024,8/10/2024 1:00,1,ภูชี้เดือน,19.882131,100.500142,15.6,77,0,Clear,1
3471,7/10/2024,8/10/2024 2:00,2,ภูชี้เดือน,19.882131,100.500142,16.8,67,0,Clear,1
3472,7/10/2024,8/10/2024 3:00,3,ภูชี้เดือน,19.882131,100.500142,16.3,68,0,Clear,1
3473,8/10/2024,8/10/2024 21:00,21,ภูชี้เดือน,19.882131,100.500142,17.2,88,0,Clear,0
3474,8/10/2024,8/10/2024 22:00,22,ภูชี้เดือน,19.882131,100.500142,16.6,88,0,Clear,0
3475,8/10/2024,8/10/2024 23:00,23,ภูชี้เดือน,19.882131,100.500142,16.2,87,0,Clear,0
3476,8/10/2024,9/10/2024 0:00,0,ภูชี้เดือน,19.882131,100.500142,15.8,88,0,Clear,0
3477,8/10/2024,9/10/2024 1:00,1,ภูชี้เดือน,19.882131,100.500142,15.3,89,0,Clear,0
3478,8/10/2024,9/10/2024 2:00,2,ภูชี้เดือน,19.882131,100.500142,15.3,88,0,Clear,0
3479,8/10/2024,9/10/2024 3:00,3,ภูชี้เดือน,19.882131,100.500142,16.4,81,0,Clear,0
3480,9/10/2024,9/10/2024 21:00,21,ภูชี้เดือน,19.882131,100.500142,15.6,92,1.9,Light Rain,0
3481,9/10/2024,9/10/2024 22:00,22,ภูชี้เดือน,19.882131,100.500142,15.5,96,0.1,Light Drizzle,0
3482,9/10/2024,9/10/2024 23:00,23,ภูชี้เดือน,19.882131,100.500142,14.7,97,0,Partly Cloudy,0
3483,9/10/2024,10/10/2024 0:00,0,ภูชี้เดือน,19.882131,100.500142,14.5,97,0.2,Light Drizzle,0
3484,9/10/2024,10/10/2024 1:00,1,ภูชี้เดือน,19.882131,100.500142,14.4,100,0.1,Light Drizzle,0
3485,9/10/2024,10/10/2024 2:00,2,ภูชี้เดือน,19.882131,100.500142,13.9,100,0,Overcast,0
3486,9/10/2024,10/10/2024 3:00,3,ภูชี้เดือน,19.882131,100.500142,14.1,100,0.2,Light Drizzle,0
3487,10/10/2024,10/10/2024 21:00,21,ภูชี้เดือน,19.882131,100.500142,16.7,94,0,Mainly Clear,0
3488,10/10/2024,10/10/2024 22:00,22,ภูชี้เดือน,19.882131,100.500142,16.5,94,0,Partly Cloudy,0
3489,10/10/2024,10/10/2024 23:00,23,ภูชี้เดือน,19.882131,100.500142,16.2,94,0,Overcast,0
3490,10/10/2024,11/10/2024 0:00,0,ภูชี้เดือน,19.882131,100.500142,15.9,93,0,Clear,0
3491,10/10/2024,11/10/2024 1:00,1,ภูชี้เดือน,19.882131,100.500142,15.7,92,0,Clear,0
3492,10/10/2024,11/10/2024 2:00,2,ภูชี้เดือน,19.882131,100.500142,15.6,92,0,Mainly Clear,0
3493,10/10/2024,11/10/2024 3:00,3,ภูชี้เดือน,19.882131,100.500142,15.2,94,0,Mainly Clear,0
3494,11/10/2024,11/10/2024 21:00,21,ภูชี้เดือน,19.882131,100.500142,16.1,99,0,Overcast,0
3495,11/10/2024,11/10/2024 22:00,22,ภูชี้เดือน,19.882131,100.500142,15.2,100,0,Overcast,0
3496,11/10/2024,11/10/2024 23:00,23,ภูชี้เดือน,19.882131,100.500142,14.7,100,0,Overcast,0
3497,11/10/2024,12/10/2024 0:00,0,ภูชี้เดือน,19.882131,100.500142,14.4,99,0,Overcast,0
3498,11/10/2024,12/10/2024 1:00,1,ภูชี้เดือน,19.882131,100.500142,14.2,99,0,Overcast,0
3499,11/10/2024,12/10/2024 2:00,2,ภูชี้เดือน,19.882131,100.500142,14,99,0,Partly Cloudy,0
3500,11/10/2024,12/10/2024 3:00,3,ภูชี้เดือน,19.882131,100.500142,13.9,99,0,Partly Cloudy,0
3501,12/10/2024,12/10/2024 21:00,21,ภูชี้เดือน,19.882131,100.500142,16.7,91,0,Partly Cloudy,0
3502,12/10/2024,12/10/2024 22:00,22,ภูชี้เดือน,19.882131,100.500142,17.6,83,0,Overcast,0
3503,12/10/2024,12/10/2024 23:00,23,ภูชี้เดือน,19.882131,100.500142,17.4,82,0,Overcast,0
3504,12/10/2024,13/10/2024 0:00,0,ภูชี้เดือน,19.882131,100.500142,16.5,84,0,Mainly Clear,0
3505,12/10/2024,13/10/2024 1:00,1,ภูชี้เดือน,19.882131,100.500142,16.3,83,0,Overcast,0
3506,12/10/2024,13/10/2024 2:00,2,ภูชี้เดือน,19.882131,100.500142,14.7,90,0,Mainly Clear,0
3507,12/10/2024,13/10/2024 3:00,3,ภูชี้เดือน,19.882131,100.500142,14.9,87,0,Clear,0
3508,13/10/2024,13/10/2024 21:00,21,ภูชี้เดือน,19.882131,100.500142,17.5,88,0,Mainly Clear,0
3509,13/10/2024,13/10/2024 22:00,22,ภูชี้เดือน,19.882131,100.500142,17,86,0,Mainly Clear,0
3510,13/10/2024,13/10/2024 23:00,23,ภูชี้เดือน,19.882131,100.500142,16.8,84,0,Clear,0
3511,13/10/2024,14/10/2024 0:00,0,ภูชี้เดือน,19.882131,100.500142,16.7,81,0,Clear,0
3512,13/10/2024,14/10/2024 1:00,1,ภูชี้เดือน,19.882131,100.500142,16.3,82,0,Clear,0
3513,13/10/2024,14/10/2024 2:00,2,ภูชี้เดือน,19.882131,100.500142,15.7,85,0,Clear,0
3514,13/10/2024,14/10/2024 3:00,3,ภูชี้เดือน,19.882131,100.500142,15.4,86,0,Partly Cloudy,0
3515,14/10/2024,14/10/2024 21:00,21,ภูชี้เดือน,19.882131,100.500142,18.2,85,0,Partly Cloudy,0
3516,14/10/2024,14/10/2024 22:00,22,ภูชี้เดือน,19.882131,100.500142,18.1,82,0,Mainly Clear,0
3517,14/10/2024,14/10/2024 23:00,23,ภูชี้เดือน,19.882131,100.500142,17.8,82,0,Clear,0
3518,14/10/2024,15/10/2024 0:00,0,ภูชี้เดือน,19.882131,100.500142,17.5,81,0,Partly Cloudy,1
3519,14/10/2024,15/10/2024 1:00,1,ภูชี้เดือน,19.882131,100.500142,17.2,83,0,Clear,0
3520,14/10/2024,15/10/2024 2:00,2,ภูชี้เดือน,19.882131,100.500142,16,88,0,Clear,0
3521,14/10/2024,15/10/2024 3:00,3,ภูชี้เดือน,19.882131,100.500142,15.8,88,0,Clear,0
3522,15/10/2024,15/10/2024 21:00,21,ภูชี้เดือน,19.882131,100.500142,15.8,100,0,Overcast,0
3523,15/10/2024,15/10/2024 22:00,22,ภูชี้เดือน,19.882131,100.500142,15.6,100,0,Overcast,0
3524,15/10/2024,15/10/2024 23:00,23,ภูชี้เดือน,19.882131,100.500142,15.1,99,0,Overcast,0
3525,15/10/2024,16/10/2024 0:00,0,ภูชี้เดือน,19.882131,100.500142,14.8,99,0,Overcast,0
3526,15/10/2024,16/10/2024 1:00,1,ภูชี้เดือน,19.882131,100.500142,14.4,100,0,Overcast,0
3527,15/10/2024,16/10/2024 2:00,2,ภูชี้เดือน,19.882131,100.500142,14.2,99,0,Overcast,0
3528,15/10/2024,16/10/2024 3:00,3,ภูชี้เดือน,19.882131,100.500142,14,99,0,Overcast,0
3529,16/10/2024,16/10/2024 21:00,21,ภูชี้เดือน,19.882131,100.500142,17.4,94,0,Partly Cloudy,0
3530,16/10/2024,16/10/2024 22:00,22,ภูชี้เดือน,19.882131,100.500142,17.2,94,0,Partly Cloudy,0
3531,16/10/2024,16/10/2024 23:00,23,ภูชี้เดือน,19.882131,100.500142,16,97,0,Partly Cloudy,0
3532,16/10/2024,17/10/2024 0:00,0,ภูชี้เดือน,19.882131,100.500142,15.9,97,0,Partly Cloudy,0
3533,16/10/2024,17/10/2024 1:00,1,ภูชี้เดือน,19.882131,100.500142,15,98,0,Partly Cloudy,0
3534,16/10/2024,17/10/2024 2:00,2,ภูชี้เดือน,19.882131,100.500142,16,95,0,Overcast,0
3535,16/10/2024,17/10/2024 3:00,3,ภูชี้เดือน,19.882131,100.500142,15.8,96,0,Overcast,0
3536,17/10/2024,17/10/2024 21:00,21,ภูชี้เดือน,19.882131,100.500142,15.6,96,0,Mainly Clear,0
3537,17/10/2024,17/10/2024 22:00,22,ภูชี้เดือน,19.882131,100.500142,15.7,93,0,Mainly Clear,0
3538,17/10/2024,17/10/2024 23:00,23,ภูชี้เดือน,19.882131,100.500142,15.4,93,0,Clear,0
3539,17/10/2024,18/10/2024 0:00,0,ภูชี้เดือน,19.882131,100.500142,15.1,93,0,Clear,0
3540,17/10/2024,18/10/2024 1:00,1,ภูชี้เดือน,19.882131,100.500142,15.3,92,0,Partly Cloudy,0
3541,17/10/2024,18/10/2024 2:00,2,ภูชี้เดือน,19.882131,100.500142,16.1,89,0,Partly Cloudy,0
3542,17/10/2024,18/10/2024 3:00,3,ภูชี้เดือน,19.882131,100.500142,15,93,0,Mainly Clear,0
3543,18/10/2024,18/10/2024 21:00,21,ภูชี้เดือน,19.882131,100.500142,17.4,88,0,Overcast,0
3544,18/10/2024,18/10/2024 22:00,22,ภูชี้เดือน,19.882131,100.500142,16.9,88,0,Partly Cloudy,0
3545,18/10/2024,18/10/2024 23:00,23,ภูชี้เดือน,19.882131,100.500142,17.1,84,0,Mainly Clear,0
3546,18/10/2024,19/10/2024 0:00,0,ภูชี้เดือน,19.882131,100.500142,17.7,79,0,Mainly Clear,1
3547,18/10/2024,19/10/2024 1:00,1,ภูชี้เดือน,19.882131,100.500142,17.2,80,0,Clear,1
3548,18/10/2024,19/10/2024 2:00,2,ภูชี้เดือน,19.882131,100.500142,17.6,77,0,Mainly Clear,1
3549,18/10/2024,19/10/2024 3:00,3,ภูชี้เดือน,19.882131,100.500142,16.3,83,0,Partly Cloudy,0
3550,19/10/2024,19/10/2024 21:00,21,ภูชี้เดือน,19.882131,100.500142,17.4,91,0,Mainly Clear,0
3551,19/10/2024,19/10/2024 22:00,22,ภูชี้เดือน,19.882131,100.500142,16.7,93,0,Partly Cloudy,0
3552,19/10/2024,19/10/2024 23:00,23,ภูชี้เดือน,19.882131,100.500142,16.1,91,3.6,Rain,0
3553,19/10/2024,20/10/2024 0:00,0,ภูชี้เดือน,19.882131,100.500142,15,100,5,Rain,0
3554,19/10/2024,20/10/2024 1:00,1,ภูชี้เดือน,19.882131,100.500142,15,100,0.2,Light Drizzle,0
3555,19/10/2024,20/10/2024 2:00,2,ภูชี้เดือน,19.882131,100.500142,14.8,100,0.3,Light Drizzle,0
3556,19/10/2024,20/10/2024 3:00,3,ภูชี้เดือน,19.882131,100.500142,14.4,99,1.3,Light Rain,0
3557,20/10/2024,20/10/2024 21:00,21,ภูชี้เดือน,19.882131,100.500142,16.3,97,0,Overcast,0
3558,20/10/2024,20/10/2024 22:00,22,ภูชี้เดือน,19.882131,100.500142,14.8,100,4.1,Rain,0
3559,20/10/2024,20/10/2024 23:00,23,ภูชี้เดือน,19.882131,100.500142,14.7,100,0.9,Drizzle,0
3560,20/10/2024,21/10/2024 0:00,0,ภูชี้เดือน,19.882131,100.500142,14.7,99,0,Overcast,0
3561,20/10/2024,21/10/2024 1:00,1,ภูชี้เดือน,19.882131,100.500142,14,100,0,Overcast,0
3562,20/10/2024,21/10/2024 2:00,2,ภูชี้เดือน,19.882131,100.500142,14,100,0,Overcast,0
3563,20/10/2024,21/10/2024 3:00,3,ภูชี้เดือน,19.882131,100.500142,13.8,100,0.1,Light Drizzle,0
3564,21/10/2024,21/10/2024 21:00,21,ภูชี้เดือน,19.882131,100.500142,16.1,95,0,Overcast,0
3565,21/10/2024,21/10/2024 22:00,22,ภูชี้เดือน,19.882131,100.500142,15.7,95,0,Mainly Clear,0
3566,21/10/2024,21/10/2024 23:00,23,ภูชี้เดือน,19.882131,100.500142,15.6,96,0,Mainly Clear,0
3567,21/10/2024,22/10/2024 0:00,0,ภูชี้เดือน,19.882131,100.500142,15.3,97,0,Mainly Clear,0
3568,21/10/2024,22/10/2024 1:00,1,ภูชี้เดือน,19.882131,100.500142,15,99,0,Mainly Clear,0
3569,21/10/2024,22/10/2024 2:00,2,ภูชี้เดือน,19.882131,100.500142,14.7,100,0,Overcast,0
3570,21/10/2024,22/10/2024 3:00,3,ภูชี้เดือน,19.882131,100.500142,14.8,99,0,Overcast,0
3571,22/10/2024,22/10/2024 21:00,21,ภูชี้เดือน,19.882131,100.500142,17.3,86,0,Mainly Clear,0
3572,22/10/2024,22/10/2024 22:00,22,ภูชี้เดือน,19.882131,100.500142,17,86,0,Mainly Clear,0
3573,22/10/2024,22/10/2024 23:00,23,ภูชี้เดือน,19.882131,100.500142,16.5,88,0,Mainly Clear,0
3574,22/10/2024,23/10/2024 0:00,0,ภูชี้เดือน,19.882131,100.500142,16.1,88,0,Clear,0
3575,22/10/2024,23/10/2024 1:00,1,ภูชี้เดือน,19.882131,100.500142,15.8,88,0,Mainly Clear,0
3576,22/10/2024,23/10/2024 2:00,2,ภูชี้เดือน,19.882131,100.500142,15.8,88,0,Mainly Clear,0
3577,22/10/2024,23/10/2024 3:00,3,ภูชี้เดือน,19.882131,100.500142,15.4,88,0.1,Light Drizzle,0
3578,23/10/2024,23/10/2024 21:00,21,ภูชี้เดือน,19.882131,100.500142,16.6,88,0,Clear,0
3579,23/10/2024,23/10/2024 22:00,22,ภูชี้เดือน,19.882131,100.500142,16.1,88,0,Clear,0
3580,23/10/2024,23/10/2024 23:00,23,ภูชี้เดือน,19.882131,100.500142,15.9,88,0,Clear,0
3581,23/10/2024,24/10/2024 0:00,0,ภูชี้เดือน,19.882131,100.500142,15.6,87,0,Clear,0
3582,23/10/2024,24/10/2024 1:00,1,ภูชี้เดือน,19.882131,100.500142,15.2,88,0,Mainly Clear,0
3583,23/10/2024,24/10/2024 2:00,2,ภูชี้เดือน,19.882131,100.500142,14.8,89,0,Mainly Clear,0
3584,23/10/2024,24/10/2024 3:00,3,ภูชี้เดือน,19.882131,100.500142,14.7,88,0,Partly Cloudy,0
3585,24/10/2024,24/10/2024 21:00,21,ภูชี้เดือน,19.882131,100.500142,16.2,89,0,Clear,0
3586,24/10/2024,24/10/2024 22:00,22,ภูชี้เดือน,19.882131,100.500142,16,88,0,Clear,0
3587,24/10/2024,24/10/2024 23:00,23,ภูชี้เดือน,19.882131,100.500142,15.9,86,0,Clear,0
3588,24/10/2024,25/10/2024 0:00,0,ภูชี้เดือน,19.882131,100.500142,15.9,85,0,Clear,0
3589,24/10/2024,25/10/2024 1:00,1,ภูชี้เดือน,19.882131,100.500142,15.5,86,0,Clear,0
3590,24/10/2024,25/10/2024 2:00,2,ภูชี้เดือน,19.882131,100.500142,15,88,0,Clear,0
3591,24/10/2024,25/10/2024 3:00,3,ภูชี้เดือน,19.882131,100.500142,14.7,88,0,Partly Cloudy,0
3592,25/10/2024,25/10/2024 21:00,21,ภูชี้เดือน,19.882131,100.500142,17.8,83,0,Mainly Clear,0
3593,25/10/2024,25/10/2024 22:00,22,ภูชี้เดือน,19.882131,100.500142,17.6,81,0,Overcast,0
3594,25/10/2024,25/10/2024 23:00,23,ภูชี้เดือน,19.882131,100.500142,17.3,80,0,Overcast,0
3595,25/10/2024,26/10/2024 0:00,0,ภูชี้เดือน,19.882131,100.500142,17,80,0,Overcast,0
3596,25/10/2024,26/10/2024 1:00,1,ภูชี้เดือน,19.882131,100.500142,16.9,79,0,Overcast,0
3597,25/10/2024,26/10/2024 2:00,2,ภูชี้เดือน,19.882131,100.500142,16.8,79,0,Overcast,0
3598,25/10/2024,26/10/2024 3:00,3,ภูชี้เดือน,19.882131,100.500142,16.2,82,0,Overcast,0
3599,26/10/2024,26/10/2024 21:00,21,ภูชี้เดือน,19.882131,100.500142,18.5,83,0,Overcast,0
3600,26/10/2024,26/10/2024 22:00,22,ภูชี้เดือน,19.882131,100.500142,18.5,80,0,Mainly Clear,1
3601,26/10/2024,26/10/2024 23:00,23,ภูชี้เดือน,19.882131,100.500142,18.3,78,0,Clear,1
3602,26/10/2024,27/10/2024 0:00,0,ภูชี้เดือน,19.882131,100.500142,17.8,80,0,Clear,1
3603,26/10/2024,27/10/2024 1:00,1,ภูชี้เดือน,19.882131,100.500142,17.5,80,0,Mainly Clear,1
3604,26/10/2024,27/10/2024 2:00,2,ภูชี้เดือน,19.882131,100.500142,17.8,78,0,Partly Cloudy,1
3605,26/10/2024,27/10/2024 3:00,3,ภูชี้เดือน,19.882131,100.500142,17.1,81,0,Overcast,0
3606,27/10/2024,27/10/2024 21:00,21,ภูชี้เดือน,19.882131,100.500142,17.5,64,0,Clear,1
3607,27/10/2024,27/10/2024 22:00,22,ภูชี้เดือน,19.882131,100.500142,17.1,63,0,Clear,1
3608,27/10/2024,27/10/2024 23:00,23,ภูชี้เดือน,19.882131,100.500142,16.9,60,0,Clear,1
3609,27/10/2024,28/10/2024 0:00,0,ภูชี้เดือน,19.882131,100.500142,16.3,62,0,Clear,1
3610,27/10/2024,28/10/2024 1:00,1,ภูชี้เดือน,19.882131,100.500142,15.6,65,0,Clear,1
3611,27/10/2024,28/10/2024 2:00,2,ภูชี้เดือน,19.882131,100.500142,15.3,65,0,Clear,1
3612,27/10/2024,28/10/2024 3:00,3,ภูชี้เดือน,19.882131,100.500142,16,56,0,Mainly Clear,1
3613,28/10/2024,28/10/2024 21:00,21,ภูชี้เดือน,19.882131,100.500142,16.3,72,0,Clear,1
3614,28/10/2024,28/10/2024 22:00,22,ภูชี้เดือน,19.882131,100.500142,15.9,71,0,Clear,1
3615,28/10/2024,28/10/2024 23:00,23,ภูชี้เดือน,19.882131,100.500142,15.1,76,0,Clear,1
3616,28/10/2024,29/10/2024 0:00,0,ภูชี้เดือน,19.882131,100.500142,14.7,77,0,Partly Cloudy,1
3617,28/10/2024,29/10/2024 1:00,1,ภูชี้เดือน,19.882131,100.500142,14.5,77,0,Partly Cloudy,1
3618,28/10/2024,29/10/2024 2:00,2,ภูชี้เดือน,19.882131,100.500142,14.1,78,0,Mainly Clear,1
3619,28/10/2024,29/10/2024 3:00,3,ภูชี้เดือน,19.882131,100.500142,14.5,74,0,Mainly Clear,1
3620,29/10/2024,29/10/2024 21:00,21,ภูชี้เดือน,19.882131,100.500142,15.9,79,0,Clear,1
3621,29/10/2024,29/10/2024 22:00,22,ภูชี้เดือน,19.882131,100.500142,15.5,79,0,Clear,1
3622,29/10/2024,29/10/2024 23:00,23,ภูชี้เดือน,19.882131,100.500142,15,80,0,Clear,1
3623,29/10/2024,30/10/2024 0:00,0,ภูชี้เดือน,19.882131,100.500142,14.5,81,0,Clear,0
3624,29/10/2024,30/10/2024 1:00,1,ภูชี้เดือน,19.882131,100.500142,14.4,79,0,Clear,1
3625,29/10/2024,30/10/2024 2:00,2,ภูชี้เดือน,19.882131,100.500142,14.2,80,0,Clear,1
3626,29/10/2024,30/10/2024 3:00,3,ภูชี้เดือน,19.882131,100.500142,13.8,81,0,Clear,0
3627,30/10/2024,30/10/2024 21:00,21,ภูชี้เดือน,19.882131,100.500142,16.6,84,0,Clear,0
3628,30/10/2024,30/10/2024 22:00,22,ภูชี้เดือน,19.882131,100.500142,16.4,81,0,Clear,0
3629,30/10/2024,30/10/2024 23:00,23,ภูชี้เดือน,19.882131,100.500142,15.9,81,0,Clear,0
3630,30/10/2024,31/10/2024 0:00,0,ภูชี้เดือน,19.882131,100.500142,16,77,0,Clear,1
3631,30/10/2024,31/10/2024 1:00,1,ภูชี้เดือน,19.882131,100.500142,15.6,78,0,Clear,1
3632,30/10/2024,31/10/2024 2:00,2,ภูชี้เดือน,19.882131,100.500142,15.2,79,0,Clear,1
3633,30/10/2024,31/10/2024 3:00,3,ภูชี้เดือน,19.882131,100.500142,14.6,82,0,Clear,0
3634,31/10/2024,31/10/2024 21:00,21,ภูชี้เดือน,19.882131,100.500142,17,85,0,Clear,0
3635,31/10/2024,31/10/2024 22:00,22,ภูชี้เดือน,19.882131,100.500142,16.7,83,0,Clear,0
3636,31/10/2024,31/10/2024 23:00,23,ภูชี้เดือน,19.882131,100.500142,16.6,81,0,Clear,0
3637,31/10/2024,1/11/2024 0:00,0,ภูชี้เดือน,19.882131,100.500142,16.3,82,0,Clear,0
3638,31/10/2024,1/11/2024 1:00,1,ภูชี้เดือน,19.882131,100.500142,16.3,80,0,Clear,1
3639,31/10/2024,1/11/2024 2:00,2,ภูชี้เดือน,19.882131,100.500142,15.5,85,0,Clear,0
3640,31/10/2024,1/11/2024 3:00,3,ภูชี้เดือน,19.882131,100.500142,15.7,82,0,Clear,0
3641,1/11/2024,1/11/2024 21:00,21,ภูชี้เดือน,19.882131,100.500142,17.3,83,0,Clear,0
3642,1/11/2024,1/11/2024 22:00,22,ภูชี้เดือน,19.882131,100.500142,17,83,0,Clear,0
3643,1/11/2024,1/11/2024 23:00,23,ภูชี้เดือน,19.882131,100.500142,17,80,0,Clear,1
3644,1/11/2024,2/11/2024 0:00,0,ภูชี้เดือน,19.882131,100.500142,16.3,84,0,Clear,0
3645,1/11/2024,2/11/2024 1:00,1,ภูชี้เดือน,19.882131,100.500142,16.3,82,0,Mainly Clear,0
3646,1/11/2024,2/11/2024 2:00,2,ภูชี้เดือน,19.882131,100.500142,17.1,75,0,Mainly Clear,1
3647,1/11/2024,2/11/2024 3:00,3,ภูชี้เดือน,19.882131,100.500142,14.6,87,0.2,Light Drizzle,0
3648,2/11/2024,2/11/2024 21:00,21,ภูชี้เดือน,19.882131,100.500142,15.8,68,0,Clear,1
3649,2/11/2024,2/11/2024 22:00,22,ภูชี้เดือน,19.882131,100.500142,14.8,73,0,Clear,1
3650,2/11/2024,2/11/2024 23:00,23,ภูชี้เดือน,19.882131,100.500142,14.5,72,0,Clear,1
3651,2/11/2024,3/11/2024 0:00,0,ภูชี้เดือน,19.882131,100.500142,14.2,70,0,Clear,1
3652,2/11/2024,3/11/2024 1:00,1,ภูชี้เดือน,19.882131,100.500142,16.2,52,0,Clear,1
3653,2/11/2024,3/11/2024 2:00,2,ภูชี้เดือน,19.882131,100.500142,15.5,54,0,Clear,1
3654,2/11/2024,3/11/2024 3:00,3,ภูชี้เดือน,19.882131,100.500142,13.9,63,0,Clear,1
3655,3/11/2024,3/11/2024 21:00,21,ภูชี้เดือน,19.882131,100.500142,15.1,67,0,Clear,1
3656,3/11/2024,3/11/2024 22:00,22,ภูชี้เดือน,19.882131,100.500142,14.5,68,0,Clear,1
3657,3/11/2024,3/11/2024 23:00,23,ภูชี้เดือน,19.882131,100.500142,16,54,0,Clear,1
3658,3/11/2024,4/11/2024 0:00,0,ภูชี้เดือน,19.882131,100.500142,16,52,0,Clear,1
3659,3/11/2024,4/11/2024 1:00,1,ภูชี้เดือน,19.882131,100.500142,14.1,63,0,Clear,1
3660,3/11/2024,4/11/2024 2:00,2,ภูชี้เดือน,19.882131,100.500142,12.9,71,0,Clear,1
3661,3/11/2024,4/11/2024 3:00,3,ภูชี้เดือน,19.882131,100.500142,14.8,56,0,Clear,1
3662,4/11/2024,4/11/2024 21:00,21,ภูชี้เดือน,19.882131,100.500142,15.7,75,0,Mainly Clear,1
3663,4/11/2024,4/11/2024 22:00,22,ภูชี้เดือน,19.882131,100.500142,15,79,0,Mainly Clear,1
3664,4/11/2024,4/11/2024 23:00,23,ภูชี้เดือน,19.882131,100.500142,14.9,79,0,Mainly Clear,1
3665,4/11/2024,5/11/2024 0:00,0,ภูชี้เดือน,19.882131,100.500142,14.5,78,0,Mainly Clear,1
3666,4/11/2024,5/11/2024 1:00,1,ภูชี้เดือน,19.882131,100.500142,13.7,85,0,Partly Cloudy,0
3667,4/11/2024,5/11/2024 2:00,2,ภูชี้เดือน,19.882131,100.500142,13.8,83,0,Overcast,0
3668,4/11/2024,5/11/2024 3:00,3,ภูชี้เดือน,19.882131,100.500142,14,83,0,Partly Cloudy,0
3669,5/11/2024,5/11/2024 21:00,21,ภูชี้เดือน,19.882131,100.500142,14,91,0,Mainly Clear,0
3670,5/11/2024,5/11/2024 22:00,22,ภูชี้เดือน,19.882131,100.500142,13.5,93,0.5,Drizzle,0
3671,5/11/2024,5/11/2024 23:00,23,ภูชี้เดือน,19.882131,100.500142,13.4,93,0.3,Light Drizzle,0
3672,5/11/2024,6/11/2024 0:00,0,ภูชี้เดือน,19.882131,100.500142,13.2,92,0.1,Light Drizzle,0
3673,5/11/2024,6/11/2024 1:00,1,ภูชี้เดือน,19.882131,100.500142,12.9,93,0,Mainly Clear,0
3674,5/11/2024,6/11/2024 2:00,2,ภูชี้เดือน,19.882131,100.500142,12.5,94,0,Mainly Clear,0
3675,5/11/2024,6/11/2024 3:00,3,ภูชี้เดือน,19.882131,100.500142,12.2,95,0,Mainly Clear,0
3676,6/11/2024,6/11/2024 21:00,21,ภูชี้เดือน,19.882131,100.500142,13,96,0,Overcast,0
3677,6/11/2024,6/11/2024 22:00,22,ภูชี้เดือน,19.882131,100.500142,13.3,97,0,Overcast,0
3678,6/11/2024,6/11/2024 23:00,23,ภูชี้เดือน,19.882131,100.500142,13.1,99,0.4,Light Drizzle,0
3679,6/11/2024,7/11/2024 0:00,0,ภูชี้เดือน,19.882131,100.500142,13.1,100,0.3,Light Drizzle,0
3680,6/11/2024,7/11/2024 1:00,1,ภูชี้เดือน,19.882131,100.500142,12.9,98,0.1,Light Drizzle,0
3681,6/11/2024,7/11/2024 2:00,2,ภูชี้เดือน,19.882131,100.500142,12.9,97,0.1,Light Drizzle,0
3682,6/11/2024,7/11/2024 3:00,3,ภูชี้เดือน,19.882131,100.500142,13,97,0,Overcast,0
3683,7/11/2024,7/11/2024 21:00,21,ภูชี้เดือน,19.882131,100.500142,13.7,95,0.2,Light Drizzle,0
3684,7/11/2024,7/11/2024 22:00,22,ภูชี้เดือน,19.882131,100.500142,13.5,95,0.1,Light Drizzle,0
3685,7/11/2024,7/11/2024 23:00,23,ภูชี้เดือน,19.882131,100.500142,13.4,95,0,Overcast,0
3686,7/11/2024,8/11/2024 0:00,0,ภูชี้เดือน,19.882131,100.500142,13.1,95,0,Overcast,0
3687,7/11/2024,8/11/2024 1:00,1,ภูชี้เดือน,19.882131,100.500142,12.4,96,0,Overcast,0
3688,7/11/2024,8/11/2024 2:00,2,ภูชี้เดือน,19.882131,100.500142,12.6,96,0,Overcast,0
3689,7/11/2024,8/11/2024 3:00,3,ภูชี้เดือน,19.882131,100.500142,12.6,96,0,Overcast,0
3690,8/11/2024,8/11/2024 21:00,21,ภูชี้เดือน,19.882131,100.500142,13,92,0.1,Light Drizzle,0
3691,8/11/2024,8/11/2024 22:00,22,ภูชี้เดือน,19.882131,100.500142,12.8,92,0,Overcast,0
3692,8/11/2024,8/11/2024 23:00,23,ภูชี้เดือน,19.882131,100.500142,12.5,93,0,Overcast,0
3693,8/11/2024,9/11/2024 0:00,0,ภูชี้เดือน,19.882131,100.500142,12.5,93,0,Mainly Clear,0
3694,8/11/2024,9/11/2024 1:00,1,ภูชี้เดือน,19.882131,100.500142,11.4,95,0,Overcast,0
3695,8/11/2024,9/11/2024 2:00,2,ภูชี้เดือน,19.882131,100.500142,11.9,94,0,Overcast,0
3696,8/11/2024,9/11/2024 3:00,3,ภูชี้เดือน,19.882131,100.500142,11.9,95,0,Overcast,0
3697,9/11/2024,9/11/2024 21:00,21,ภูชี้เดือน,19.882131,100.500142,14.5,80,0,Clear,1
3698,9/11/2024,9/11/2024 22:00,22,ภูชี้เดือน,19.882131,100.500142,14.2,80,0,Clear,1
3699,9/11/2024,9/11/2024 23:00,23,ภูชี้เดือน,19.882131,100.500142,14.1,79,0,Clear,1
3700,9/11/2024,10/11/2024 0:00,0,ภูชี้เดือน,19.882131,100.500142,13.8,80,0,Clear,1
3701,9/11/2024,10/11/2024 1:00,1,ภูชี้เดือน,19.882131,100.500142,13.5,82,0,Clear,0
3702,9/11/2024,10/11/2024 2:00,2,ภูชี้เดือน,19.882131,100.500142,13.1,84,0,Clear,0
3703,9/11/2024,10/11/2024 3:00,3,ภูชี้เดือน,19.882131,100.500142,12.9,85,0,Clear,0
3704,10/11/2024,10/11/2024 21:00,21,ภูชี้เดือน,19.882131,100.500142,15.4,80,0,Clear,1
3705,10/11/2024,10/11/2024 22:00,22,ภูชี้เดือน,19.882131,100.500142,14.9,80,0,Clear,1
3706,10/11/2024,10/11/2024 23:00,23,ภูชี้เดือน,19.882131,100.500142,14.2,84,0,Clear,0
3707,10/11/2024,11/11/2024 0:00,0,ภูชี้เดือน,19.882131,100.500142,13.7,85,0,Clear,0
3708,10/11/2024,11/11/2024 1:00,1,ภูชี้เดือน,19.882131,100.500142,13.8,84,0,Clear,0
3709,10/11/2024,11/11/2024 2:00,2,ภูชี้เดือน,19.882131,100.500142,13.4,85,0,Clear,0
3710,10/11/2024,11/11/2024 3:00,3,ภูชี้เดือน,19.882131,100.500142,15.3,74,0,Clear,1
3711,11/11/2024,11/11/2024 21:00,21,ภูชี้เดือน,19.882131,100.500142,15.9,85,0,Clear,0
3712,11/11/2024,11/11/2024 22:00,22,ภูชี้เดือน,19.882131,100.500142,15.6,84,0,Clear,0
3713,11/11/2024,11/11/2024 23:00,23,ภูชี้เดือน,19.882131,100.500142,15.2,84,0,Clear,1
3714,11/11/2024,12/11/2024 0:00,0,ภูชี้เดือน,19.882131,100.500142,14.6,84,0,Clear,0
3715,11/11/2024,12/11/2024 1:00,1,ภูชี้เดือน,19.882131,100.500142,14.5,83,0,Clear,0
3716,11/11/2024,12/11/2024 2:00,2,ภูชี้เดือน,19.882131,100.500142,14.2,83,0,Clear,0
3717,11/11/2024,12/11/2024 3:00,3,ภูชี้เดือน,19.882131,100.500142,13.6,86,0,Clear,0
3718,12/11/2024,12/11/2024 21:00,21,ภูชี้เดือน,19.882131,100.500142,15.5,90,0,Clear,0
3719,12/11/2024,12/11/2024 22:00,22,ภูชี้เดือน,19.882131,100.500142,15.6,87,0,Clear,0
3720,12/11/2024,12/11/2024 23:00,23,ภูชี้เดือน,19.882131,100.500142,15.5,85,0,Clear,1
3721,12/11/2024,13/11/2024 0:00,0,ภูชี้เดือน,19.882131,100.500142,15.7,83,0,Clear,0
3722,12/11/2024,13/11/2024 1:00,1,ภูชี้เดือน,19.882131,100.500142,15.5,83,0,Clear,0
3723,12/11/2024,13/11/2024 2:00,2,ภูชี้เดือน,19.882131,100.500142,15.2,84,0,Clear,0
3724,12/11/2024,13/11/2024 3:00,3,ภูชี้เดือน,19.882131,100.500142,14.9,85,0,Clear,0
3725,13/11/2024,13/11/2024 21:00,21,ภูชี้เดือน,19.882131,100.500142,16.8,90,0,Clear,0
3726,13/11/2024,13/11/2024 22:00,22,ภูชี้เดือน,19.882131,100.500142,16.6,88,0,Clear,0
3727,13/11/2024,13/11/2024 23:00,23,ภูชี้เดือน,19.882131,100.500142,16.5,87,0,Clear,0
3728,13/11/2024,14/11/2024 0:00,0,ภูชี้เดือน,19.882131,100.500142,16.2,87,0,Clear,0
3729,13/11/2024,14/11/2024 1:00,1,ภูชี้เดือน,19.882131,100.500142,15.8,87,0,Clear,0
3730,13/11/2024,14/11/2024 2:00,2,ภูชี้เดือน,19.882131,100.500142,15.6,87,0,Clear,0
3731,13/11/2024,14/11/2024 3:00,3,ภูชี้เดือน,19.882131,100.500142,15.4,87,0,Clear,0
3732,14/11/2024,14/11/2024 21:00,21,ภูชี้เดือน,19.882131,100.500142,16.5,89,0,Clear,0
3733,14/11/2024,14/11/2024 22:00,22,ภูชี้เดือน,19.882131,100.500142,16.2,88,0,Clear,0
3734,14/11/2024,14/11/2024 23:00,23,ภูชี้เดือน,19.882131,100.500142,15.8,86,0,Clear,0
3735,14/11/2024,15/11/2024 0:00,0,ภูชี้เดือน,19.882131,100.500142,15.7,84,0,Clear,0
3736,14/11/2024,15/11/2024 1:00,1,ภูชี้เดือน,19.882131,100.500142,15.5,83,0,Mainly Clear,0
3737,14/11/2024,15/11/2024 2:00,2,ภูชี้เดือน,19.882131,100.500142,15.2,83,0,Overcast,0
3738,14/11/2024,15/11/2024 3:00,3,ภูชี้เดือน,19.882131,100.500142,14.9,84,0,Partly Cloudy,0
3739,15/11/2024,15/11/2024 21:00,21,ภูชี้เดือน,19.882131,100.500142,14.8,68,0,Clear,1
3740,15/11/2024,15/11/2024 22:00,22,ภูชี้เดือน,19.882131,100.500142,14.6,64,0,Mainly Clear,1
3741,15/11/2024,15/11/2024 23:00,23,ภูชี้เดือน,19.882131,100.500142,14.7,59,0,Mainly Clear,1
3742,15/11/2024,16/11/2024 0:00,0,ภูชี้เดือน,19.882131,100.500142,14.6,59,0,Clear,1
3743,15/11/2024,16/11/2024 1:00,1,ภูชี้เดือน,19.882131,100.500142,14.4,60,0,Mainly Clear,1
3744,15/11/2024,16/11/2024 2:00,2,ภูชี้เดือน,19.882131,100.500142,13.6,63,0,Mainly Clear,1
3745,15/11/2024,16/11/2024 3:00,3,ภูชี้เดือน,19.882131,100.500142,13,65,0,Clear,1
3746,16/11/2024,16/11/2024 21:00,21,ภูชี้เดือน,19.882131,100.500142,14.9,68,0,Clear,1
3747,16/11/2024,16/11/2024 22:00,22,ภูชี้เดือน,19.882131,100.500142,15.1,64,0,Clear,1
3748,16/11/2024,16/11/2024 23:00,23,ภูชี้เดือน,19.882131,100.500142,14.9,61,0,Clear,1
3749,16/11/2024,17/11/2024 0:00,0,ภูชี้เดือน,19.882131,100.500142,14.5,60,0,Clear,1
3750,16/11/2024,17/11/2024 1:00,1,ภูชี้เดือน,19.882131,100.500142,14.1,60,0,Clear,1
3751,16/11/2024,17/11/2024 2:00,2,ภูชี้เดือน,19.882131,100.500142,13.7,61,0,Clear,1
3752,16/11/2024,17/11/2024 3:00,3,ภูชี้เดือน,19.882131,100.500142,13.6,63,0,Clear,1
3753,17/11/2024,17/11/2024 21:00,21,ภูชี้เดือน,19.882131,100.500142,16.3,77,0,Clear,1
3754,17/11/2024,17/11/2024 22:00,22,ภูชี้เดือน,19.882131,100.500142,16,77,0,Mainly Clear,1
3755,17/11/2024,17/11/2024 23:00,23,ภูชี้เดือน,19.882131,100.500142,15.5,79,0,Overcast,0
3756,17/11/2024,18/11/2024 0:00,0,ภูชี้เดือน,19.882131,100.500142,14.7,83,0,Overcast,0
3757,17/11/2024,18/11/2024 1:00,1,ภูชี้เดือน,19.882131,100.500142,14.1,85,0,Mainly Clear,1
3758,17/11/2024,18/11/2024 2:00,2,ภูชี้เดือน,19.882131,100.500142,14,85,0,Mainly Clear,0
3759,17/11/2024,18/11/2024 3:00,3,ภูชี้เดือน,19.882131,100.500142,14.3,82,0,Partly Cloudy,0
3760,18/11/2024,18/11/2024 21:00,21,ภูชี้เดือน,19.882131,100.500142,14.5,81,0,Clear,0
3761,18/11/2024,18/11/2024 22:00,22,ภูชี้เดือน,19.882131,100.500142,13.8,84,0,Clear,0
3762,18/11/2024,18/11/2024 23:00,23,ภูชี้เดือน,19.882131,100.500142,13.3,86,0,Clear,0
3763,18/11/2024,19/11/2024 0:00,0,ภูชี้เดือน,19.882131,100.500142,13,86,0,Clear,1
3764,18/11/2024,19/11/2024 1:00,1,ภูชี้เดือน,19.882131,100.500142,12.8,86,0,Clear,0
3765,18/11/2024,19/11/2024 2:00,2,ภูชี้เดือน,19.882131,100.500142,12.7,87,0,Clear,0
3766,18/11/2024,19/11/2024 3:00,3,ภูชี้เดือน,19.882131,100.500142,12.7,86,0,Clear,0
3767,19/11/2024,19/11/2024 21:00,21,ภูชี้เดือน,19.882131,100.500142,15.9,68,0,Clear,1
3768,19/11/2024,19/11/2024 22:00,22,ภูชี้เดือน,19.882131,100.500142,15.4,70,0,Clear,1
3769,19/11/2024,19/11/2024 23:00,23,ภูชี้เดือน,19.882131,100.500142,14.7,72,0,Clear,1
3770,19/11/2024,20/11/2024 0:00,0,ภูชี้เดือน,19.882131,100.500142,13.9,76,0,Clear,1
3771,19/11/2024,20/11/2024 1:00,1,ภูชี้เดือน,19.882131,100.500142,13.5,77,0,Clear,1
3772,19/11/2024,20/11/2024 2:00,2,ภูชี้เดือน,19.882131,100.500142,13,79,0,Clear,1
3773,19/11/2024,20/11/2024 3:00,3,ภูชี้เดือน,19.882131,100.500142,13,79,0,Clear,1
3774,20/11/2024,20/11/2024 21:00,21,ภูชี้เดือน,19.882131,100.500142,14.7,79,0,Clear,1
3775,20/11/2024,20/11/2024 22:00,22,ภูชี้เดือน,19.882131,100.500142,14.6,78,0,Clear,1
3776,20/11/2024,20/11/2024 23:00,23,ภูชี้เดือน,19.882131,100.500142,14.1,79,0,Clear,1
3777,20/11/2024,21/11/2024 0:00,0,ภูชี้เดือน,19.882131,100.500142,13.8,79,0,Clear,1
3778,20/11/2024,21/11/2024 1:00,1,ภูชี้เดือน,19.882131,100.500142,13.5,80,0,Clear,1
3779,20/11/2024,21/11/2024 2:00,2,ภูชี้เดือน,19.882131,100.500142,12.7,85,0,Partly Cloudy,0
3780,20/11/2024,21/11/2024 3:00,3,ภูชี้เดือน,19.882131,100.500142,12.6,86,0,Mainly Clear,0
3781,21/11/2024,21/11/2024 21:00,21,ภูชี้เดือน,19.882131,100.500142,14.6,86,0,Clear,0
3782,21/11/2024,21/11/2024 22:00,22,ภูชี้เดือน,19.882131,100.500142,14.1,87,0,Clear,0
3783,21/11/2024,21/11/2024 23:00,23,ภูชี้เดือน,19.882131,100.500142,13.4,90,0,Clear,0
3784,21/11/2024,22/11/2024 0:00,0,ภูชี้เดือน,19.882131,100.500142,13.1,90,0,Clear,0
3785,21/11/2024,22/11/2024 1:00,1,ภูชี้เดือน,19.882131,100.500142,12.8,89,0,Clear,0
3786,21/11/2024,22/11/2024 2:00,2,ภูชี้เดือน,19.882131,100.500142,12.5,90,0,Mainly Clear,0
3787,21/11/2024,22/11/2024 3:00,3,ภูชี้เดือน,19.882131,100.500142,12,92,0,Mainly Clear,0
3788,22/11/2024,22/11/2024 21:00,21,ภูชี้เดือน,19.882131,100.500142,14.9,72,0,Clear,1
3789,22/11/2024,22/11/2024 22:00,22,ภูชี้เดือน,19.882131,100.500142,14.3,75,0,Clear,1
3790,22/11/2024,22/11/2024 23:00,23,ภูชี้เดือน,19.882131,100.500142,13.6,79,0,Mainly Clear,1
3791,22/11/2024,23/11/2024 0:00,0,ภูชี้เดือน,19.882131,100.500142,13.1,81,0,Mainly Clear,0
3792,22/11/2024,23/11/2024 1:00,1,ภูชี้เดือน,19.882131,100.500142,12.7,84,0.1,Light Drizzle,0
3793,22/11/2024,23/11/2024 2:00,2,ภูชี้เดือน,19.882131,100.500142,12.3,84,0,Mainly Clear,0
3794,22/11/2024,23/11/2024 3:00,3,ภูชี้เดือน,19.882131,100.500142,12.1,85,0,Clear,0
3795,23/11/2024,23/11/2024 21:00,21,ภูชี้เดือน,19.882131,100.500142,14,84,0,Clear,0
3796,23/11/2024,23/11/2024 22:00,22,ภูชี้เดือน,19.882131,100.500142,14,83,0,Clear,0
3797,23/11/2024,23/11/2024 23:00,23,ภูชี้เดือน,19.882131,100.500142,13.6,84,0,Clear,0
3798,23/11/2024,24/11/2024 0:00,0,ภูชี้เดือน,19.882131,100.500142,13.4,85,0,Clear,0
3799,23/11/2024,24/11/2024 1:00,1,ภูชี้เดือน,19.882131,100.500142,13.1,85,0,Clear,0
3800,23/11/2024,24/11/2024 2:00,2,ภูชี้เดือน,19.882131,100.500142,12.8,86,0,Clear,0
3801,23/11/2024,24/11/2024 3:00,3,ภูชี้เดือน,19.882131,100.500142,12.7,86,0,Clear,0
3802,24/11/2024,24/11/2024 21:00,21,ภูชี้เดือน,19.882131,100.500142,15.2,85,0,Clear,0
3803,24/11/2024,24/11/2024 22:00,22,ภูชี้เดือน,19.882131,100.500142,15.1,83,0,Mainly Clear,0
3804,24/11/2024,24/11/2024 23:00,23,ภูชี้เดือน,19.882131,100.500142,14.7,82,0,Clear,0
3805,24/11/2024,25/11/2024 0:00,0,ภูชี้เดือน,19.882131,100.500142,14.3,82,0,Clear,0
3806,24/11/2024,25/11/2024 1:00,1,ภูชี้เดือน,19.882131,100.500142,14,83,0,Clear,0
3807,24/11/2024,25/11/2024 2:00,2,ภูชี้เดือน,19.882131,100.500142,13.7,84,0,Overcast,0
3808,24/11/2024,25/11/2024 3:00,3,ภูชี้เดือน,19.882131,100.500142,13.2,85,0,Overcast,0
3809,25/11/2024,25/11/2024 21:00,21,ภูชี้เดือน,19.882131,100.500142,16,81,0,Overcast,0
3810,25/11/2024,25/11/2024 22:00,22,ภูชี้เดือน,19.882131,100.500142,15.7,80,0,Clear,1
3811,25/11/2024,25/11/2024 23:00,23,ภูชี้เดือน,19.882131,100.500142,15.3,80,0,Clear,1
3812,25/11/2024,26/11/2024 0:00,0,ภูชี้เดือน,19.882131,100.500142,14.8,80,0,Clear,1
3813,25/11/2024,26/11/2024 1:00,1,ภูชี้เดือน,19.882131,100.500142,14.4,80,0,Mainly Clear,0
3814,25/11/2024,26/11/2024 2:00,2,ภูชี้เดือน,19.882131,100.500142,14.3,81,0,Mainly Clear,0
3815,25/11/2024,26/11/2024 3:00,3,ภูชี้เดือน,19.882131,100.500142,13.7,83,0,Overcast,0
3816,26/11/2024,26/11/2024 21:00,21,ภูชี้เดือน,19.882131,100.500142,14.7,92,0,Overcast,0
3817,26/11/2024,26/11/2024 22:00,22,ภูชี้เดือน,19.882131,100.500142,14.5,91,0,Partly Cloudy,0
3818,26/11/2024,26/11/2024 23:00,23,ภูชี้เดือน,19.882131,100.500142,13.7,95,0,Overcast,0
3819,26/11/2024,27/11/2024 0:00,0,ภูชี้เดือน,19.882131,100.500142,13.5,92,0.2,Light Drizzle,0
3820,26/11/2024,27/11/2024 1:00,1,ภูชี้เดือน,19.882131,100.500142,12.9,94,0,Overcast,0
3821,26/11/2024,27/11/2024 2:00,2,ภูชี้เดือน,19.882131,100.500142,13.2,92,0,Overcast,0
3822,26/11/2024,27/11/2024 3:00,3,ภูชี้เดือน,19.882131,100.500142,12.9,92,0,Overcast,0
3823,27/11/2024,27/11/2024 21:00,21,ภูชี้เดือน,19.882131,100.500142,15,92,0.2,Light Drizzle,0
3824,27/11/2024,27/11/2024 22:00,22,ภูชี้เดือน,19.882131,100.500142,14,95,0.4,Light Drizzle,0
3825,27/11/2024,27/11/2024 23:00,23,ภูชี้เดือน,19.882131,100.500142,13.6,99,0.1,Light Drizzle,0
3826,27/11/2024,28/11/2024 0:00,0,ภูชี้เดือน,19.882131,100.500142,12.8,99,1.2,Heavy Drizzle,0
3827,27/11/2024,28/11/2024 1:00,1,ภูชี้เดือน,19.882131,100.500142,12.8,99,0.2,Light Drizzle,0
3828,27/11/2024,28/11/2024 2:00,2,ภูชี้เดือน,19.882131,100.500142,12.8,99,0,Overcast,0
3829,27/11/2024,28/11/2024 3:00,3,ภูชี้เดือน,19.882131,100.500142,12.7,99,0,Overcast,0
3830,28/11/2024,28/11/2024 21:00,21,ภูชี้เดือน,19.882131,100.500142,14.8,83,0,Partly Cloudy,0
3831,28/11/2024,28/11/2024 22:00,22,ภูชี้เดือน,19.882131,100.500142,13.9,84,0,Partly Cloudy,0
3832,28/11/2024,28/11/2024 23:00,23,ภูชี้เดือน,19.882131,100.500142,13.4,83,0,Partly Cloudy,0
3833,28/11/2024,29/11/2024 0:00,0,ภูชี้เดือน,19.882131,100.500142,12.8,85,0,Mainly Clear,0
3834,28/11/2024,29/11/2024 1:00,1,ภูชี้เดือน,19.882131,100.500142,12.4,82,0,Overcast,0
3835,28/11/2024,29/11/2024 2:00,2,ภูชี้เดือน,19.882131,100.500142,12.2,84,0,Overcast,0
3836,28/11/2024,29/11/2024 3:00,3,ภูชี้เดือน,19.882131,100.500142,12,83,0,Overcast,0
3837,29/11/2024,29/11/2024 21:00,21,ภูชี้เดือน,19.882131,100.500142,13,75,0,Mainly Clear,1
3838,29/11/2024,29/11/2024 22:00,22,ภูชี้เดือน,19.882131,100.500142,12.3,76,0,Overcast,0
3839,29/11/2024,29/11/2024 23:00,23,ภูชี้เดือน,19.882131,100.500142,12.7,76,0,Overcast,0
3840,29/11/2024,30/11/2024 0:00,0,ภูชี้เดือน,19.882131,100.500142,12.7,76,0,Overcast,0
3841,29/11/2024,30/11/2024 1:00,1,ภูชี้เดือน,19.882131,100.500142,12.2,78,0,Overcast,0
3842,29/11/2024,30/11/2024 2:00,2,ภูชี้เดือน,19.882131,100.500142,11.7,81,0,Overcast,0
3843,29/11/2024,30/11/2024 3:00,3,ภูชี้เดือน,19.882131,100.500142,11.2,83,0,Mainly Clear,0
3844,30/11/2024,30/11/2024 21:00,21,ภูชี้เดือน,19.882131,100.500142,12.8,81,0,Clear,0
3845,30/11/2024,30/11/2024 22:00,22,ภูชี้เดือน,19.882131,100.500142,12.6,80,0,Clear,1
3846,30/11/2024,30/11/2024 23:00,23,ภูชี้เดือน,19.882131,100.500142,12.3,80,0,Clear,1
3847,30/11/2024,1/12/2024 0:00,0,ภูชี้เดือน,19.882131,100.500142,12.1,79,0,Mainly Clear,1
3848,30/11/2024,1/12/2024 1:00,1,ภูชี้เดือน,19.882131,100.500142,11.8,79,0,Partly Cloudy,1
3849,30/11/2024,1/12/2024 2:00,2,ภูชี้เดือน,19.882131,100.500142,11.5,79,0,Partly Cloudy,1
3850,30/11/2024,1/12/2024 3:00,3,ภูชี้เดือน,19.882131,100.500142,11.3,80,0,Partly Cloudy,0
3851,1/3/2024,1/3/2024 21:00,21,ภูชี้ดาว,19.869002,100.486419,19.3,56,0,Clear,1
3852,1/3/2024,1/3/2024 22:00,22,ภูชี้ดาว,19.869002,100.486419,19.4,51,0,Clear,1
3853,1/3/2024,1/3/2024 23:00,23,ภูชี้ดาว,19.869002,100.486419,17.9,61,0,Clear,1
3854,1/3/2024,2/3/2024 0:00,0,ภูชี้ดาว,19.869002,100.486419,17.7,65,0,Clear,1
3855,1/3/2024,2/3/2024 1:00,1,ภูชี้ดาว,19.869002,100.486419,17.2,74,0,Clear,1
3856,1/3/2024,2/3/2024 2:00,2,ภูชี้ดาว,19.869002,100.486419,16.6,82,0,Clear,0
3857,1/3/2024,2/3/2024 3:00,3,ภูชี้ดาว,19.869002,100.486419,16.6,83,0,Clear,0
3858,2/3/2024,2/3/2024 21:00,21,ภูชี้ดาว,19.869002,100.486419,18.7,72,0,Clear,1
3859,2/3/2024,2/3/2024 22:00,22,ภูชี้ดาว,19.869002,100.486419,17.8,77,0,Clear,1
3860,2/3/2024,2/3/2024 23:00,23,ภูชี้ดาว,19.869002,100.486419,17.8,73,0,Clear,1
3861,2/3/2024,3/3/2024 0:00,0,ภูชี้ดาว,19.869002,100.486419,17.8,73,0,Clear,1
3862,2/3/2024,3/3/2024 1:00,1,ภูชี้ดาว,19.869002,100.486419,17.3,75,0,Clear,1
3863,2/3/2024,3/3/2024 2:00,2,ภูชี้ดาว,19.869002,100.486419,16.8,77,0,Clear,1
3864,2/3/2024,3/3/2024 3:00,3,ภูชี้ดาว,19.869002,100.486419,16.2,80,0,Clear,1
3865,3/3/2024,3/3/2024 21:00,21,ภูชี้ดาว,19.869002,100.486419,20.7,49,0,Mainly Clear,1
3866,3/3/2024,3/3/2024 22:00,22,ภูชี้ดาว,19.869002,100.486419,20.4,46,0,Mainly Clear,1
3867,3/3/2024,3/3/2024 23:00,23,ภูชี้ดาว,19.869002,100.486419,19.8,52,0,Partly Cloudy,1
3868,3/3/2024,4/3/2024 0:00,0,ภูชี้ดาว,19.869002,100.486419,18.5,67,0,Clear,1
3869,3/3/2024,4/3/2024 1:00,1,ภูชี้ดาว,19.869002,100.486419,17.6,76,0,Clear,1
3870,3/3/2024,4/3/2024 2:00,2,ภูชี้ดาว,19.869002,100.486419,17,80,0,Partly Cloudy,1
3871,3/3/2024,4/3/2024 3:00,3,ภูชี้ดาว,19.869002,100.486419,16.6,82,0,Clear,0
3872,4/3/2024,4/3/2024 21:00,21,ภูชี้ดาว,19.869002,100.486419,19.8,43,0,Clear,1
3873,4/3/2024,4/3/2024 22:00,22,ภูชี้ดาว,19.869002,100.486419,19.5,43,0,Clear,1
3874,4/3/2024,4/3/2024 23:00,23,ภูชี้ดาว,19.869002,100.486419,19.4,43,0,Clear,1
3875,4/3/2024,5/3/2024 0:00,0,ภูชี้ดาว,19.869002,100.486419,19.4,42,0,Clear,1
3876,4/3/2024,5/3/2024 1:00,1,ภูชี้ดาว,19.869002,100.486419,19.5,42,0,Clear,1
3877,4/3/2024,5/3/2024 2:00,2,ภูชี้ดาว,19.869002,100.486419,19.1,43,0,Clear,1
3878,4/3/2024,5/3/2024 3:00,3,ภูชี้ดาว,19.869002,100.486419,18.5,45,0,Clear,1
3879,5/3/2024,5/3/2024 21:00,21,ภูชี้ดาว,19.869002,100.486419,19.8,45,0,Clear,1
3880,5/3/2024,5/3/2024 22:00,22,ภูชี้ดาว,19.869002,100.486419,20,43,0,Clear,1
3881,5/3/2024,5/3/2024 23:00,23,ภูชี้ดาว,19.869002,100.486419,20,43,0,Clear,1
3882,5/3/2024,6/3/2024 0:00,0,ภูชี้ดาว,19.869002,100.486419,19.9,43,0,Clear,1
3883,5/3/2024,6/3/2024 1:00,1,ภูชี้ดาว,19.869002,100.486419,19.7,41,0,Clear,1
3884,5/3/2024,6/3/2024 2:00,2,ภูชี้ดาว,19.869002,100.486419,19.7,40,0,Clear,1
3885,5/3/2024,6/3/2024 3:00,3,ภูชี้ดาว,19.869002,100.486419,19.3,38,0,Clear,1
3886,6/3/2024,6/3/2024 21:00,21,ภูชี้ดาว,19.869002,100.486419,19.3,48,0,Clear,1
3887,6/3/2024,6/3/2024 22:00,22,ภูชี้ดาว,19.869002,100.486419,19.3,44,0,Clear,1
3888,6/3/2024,6/3/2024 23:00,23,ภูชี้ดาว,19.869002,100.486419,19.5,41,0,Clear,1
3889,6/3/2024,7/3/2024 0:00,0,ภูชี้ดาว,19.869002,100.486419,18.4,45,0,Clear,1
3890,6/3/2024,7/3/2024 1:00,1,ภูชี้ดาว,19.869002,100.486419,17.4,51,0,Clear,1
3891,6/3/2024,7/3/2024 2:00,2,ภูชี้ดาว,19.869002,100.486419,18.2,44,0,Mainly Clear,1
3892,6/3/2024,7/3/2024 3:00,3,ภูชี้ดาว,19.869002,100.486419,16.6,53,0,Mainly Clear,1
3893,7/3/2024,7/3/2024 21:00,21,ภูชี้ดาว,19.869002,100.486419,20.7,52,0,Clear,1
3894,7/3/2024,7/3/2024 22:00,22,ภูชี้ดาว,19.869002,100.486419,20.4,54,0,Clear,1
3895,7/3/2024,7/3/2024 23:00,23,ภูชี้ดาว,19.869002,100.486419,19.9,57,0,Clear,1
3896,7/3/2024,8/3/2024 0:00,0,ภูชี้ดาว,19.869002,100.486419,19.7,58,0,Clear,1
3897,7/3/2024,8/3/2024 1:00,1,ภูชี้ดาว,19.869002,100.486419,18,67,0,Clear,1
3898,7/3/2024,8/3/2024 2:00,2,ภูชี้ดาว,19.869002,100.486419,17.8,67,0,Clear,1
3899,7/3/2024,8/3/2024 3:00,3,ภูชี้ดาว,19.869002,100.486419,17.5,66,0,Clear,1
3900,8/3/2024,8/3/2024 21:00,21,ภูชี้ดาว,19.869002,100.486419,20.4,61,0,Mainly Clear,1
3901,8/3/2024,8/3/2024 22:00,22,ภูชี้ดาว,19.869002,100.486419,19.8,63,0,Clear,1
3902,8/3/2024,8/3/2024 23:00,23,ภูชี้ดาว,19.869002,100.486419,19.2,69,0,Mainly Clear,1
3903,8/3/2024,9/3/2024 0:00,0,ภูชี้ดาว,19.869002,100.486419,18.4,74,0,Clear,1
3904,8/3/2024,9/3/2024 1:00,1,ภูชี้ดาว,19.869002,100.486419,18.5,72,0,Partly Cloudy,1
3905,8/3/2024,9/3/2024 2:00,2,ภูชี้ดาว,19.869002,100.486419,18.6,72,0,Clear,1
3906,8/3/2024,9/3/2024 3:00,3,ภูชี้ดาว,19.869002,100.486419,17.7,77,0,Clear,1
3907,9/3/2024,9/3/2024 21:00,21,ภูชี้ดาว,19.869002,100.486419,21.6,40,0,Clear,1
3908,9/3/2024,9/3/2024 22:00,22,ภูชี้ดาว,19.869002,100.486419,20.3,43,0,Clear,1
3909,9/3/2024,9/3/2024 23:00,23,ภูชี้ดาว,19.869002,100.486419,18.8,54,0,Clear,1
3910,9/3/2024,10/3/2024 0:00,0,ภูชี้ดาว,19.869002,100.486419,18.3,62,0,Clear,1
3911,9/3/2024,10/3/2024 1:00,1,ภูชี้ดาว,19.869002,100.486419,17.7,71,0,Clear,1
3912,9/3/2024,10/3/2024 2:00,2,ภูชี้ดาว,19.869002,100.486419,17.3,77,0,Clear,1
3913,9/3/2024,10/3/2024 3:00,3,ภูชี้ดาว,19.869002,100.486419,17.2,80,0,Clear,1
3914,10/3/2024,10/3/2024 21:00,21,ภูชี้ดาว,19.869002,100.486419,22.3,41,0,Overcast,0
3915,10/3/2024,10/3/2024 22:00,22,ภูชี้ดาว,19.869002,100.486419,21.7,43,0,Clear,1
3916,10/3/2024,10/3/2024 23:00,23,ภูชี้ดาว,19.869002,100.486419,20.6,47,0,Clear,1
3917,10/3/2024,11/3/2024 0:00,0,ภูชี้ดาว,19.869002,100.486419,19.8,49,0,Clear,1
3918,10/3/2024,11/3/2024 1:00,1,ภูชี้ดาว,19.869002,100.486419,18.7,54,0,Partly Cloudy,1
3919,10/3/2024,11/3/2024 2:00,2,ภูชี้ดาว,19.869002,100.486419,18.7,52,0,Partly Cloudy,1
3920,10/3/2024,11/3/2024 3:00,3,ภูชี้ดาว,19.869002,100.486419,18.5,53,0,Partly Cloudy,1
3921,11/3/2024,11/3/2024 21:00,21,ภูชี้ดาว,19.869002,100.486419,20.1,54,0,Mainly Clear,1
3922,11/3/2024,11/3/2024 22:00,22,ภูชี้ดาว,19.869002,100.486419,19.3,54,0,Partly Cloudy,1
3923,11/3/2024,11/3/2024 23:00,23,ภูชี้ดาว,19.869002,100.486419,18.9,59,0,Partly Cloudy,1
3924,11/3/2024,12/3/2024 0:00,0,ภูชี้ดาว,19.869002,100.486419,18.6,61,0,Partly Cloudy,1
3925,11/3/2024,12/3/2024 1:00,1,ภูชี้ดาว,19.869002,100.486419,18.7,59,0,Overcast,0
3926,11/3/2024,12/3/2024 2:00,2,ภูชี้ดาว,19.869002,100.486419,18.1,62,0,Overcast,0
3927,11/3/2024,12/3/2024 3:00,3,ภูชี้ดาว,19.869002,100.486419,17.2,70,0,Overcast,0
3928,12/3/2024,12/3/2024 21:00,21,ภูชี้ดาว,19.869002,100.486419,19.4,73,0,Clear,1
3929,12/3/2024,12/3/2024 22:00,22,ภูชี้ดาว,19.869002,100.486419,18.5,78,0,Mainly Clear,1
3930,12/3/2024,12/3/2024 23:00,23,ภูชี้ดาว,19.869002,100.486419,17.9,82,0,Clear,0
3931,12/3/2024,13/3/2024 0:00,0,ภูชี้ดาว,19.869002,100.486419,18.2,80,0,Clear,1
3932,12/3/2024,13/3/2024 1:00,1,ภูชี้ดาว,19.869002,100.486419,17.9,83,0,Mainly Clear,0
3933,12/3/2024,13/3/2024 2:00,2,ภูชี้ดาว,19.869002,100.486419,17.3,87,0,Clear,0
3934,12/3/2024,13/3/2024 3:00,3,ภูชี้ดาว,19.869002,100.486419,16.6,91,0,Clear,0
3935,13/3/2024,13/3/2024 21:00,21,ภูชี้ดาว,19.869002,100.486419,19.9,49,0,Clear,1
3936,13/3/2024,13/3/2024 22:00,22,ภูชี้ดาว,19.869002,100.486419,19.5,48,0,Clear,1
3937,13/3/2024,13/3/2024 23:00,23,ภูชี้ดาว,19.869002,100.486419,19.9,46,0,Clear,1
3938,13/3/2024,14/3/2024 0:00,0,ภูชี้ดาว,19.869002,100.486419,19.4,51,0,Clear,1
3939,13/3/2024,14/3/2024 1:00,1,ภูชี้ดาว,19.869002,100.486419,18.4,56,0,Clear,1
3940,13/3/2024,14/3/2024 2:00,2,ภูชี้ดาว,19.869002,100.486419,17.5,60,0,Clear,1
3941,13/3/2024,14/3/2024 3:00,3,ภูชี้ดาว,19.869002,100.486419,17.1,61,0,Clear,1
3942,14/3/2024,14/3/2024 21:00,21,ภูชี้ดาว,19.869002,100.486419,19.6,43,0,Clear,1
3943,14/3/2024,14/3/2024 22:00,22,ภูชี้ดาว,19.869002,100.486419,19.5,41,0,Clear,1
3944,14/3/2024,14/3/2024 23:00,23,ภูชี้ดาว,19.869002,100.486419,19,42,0,Clear,1
3945,14/3/2024,15/3/2024 0:00,0,ภูชี้ดาว,19.869002,100.486419,18,45,0,Clear,1
3946,14/3/2024,15/3/2024 1:00,1,ภูชี้ดาว,19.869002,100.486419,17.6,44,0,Mainly Clear,1
3947,14/3/2024,15/3/2024 2:00,2,ภูชี้ดาว,19.869002,100.486419,17,46,0,Clear,1
3948,14/3/2024,15/3/2024 3:00,3,ภูชี้ดาว,19.869002,100.486419,16.4,48,0,Clear,1
3949,15/3/2024,15/3/2024 21:00,21,ภูชี้ดาว,19.869002,100.486419,19.8,49,0,Clear,1
3950,15/3/2024,15/3/2024 22:00,22,ภูชี้ดาว,19.869002,100.486419,19.4,49,0,Clear,1
3951,15/3/2024,15/3/2024 23:00,23,ภูชี้ดาว,19.869002,100.486419,19,50,0,Clear,1
3952,15/3/2024,16/3/2024 0:00,0,ภูชี้ดาว,19.869002,100.486419,18.7,52,0,Clear,1
3953,15/3/2024,16/3/2024 1:00,1,ภูชี้ดาว,19.869002,100.486419,18.2,52,0,Clear,1
3954,15/3/2024,16/3/2024 2:00,2,ภูชี้ดาว,19.869002,100.486419,17.3,56,0,Clear,1
3955,15/3/2024,16/3/2024 3:00,3,ภูชี้ดาว,19.869002,100.486419,17.2,54,0,Clear,1
3956,16/3/2024,16/3/2024 21:00,21,ภูชี้ดาว,19.869002,100.486419,20.5,60,0,Clear,1
3957,16/3/2024,16/3/2024 22:00,22,ภูชี้ดาว,19.869002,100.486419,20.2,59,0,Clear,1
3958,16/3/2024,16/3/2024 23:00,23,ภูชี้ดาว,19.869002,100.486419,20,57,0,Clear,1
3959,16/3/2024,17/3/2024 0:00,0,ภูชี้ดาว,19.869002,100.486419,19.8,54,0,Clear,1
3960,16/3/2024,17/3/2024 1:00,1,ภูชี้ดาว,19.869002,100.486419,19.5,52,0,Clear,1
3961,16/3/2024,17/3/2024 2:00,2,ภูชี้ดาว,19.869002,100.486419,19.4,50,0,Clear,1
3962,16/3/2024,17/3/2024 3:00,3,ภูชี้ดาว,19.869002,100.486419,18.8,59,0,Clear,1
3963,17/3/2024,17/3/2024 21:00,21,ภูชี้ดาว,19.869002,100.486419,21.8,55,0,Clear,1
3964,17/3/2024,17/3/2024 22:00,22,ภูชี้ดาว,19.869002,100.486419,20.9,62,0,Mainly Clear,1
3965,17/3/2024,17/3/2024 23:00,23,ภูชี้ดาว,19.869002,100.486419,21,62,0,Partly Cloudy,1
3966,17/3/2024,18/3/2024 0:00,0,ภูชี้ดาว,19.869002,100.486419,20.3,67,0,Mainly Clear,1
3967,17/3/2024,18/3/2024 1:00,1,ภูชี้ดาว,19.869002,100.486419,19.6,63,0,Partly Cloudy,1
3968,17/3/2024,18/3/2024 2:00,2,ภูชี้ดาว,19.869002,100.486419,18.7,67,0,Overcast,0
3969,17/3/2024,18/3/2024 3:00,3,ภูชี้ดาว,19.869002,100.486419,18.1,73,0,Overcast,0
3970,18/3/2024,18/3/2024 21:00,21,ภูชี้ดาว,19.869002,100.486419,20.8,48,0,Mainly Clear,1
3971,18/3/2024,18/3/2024 22:00,22,ภูชี้ดาว,19.869002,100.486419,19.7,56,0,Mainly Clear,1
3972,18/3/2024,18/3/2024 23:00,23,ภูชี้ดาว,19.869002,100.486419,20.2,51,0,Clear,1
3973,18/3/2024,19/3/2024 0:00,0,ภูชี้ดาว,19.869002,100.486419,18.7,60,0,Clear,1
3974,18/3/2024,19/3/2024 1:00,1,ภูชี้ดาว,19.869002,100.486419,18.5,60,0,Clear,1
3975,18/3/2024,19/3/2024 2:00,2,ภูชี้ดาว,19.869002,100.486419,18.7,62,0,Clear,1
3976,18/3/2024,19/3/2024 3:00,3,ภูชี้ดาว,19.869002,100.486419,19.8,54,0,Clear,1
3977,19/3/2024,19/3/2024 21:00,21,ภูชี้ดาว,19.869002,100.486419,20,69,0,Mainly Clear,1
3978,19/3/2024,19/3/2024 22:00,22,ภูชี้ดาว,19.869002,100.486419,18.8,76,0,Mainly Clear,1
3979,19/3/2024,19/3/2024 23:00,23,ภูชี้ดาว,19.869002,100.486419,18,84,0,Mainly Clear,0
3980,19/3/2024,20/3/2024 0:00,0,ภูชี้ดาว,19.869002,100.486419,17.5,90,0,Overcast,0
3981,19/3/2024,20/3/2024 1:00,1,ภูชี้ดาว,19.869002,100.486419,17.5,92,0,Overcast,0
3982,19/3/2024,20/3/2024 2:00,2,ภูชี้ดาว,19.869002,100.486419,17.2,91,0,Partly Cloudy,0
3983,19/3/2024,20/3/2024 3:00,3,ภูชี้ดาว,19.869002,100.486419,16.2,96,1.2,Heavy Drizzle,0
3984,20/3/2024,20/3/2024 21:00,21,ภูชี้ดาว,19.869002,100.486419,17.5,94,0,Clear,0
3985,20/3/2024,20/3/2024 22:00,22,ภูชี้ดาว,19.869002,100.486419,17.3,96,0,Mainly Clear,0
3986,20/3/2024,20/3/2024 23:00,23,ภูชี้ดาว,19.869002,100.486419,16.9,98,0,Mainly Clear,0
3987,20/3/2024,21/3/2024 0:00,0,ภูชี้ดาว,19.869002,100.486419,16.6,99,0,Overcast,0
3988,20/3/2024,21/3/2024 1:00,1,ภูชี้ดาว,19.869002,100.486419,15.4,100,0,Overcast,0
3989,20/3/2024,21/3/2024 2:00,2,ภูชี้ดาว,19.869002,100.486419,15.2,99,0,Overcast,0
3990,20/3/2024,21/3/2024 3:00,3,ภูชี้ดาว,19.869002,100.486419,15.1,99,0,Overcast,0
3991,21/3/2024,21/3/2024 21:00,21,ภูชี้ดาว,19.869002,100.486419,20.1,71,0,Clear,1
3992,21/3/2024,21/3/2024 22:00,22,ภูชี้ดาว,19.869002,100.486419,19.6,65,0,Mainly Clear,1
3993,21/3/2024,21/3/2024 23:00,23,ภูชี้ดาว,19.869002,100.486419,19.2,67,0,Partly Cloudy,1
3994,21/3/2024,22/3/2024 0:00,0,ภูชี้ดาว,19.869002,100.486419,18.7,69,0,Overcast,0
3995,21/3/2024,22/3/2024 1:00,1,ภูชี้ดาว,19.869002,100.486419,18,76,0,Mainly Clear,1
3996,21/3/2024,22/3/2024 2:00,2,ภูชี้ดาว,19.869002,100.486419,17.4,81,0,Mainly Clear,0
3997,21/3/2024,22/3/2024 3:00,3,ภูชี้ดาว,19.869002,100.486419,17,84,0,Overcast,0
3998,22/3/2024,22/3/2024 21:00,21,ภูชี้ดาว,19.869002,100.486419,19.7,71,0,Partly Cloudy,1
3999,22/3/2024,22/3/2024 22:00,22,ภูชี้ดาว,19.869002,100.486419,17.6,81,0,Overcast,1
4000,22/3/2024,22/3/2024 23:00,23,ภูชี้ดาว,19.869002,100.486419,17.1,80,0,Overcast,0
4001,22/3/2024,23/3/2024 0:00,0,ภูชี้ดาว,19.869002,100.486419,16.8,80,0,Overcast,0
4002,22/3/2024,23/3/2024 1:00,1,ภูชี้ดาว,19.869002,100.486419,16.9,80,0,Overcast,0
4003,22/3/2024,23/3/2024 2:00,2,ภูชี้ดาว,19.869002,100.486419,17,79,0,Partly Cloudy,1
4004,22/3/2024,23/3/2024 3:00,3,ภูชี้ดาว,19.869002,100.486419,16.5,81,0,Overcast,0
4005,23/3/2024,23/3/2024 21:00,21,ภูชี้ดาว,19.869002,100.486419,20.1,53,0,Clear,1
4006,23/3/2024,23/3/2024 22:00,22,ภูชี้ดาว,19.869002,100.486419,20.2,47,0,Clear,1
4007,23/3/2024,23/3/2024 23:00,23,ภูชี้ดาว,19.869002,100.486419,19.4,49,0,Clear,1
4008,23/3/2024,24/3/2024 0:00,0,ภูชี้ดาว,19.869002,100.486419,19,50,0,Clear,1
4009,23/3/2024,24/3/2024 1:00,1,ภูชี้ดาว,19.869002,100.486419,18.3,54,0,Clear,1
4010,23/3/2024,24/3/2024 2:00,2,ภูชี้ดาว,19.869002,100.486419,17.6,59,0,Clear,1
4011,23/3/2024,24/3/2024 3:00,3,ภูชี้ดาว,19.869002,100.486419,17,61,0,Clear,1
4012,24/3/2024,24/3/2024 21:00,21,ภูชี้ดาว,19.869002,100.486419,20.1,53,0,Clear,1
4013,24/3/2024,24/3/2024 22:00,22,ภูชี้ดาว,19.869002,100.486419,20.1,49,0,Clear,1
4014,24/3/2024,24/3/2024 23:00,23,ภูชี้ดาว,19.869002,100.486419,20.4,42,0,Clear,1
4015,24/3/2024,25/3/2024 0:00,0,ภูชี้ดาว,19.869002,100.486419,18.9,49,0,Clear,1
4016,24/3/2024,25/3/2024 1:00,1,ภูชี้ดาว,19.869002,100.486419,17.8,54,0,Clear,1
4017,24/3/2024,25/3/2024 2:00,2,ภูชี้ดาว,19.869002,100.486419,17.6,51,0,Clear,1
4018,24/3/2024,25/3/2024 3:00,3,ภูชี้ดาว,19.869002,100.486419,17,54,0,Clear,1
4019,25/3/2024,25/3/2024 21:00,21,ภูชี้ดาว,19.869002,100.486419,19.5,53,0,Partly Cloudy,1
4020,25/3/2024,25/3/2024 22:00,22,ภูชี้ดาว,19.869002,100.486419,19.1,55,0,Overcast,0
4021,25/3/2024,25/3/2024 23:00,23,ภูชี้ดาว,19.869002,100.486419,19.2,51,0,Overcast,0
4022,25/3/2024,26/3/2024 0:00,0,ภูชี้ดาว,19.869002,100.486419,21.1,33,0,Overcast,0
4023,25/3/2024,26/3/2024 1:00,1,ภูชี้ดาว,19.869002,100.486419,17.6,53,0,Overcast,0
4024,25/3/2024,26/3/2024 2:00,2,ภูชี้ดาว,19.869002,100.486419,17.4,51,0,Overcast,0
4025,25/3/2024,26/3/2024 3:00,3,ภูชี้ดาว,19.869002,100.486419,17.1,53,0,Overcast,0
4026,26/3/2024,26/3/2024 21:00,21,ภูชี้ดาว,19.869002,100.486419,21.5,53,0,Overcast,0
4027,26/3/2024,26/3/2024 22:00,22,ภูชี้ดาว,19.869002,100.486419,20.2,57,0,Overcast,0
4028,26/3/2024,26/3/2024 23:00,23,ภูชี้ดาว,19.869002,100.486419,20.6,49,0,Partly Cloudy,1
4029,26/3/2024,27/3/2024 0:00,0,ภูชี้ดาว,19.869002,100.486419,18.7,67,0,Overcast,0
4030,26/3/2024,27/3/2024 1:00,1,ภูชี้ดาว,19.869002,100.486419,18.7,71,0,Overcast,0
4031,26/3/2024,27/3/2024 2:00,2,ภูชี้ดาว,19.869002,100.486419,18.3,73,0,Overcast,0
4032,26/3/2024,27/3/2024 3:00,3,ภูชี้ดาว,19.869002,100.486419,17.8,77,0,Overcast,0
4033,27/3/2024,27/3/2024 21:00,21,ภูชี้ดาว,19.869002,100.486419,19.8,65,0,Overcast,0
4034,27/3/2024,27/3/2024 22:00,22,ภูชี้ดาว,19.869002,100.486419,19.5,65,0,Partly Cloudy,1
4035,27/3/2024,27/3/2024 23:00,23,ภูชี้ดาว,19.869002,100.486419,19.5,66,0,Clear,1
4036,27/3/2024,28/3/2024 0:00,0,ภูชี้ดาว,19.869002,100.486419,19.6,65,0,Clear,1
4037,27/3/2024,28/3/2024 1:00,1,ภูชี้ดาว,19.869002,100.486419,19.2,67,0,Clear,1
4038,27/3/2024,28/3/2024 2:00,2,ภูชี้ดาว,19.869002,100.486419,18.9,68,0,Clear,1
4039,27/3/2024,28/3/2024 3:00,3,ภูชี้ดาว,19.869002,100.486419,18.3,72,0,Clear,1
4040,28/3/2024,28/3/2024 21:00,21,ภูชี้ดาว,19.869002,100.486419,20.1,56,0,Clear,1
4041,28/3/2024,28/3/2024 22:00,22,ภูชี้ดาว,19.869002,100.486419,19.8,56,0,Clear,1
4042,28/3/2024,28/3/2024 23:00,23,ภูชี้ดาว,19.869002,100.486419,20.9,45,0,Clear,1
4043,28/3/2024,29/3/2024 0:00,0,ภูชี้ดาว,19.869002,100.486419,19.9,50,0,Clear,1
4044,28/3/2024,29/3/2024 1:00,1,ภูชี้ดาว,19.869002,100.486419,18.4,60,0,Mainly Clear,1
4045,28/3/2024,29/3/2024 2:00,2,ภูชี้ดาว,19.869002,100.486419,19.4,49,0,Clear,1
4046,28/3/2024,29/3/2024 3:00,3,ภูชี้ดาว,19.869002,100.486419,17.3,66,0,Clear,1
4047,29/3/2024,29/3/2024 21:00,21,ภูชี้ดาว,19.869002,100.486419,20.8,52,0,Clear,1
4048,29/3/2024,29/3/2024 22:00,22,ภูชี้ดาว,19.869002,100.486419,20,52,0,Clear,1
4049,29/3/2024,29/3/2024 23:00,23,ภูชี้ดาว,19.869002,100.486419,19.9,47,0,Clear,1
4050,29/3/2024,30/3/2024 0:00,0,ภูชี้ดาว,19.869002,100.486419,19.2,56,0,Clear,1
4051,29/3/2024,30/3/2024 1:00,1,ภูชี้ดาว,19.869002,100.486419,18.3,65,0,Clear,1
4052,29/3/2024,30/3/2024 2:00,2,ภูชี้ดาว,19.869002,100.486419,17.9,69,0,Clear,1
4053,29/3/2024,30/3/2024 3:00,3,ภูชี้ดาว,19.869002,100.486419,17.6,71,0,Clear,1
4054,30/3/2024,30/3/2024 21:00,21,ภูชี้ดาว,19.869002,100.486419,21.3,50,0,Clear,1
4055,30/3/2024,30/3/2024 22:00,22,ภูชี้ดาว,19.869002,100.486419,21.2,49,0,Clear,1
4056,30/3/2024,30/3/2024 23:00,23,ภูชี้ดาว,19.869002,100.486419,21.4,46,0,Mainly Clear,1
4057,30/3/2024,31/3/2024 0:00,0,ภูชี้ดาว,19.869002,100.486419,21.2,46,0,Clear,1
4058,30/3/2024,31/3/2024 1:00,1,ภูชี้ดาว,19.869002,100.486419,20.1,50,0,Clear,1
4059,30/3/2024,31/3/2024 2:00,2,ภูชี้ดาว,19.869002,100.486419,19,62,0,Clear,1
4060,30/3/2024,31/3/2024 3:00,3,ภูชี้ดาว,19.869002,100.486419,18.5,69,0,Clear,1
4061,31/3/2024,31/3/2024 21:00,21,ภูชี้ดาว,19.869002,100.486419,22.4,43,0,Clear,1
4062,31/3/2024,31/3/2024 22:00,22,ภูชี้ดาว,19.869002,100.486419,22.2,42,0,Clear,1
4063,31/3/2024,31/3/2024 23:00,23,ภูชี้ดาว,19.869002,100.486419,21.7,43,0,Clear,1
4064,31/3/2024,1/4/2024 0:00,0,ภูชี้ดาว,19.869002,100.486419,21.5,42,0,Clear,1
4065,31/3/2024,1/4/2024 1:00,1,ภูชี้ดาว,19.869002,100.486419,20.6,46,0,Clear,1
4066,31/3/2024,1/4/2024 2:00,2,ภูชี้ดาว,19.869002,100.486419,20.2,49,0,Clear,1
4067,31/3/2024,1/4/2024 3:00,3,ภูชี้ดาว,19.869002,100.486419,19.5,52,0,Clear,1
4068,1/4/2024,1/4/2024 21:00,21,ภูชี้ดาว,19.869002,100.486419,22.2,43,0,Clear,1
4069,1/4/2024,1/4/2024 22:00,22,ภูชี้ดาว,19.869002,100.486419,21,46,0,Clear,1
4070,1/4/2024,1/4/2024 23:00,23,ภูชี้ดาว,19.869002,100.486419,21.3,41,0,Clear,1
4071,1/4/2024,2/4/2024 0:00,0,ภูชี้ดาว,19.869002,100.486419,21.8,36,0,Clear,1
4072,1/4/2024,2/4/2024 1:00,1,ภูชี้ดาว,19.869002,100.486419,21.4,37,0,Clear,1
4073,1/4/2024,2/4/2024 2:00,2,ภูชี้ดาว,19.869002,100.486419,20.1,46,0,Clear,1
4074,1/4/2024,2/4/2024 3:00,3,ภูชี้ดาว,19.869002,100.486419,19.3,54,0,Clear,1
4075,2/4/2024,2/4/2024 21:00,21,ภูชี้ดาว,19.869002,100.486419,22.1,50,0,Clear,1
4076,2/4/2024,2/4/2024 22:00,22,ภูชี้ดาว,19.869002,100.486419,22,47,0,Clear,1
4077,2/4/2024,2/4/2024 23:00,23,ภูชี้ดาว,19.869002,100.486419,22.2,42,0,Clear,1
4078,2/4/2024,3/4/2024 0:00,0,ภูชี้ดาว,19.869002,100.486419,22.5,37,0,Clear,1
4079,2/4/2024,3/4/2024 1:00,1,ภูชี้ดาว,19.869002,100.486419,21.5,40,0,Clear,1
4080,2/4/2024,3/4/2024 2:00,2,ภูชี้ดาว,19.869002,100.486419,20.7,44,0,Clear,1
4081,2/4/2024,3/4/2024 3:00,3,ภูชี้ดาว,19.869002,100.486419,20.5,50,0,Clear,1
4082,3/4/2024,3/4/2024 21:00,21,ภูชี้ดาว,19.869002,100.486419,23.3,47,0,Clear,1
4083,3/4/2024,3/4/2024 22:00,22,ภูชี้ดาว,19.869002,100.486419,23.6,42,0,Clear,1
4084,3/4/2024,3/4/2024 23:00,23,ภูชี้ดาว,19.869002,100.486419,23.4,41,0,Clear,1
4085,3/4/2024,4/4/2024 0:00,0,ภูชี้ดาว,19.869002,100.486419,22.7,44,0,Clear,1
4086,3/4/2024,4/4/2024 1:00,1,ภูชี้ดาว,19.869002,100.486419,21.9,49,0,Clear,1
4087,3/4/2024,4/4/2024 2:00,2,ภูชี้ดาว,19.869002,100.486419,20.9,56,0,Clear,1
4088,3/4/2024,4/4/2024 3:00,3,ภูชี้ดาว,19.869002,100.486419,20.6,58,0,Clear,1
4089,4/4/2024,4/4/2024 21:00,21,ภูชี้ดาว,19.869002,100.486419,23.8,45,0,Clear,1
4090,4/4/2024,4/4/2024 22:00,22,ภูชี้ดาว,19.869002,100.486419,24,41,0,Clear,1
4091,4/4/2024,4/4/2024 23:00,23,ภูชี้ดาว,19.869002,100.486419,23.9,39,0,Clear,1
4092,4/4/2024,5/4/2024 0:00,0,ภูชี้ดาว,19.869002,100.486419,23.6,42,0,Clear,1
4093,4/4/2024,5/4/2024 1:00,1,ภูชี้ดาว,19.869002,100.486419,22.5,49,0,Clear,1
4094,4/4/2024,5/4/2024 2:00,2,ภูชี้ดาว,19.869002,100.486419,21.8,57,0,Clear,1
4095,4/4/2024,5/4/2024 3:00,3,ภูชี้ดาว,19.869002,100.486419,20.8,65,0,Clear,1
4096,5/4/2024,5/4/2024 21:00,21,ภูชี้ดาว,19.869002,100.486419,25.1,42,0,Clear,1
4097,5/4/2024,5/4/2024 22:00,22,ภูชี้ดาว,19.869002,100.486419,25.1,41,0,Clear,1
4098,5/4/2024,5/4/2024 23:00,23,ภูชี้ดาว,19.869002,100.486419,23.8,49,0,Clear,1
4099,5/4/2024,6/4/2024 0:00,0,ภูชี้ดาว,19.869002,100.486419,22.5,59,0,Clear,1
4100,5/4/2024,6/4/2024 1:00,1,ภูชี้ดาว,19.869002,100.486419,21.8,67,0,Clear,1
4101,5/4/2024,6/4/2024 2:00,2,ภูชี้ดาว,19.869002,100.486419,21.2,73,0,Clear,1
4102,5/4/2024,6/4/2024 3:00,3,ภูชี้ดาว,19.869002,100.486419,20.9,77,0,Clear,1
4103,6/4/2024,6/4/2024 21:00,21,ภูชี้ดาว,19.869002,100.486419,24.8,46,0,Clear,1
4104,6/4/2024,6/4/2024 22:00,22,ภูชี้ดาว,19.869002,100.486419,24.3,48,0,Clear,1
4105,6/4/2024,6/4/2024 23:00,23,ภูชี้ดาว,19.869002,100.486419,23.3,59,0,Clear,1
4106,6/4/2024,7/4/2024 0:00,0,ภูชี้ดาว,19.869002,100.486419,22.3,72,0,Clear,1
4107,6/4/2024,7/4/2024 1:00,1,ภูชี้ดาว,19.869002,100.486419,21.6,79,0,Clear,1
4108,6/4/2024,7/4/2024 2:00,2,ภูชี้ดาว,19.869002,100.486419,21.2,81,0,Clear,0
4109,6/4/2024,7/4/2024 3:00,3,ภูชี้ดาว,19.869002,100.486419,20.7,84,0,Clear,0
4110,7/4/2024,7/4/2024 21:00,21,ภูชี้ดาว,19.869002,100.486419,24.7,48,0,Partly Cloudy,1
4111,7/4/2024,7/4/2024 22:00,22,ภูชี้ดาว,19.869002,100.486419,23.1,59,0,Clear,1
4112,7/4/2024,7/4/2024 23:00,23,ภูชี้ดาว,19.869002,100.486419,22.9,57,0,Clear,1
4113,7/4/2024,8/4/2024 0:00,0,ภูชี้ดาว,19.869002,100.486419,23,60,0,Clear,1
4114,7/4/2024,8/4/2024 1:00,1,ภูชี้ดาว,19.869002,100.486419,22.5,66,0,Clear,1
4115,7/4/2024,8/4/2024 2:00,2,ภูชี้ดาว,19.869002,100.486419,21.7,76,0,Clear,1
4116,7/4/2024,8/4/2024 3:00,3,ภูชี้ดาว,19.869002,100.486419,21,81,0,Clear,1
4117,8/4/2024,8/4/2024 21:00,21,ภูชี้ดาว,19.869002,100.486419,24.7,56,0,Clear,1
4118,8/4/2024,8/4/2024 22:00,22,ภูชี้ดาว,19.869002,100.486419,23.9,58,0,Clear,1
4119,8/4/2024,8/4/2024 23:00,23,ภูชี้ดาว,19.869002,100.486419,23.7,56,0,Clear,1
4120,8/4/2024,9/4/2024 0:00,0,ภูชี้ดาว,19.869002,100.486419,23.5,54,0,Clear,1
4121,8/4/2024,9/4/2024 1:00,1,ภูชี้ดาว,19.869002,100.486419,22.9,58,0,Clear,1
4122,8/4/2024,9/4/2024 2:00,2,ภูชี้ดาว,19.869002,100.486419,22.2,64,0,Clear,1
4123,8/4/2024,9/4/2024 3:00,3,ภูชี้ดาว,19.869002,100.486419,21.9,65,0,Clear,1
4124,9/4/2024,9/4/2024 21:00,21,ภูชี้ดาว,19.869002,100.486419,22.6,54,0,Clear,1
4125,9/4/2024,9/4/2024 22:00,22,ภูชี้ดาว,19.869002,100.486419,22.3,55,0,Mainly Clear,1
4126,9/4/2024,9/4/2024 23:00,23,ภูชี้ดาว,19.869002,100.486419,21.2,63,0,Clear,1
4127,9/4/2024,10/4/2024 0:00,0,ภูชี้ดาว,19.869002,100.486419,21.7,59,0,Mainly Clear,1
4128,9/4/2024,10/4/2024 1:00,1,ภูชี้ดาว,19.869002,100.486419,21.5,58,0,Partly Cloudy,1
4129,9/4/2024,10/4/2024 2:00,2,ภูชี้ดาว,19.869002,100.486419,19.7,68,0,Partly Cloudy,1
4130,9/4/2024,10/4/2024 3:00,3,ภูชี้ดาว,19.869002,100.486419,19.4,70,0,Clear,1
4131,10/4/2024,10/4/2024 21:00,21,ภูชี้ดาว,19.869002,100.486419,21.7,75,0,Overcast,0
4132,10/4/2024,10/4/2024 22:00,22,ภูชี้ดาว,19.869002,100.486419,21.5,67,0,Overcast,0
4133,10/4/2024,10/4/2024 23:00,23,ภูชี้ดาว,19.869002,100.486419,20.5,72,0,Overcast,0
4134,10/4/2024,11/4/2024 0:00,0,ภูชี้ดาว,19.869002,100.486419,21.3,66,0,Overcast,0
4135,10/4/2024,11/4/2024 1:00,1,ภูชี้ดาว,19.869002,100.486419,20.2,72,0,Overcast,0
4136,10/4/2024,11/4/2024 2:00,2,ภูชี้ดาว,19.869002,100.486419,20.7,67,0,Overcast,0
4137,10/4/2024,11/4/2024 3:00,3,ภูชี้ดาว,19.869002,100.486419,18.8,77,0,Overcast,0
4138,11/4/2024,11/4/2024 21:00,21,ภูชี้ดาว,19.869002,100.486419,22.3,66,0,Clear,1
4139,11/4/2024,11/4/2024 22:00,22,ภูชี้ดาว,19.869002,100.486419,21.2,69,0,Clear,1
4140,11/4/2024,11/4/2024 23:00,23,ภูชี้ดาว,19.869002,100.486419,20.3,73,0,Clear,1
4141,11/4/2024,12/4/2024 0:00,0,ภูชี้ดาว,19.869002,100.486419,20.2,68,0,Clear,1
4142,11/4/2024,12/4/2024 1:00,1,ภูชี้ดาว,19.869002,100.486419,19.6,71,0,Clear,1
4143,11/4/2024,12/4/2024 2:00,2,ภูชี้ดาว,19.869002,100.486419,18.8,78,0,Clear,1
4144,11/4/2024,12/4/2024 3:00,3,ภูชี้ดาว,19.869002,100.486419,18.7,78,0,Clear,1
4145,12/4/2024,12/4/2024 21:00,21,ภูชี้ดาว,19.869002,100.486419,20.7,69,0,Overcast,0
4146,12/4/2024,12/4/2024 22:00,22,ภูชี้ดาว,19.869002,100.486419,20.9,64,0,Overcast,0
4147,12/4/2024,12/4/2024 23:00,23,ภูชี้ดาว,19.869002,100.486419,19.2,74,0,Overcast,0
4148,12/4/2024,13/4/2024 0:00,0,ภูชี้ดาว,19.869002,100.486419,17.6,88,0.5,Drizzle,0
4149,12/4/2024,13/4/2024 1:00,1,ภูชี้ดาว,19.869002,100.486419,16.8,94,0,Clear,0
4150,12/4/2024,13/4/2024 2:00,2,ภูชี้ดาว,19.869002,100.486419,16.8,91,0,Clear,0
4151,12/4/2024,13/4/2024 3:00,3,ภูชี้ดาว,19.869002,100.486419,16.5,91,0,Clear,0
4152,13/4/2024,13/4/2024 21:00,21,ภูชี้ดาว,19.869002,100.486419,22.4,51,0,Clear,1
4153,13/4/2024,13/4/2024 22:00,22,ภูชี้ดาว,19.869002,100.486419,22.7,41,0,Mainly Clear,1
4154,13/4/2024,13/4/2024 23:00,23,ภูชี้ดาว,19.869002,100.486419,22.2,45,0,Clear,1
4155,13/4/2024,14/4/2024 0:00,0,ภูชี้ดาว,19.869002,100.486419,21.1,49,0,Clear,1
4156,13/4/2024,14/4/2024 1:00,1,ภูชี้ดาว,19.869002,100.486419,20.4,52,0,Clear,1
4157,13/4/2024,14/4/2024 2:00,2,ภูชี้ดาว,19.869002,100.486419,20.2,52,0,Clear,1
4158,13/4/2024,14/4/2024 3:00,3,ภูชี้ดาว,19.869002,100.486419,20.1,54,0,Clear,1
4159,14/4/2024,14/4/2024 21:00,21,ภูชี้ดาว,19.869002,100.486419,22.7,51,0,Partly Cloudy,1
4160,14/4/2024,14/4/2024 22:00,22,ภูชี้ดาว,19.869002,100.486419,21.7,56,0,Partly Cloudy,1
4161,14/4/2024,14/4/2024 23:00,23,ภูชี้ดาว,19.869002,100.486419,21.2,58,0,Mainly Clear,1
4162,14/4/2024,15/4/2024 0:00,0,ภูชี้ดาว,19.869002,100.486419,20.6,63,0,Clear,1
4163,14/4/2024,15/4/2024 1:00,1,ภูชี้ดาว,19.869002,100.486419,19.9,66,0,Clear,1
4164,14/4/2024,15/4/2024 2:00,2,ภูชี้ดาว,19.869002,100.486419,19.2,71,0,Clear,1
4165,14/4/2024,15/4/2024 3:00,3,ภูชี้ดาว,19.869002,100.486419,19,72,0,Clear,1
4166,15/4/2024,15/4/2024 21:00,21,ภูชี้ดาว,19.869002,100.486419,18.4,83,0,Clear,0
4167,15/4/2024,15/4/2024 22:00,22,ภูชี้ดาว,19.869002,100.486419,17.9,86,0,Clear,0
4168,15/4/2024,15/4/2024 23:00,23,ภูชี้ดาว,19.869002,100.486419,17.8,82,0,Clear,0
4169,15/4/2024,16/4/2024 0:00,0,ภูชี้ดาว,19.869002,100.486419,18.4,74,0,Clear,1
4170,15/4/2024,16/4/2024 1:00,1,ภูชี้ดาว,19.869002,100.486419,18.4,73,0,Clear,1
4171,15/4/2024,16/4/2024 2:00,2,ภูชี้ดาว,19.869002,100.486419,17.7,76,0,Clear,1
4172,15/4/2024,16/4/2024 3:00,3,ภูชี้ดาว,19.869002,100.486419,18.2,73,0,Clear,1
4173,16/4/2024,16/4/2024 21:00,21,ภูชี้ดาว,19.869002,100.486419,23.2,47,0,Mainly Clear,1
4174,16/4/2024,16/4/2024 22:00,22,ภูชี้ดาว,19.869002,100.486419,23.2,51,0,Clear,1
4175,16/4/2024,16/4/2024 23:00,23,ภูชี้ดาว,19.869002,100.486419,23.1,51,0,Clear,1
4176,16/4/2024,17/4/2024 0:00,0,ภูชี้ดาว,19.869002,100.486419,22.3,54,0,Clear,1
4177,16/4/2024,17/4/2024 1:00,1,ภูชี้ดาว,19.869002,100.486419,21.5,58,0,Clear,1
4178,16/4/2024,17/4/2024 2:00,2,ภูชี้ดาว,19.869002,100.486419,21.2,62,0,Clear,1
4179,16/4/2024,17/4/2024 3:00,3,ภูชี้ดาว,19.869002,100.486419,20.5,68,0,Clear,1
4180,17/4/2024,17/4/2024 21:00,21,ภูชี้ดาว,19.869002,100.486419,18.8,92,0,Mainly Clear,0
4181,17/4/2024,17/4/2024 22:00,22,ภูชี้ดาว,19.869002,100.486419,19.6,83,0,Clear,0
4182,17/4/2024,17/4/2024 23:00,23,ภูชี้ดาว,19.869002,100.486419,20.7,74,0,Clear,1
4183,17/4/2024,18/4/2024 0:00,0,ภูชี้ดาว,19.869002,100.486419,20.9,71,0,Clear,1
4184,17/4/2024,18/4/2024 1:00,1,ภูชี้ดาว,19.869002,100.486419,20.7,70,0,Clear,1
4185,17/4/2024,18/4/2024 2:00,2,ภูชี้ดาว,19.869002,100.486419,20.3,71,0,Clear,1
4186,17/4/2024,18/4/2024 3:00,3,ภูชี้ดาว,19.869002,100.486419,19.9,71,0,Clear,1
4187,18/4/2024,18/4/2024 21:00,21,ภูชี้ดาว,19.869002,100.486419,20.1,88,0,Overcast,0
4188,18/4/2024,18/4/2024 22:00,22,ภูชี้ดาว,19.869002,100.486419,20.5,78,0,Overcast,0
4189,18/4/2024,18/4/2024 23:00,23,ภูชี้ดาว,19.869002,100.486419,20.9,70,0,Overcast,0
4190,18/4/2024,19/4/2024 0:00,0,ภูชี้ดาว,19.869002,100.486419,20.3,69,0,Clear,1
4191,18/4/2024,19/4/2024 1:00,1,ภูชี้ดาว,19.869002,100.486419,20.1,66,0,Clear,1
4192,18/4/2024,19/4/2024 2:00,2,ภูชี้ดาว,19.869002,100.486419,19.8,67,0,Clear,1
4193,18/4/2024,19/4/2024 3:00,3,ภูชี้ดาว,19.869002,100.486419,19.4,68,0,Clear,1
4194,19/4/2024,19/4/2024 21:00,21,ภูชี้ดาว,19.869002,100.486419,21.2,68,0.2,Light Drizzle,0
4195,19/4/2024,19/4/2024 22:00,22,ภูชี้ดาว,19.869002,100.486419,21.8,65,0,Clear,1
4196,19/4/2024,19/4/2024 23:00,23,ภูชี้ดาว,19.869002,100.486419,21.3,68,0,Clear,1
4197,19/4/2024,20/4/2024 0:00,0,ภูชี้ดาว,19.869002,100.486419,21.1,68,0,Clear,1
4198,19/4/2024,20/4/2024 1:00,1,ภูชี้ดาว,19.869002,100.486419,20.6,70,0,Clear,1
4199,19/4/2024,20/4/2024 2:00,2,ภูชี้ดาว,19.869002,100.486419,19.5,80,0,Clear,1
4200,19/4/2024,20/4/2024 3:00,3,ภูชี้ดาว,19.869002,100.486419,20.6,67,0,Clear,1
4201,20/4/2024,20/4/2024 21:00,21,ภูชี้ดาว,19.869002,100.486419,22.1,66,0,Clear,1
4202,20/4/2024,20/4/2024 22:00,22,ภูชี้ดาว,19.869002,100.486419,21.7,67,0,Clear,1
4203,20/4/2024,20/4/2024 23:00,23,ภูชี้ดาว,19.869002,100.486419,21.5,66,0,Clear,1
4204,20/4/2024,21/4/2024 0:00,0,ภูชี้ดาว,19.869002,100.486419,22.2,54,0,Clear,1
4205,20/4/2024,21/4/2024 1:00,1,ภูชี้ดาว,19.869002,100.486419,21.4,54,0,Clear,1
4206,20/4/2024,21/4/2024 2:00,2,ภูชี้ดาว,19.869002,100.486419,21,55,0,Clear,1
4207,20/4/2024,21/4/2024 3:00,3,ภูชี้ดาว,19.869002,100.486419,20.5,57,0,Clear,1
4208,21/4/2024,21/4/2024 21:00,21,ภูชี้ดาว,19.869002,100.486419,22.4,52,0,Partly Cloudy,1
4209,21/4/2024,21/4/2024 22:00,22,ภูชี้ดาว,19.869002,100.486419,21.8,53,0,Partly Cloudy,1
4210,21/4/2024,21/4/2024 23:00,23,ภูชี้ดาว,19.869002,100.486419,21.9,50,0,Partly Cloudy,1
4211,21/4/2024,22/4/2024 0:00,0,ภูชี้ดาว,19.869002,100.486419,21.7,55,0,Partly Cloudy,1
4212,21/4/2024,22/4/2024 1:00,1,ภูชี้ดาว,19.869002,100.486419,22.1,48,0,Overcast,0
4213,21/4/2024,22/4/2024 2:00,2,ภูชี้ดาว,19.869002,100.486419,22.8,44,0,Partly Cloudy,1
4214,21/4/2024,22/4/2024 3:00,3,ภูชี้ดาว,19.869002,100.486419,21.5,53,0,Partly Cloudy,1
4215,22/4/2024,22/4/2024 21:00,21,ภูชี้ดาว,19.869002,100.486419,23.9,52,0,Clear,1
4216,22/4/2024,22/4/2024 22:00,22,ภูชี้ดาว,19.869002,100.486419,24,46,0,Clear,1
4217,22/4/2024,22/4/2024 23:00,23,ภูชี้ดาว,19.869002,100.486419,24.1,41,0,Clear,1
4218,22/4/2024,23/4/2024 0:00,0,ภูชี้ดาว,19.869002,100.486419,23.7,42,0,Clear,1
4219,22/4/2024,23/4/2024 1:00,1,ภูชี้ดาว,19.869002,100.486419,22.7,48,0,Clear,1
4220,22/4/2024,23/4/2024 2:00,2,ภูชี้ดาว,19.869002,100.486419,22.1,56,0,Clear,1
4221,22/4/2024,23/4/2024 3:00,3,ภูชี้ดาว,19.869002,100.486419,21.2,62,0,Clear,1
4222,23/4/2024,23/4/2024 21:00,21,ภูชี้ดาว,19.869002,100.486419,25.6,44,0,Mainly Clear,1
4223,23/4/2024,23/4/2024 22:00,22,ภูชี้ดาว,19.869002,100.486419,24.8,51,0,Clear,1
4224,23/4/2024,23/4/2024 23:00,23,ภูชี้ดาว,19.869002,100.486419,25,47,0,Mainly Clear,1
4225,23/4/2024,24/4/2024 0:00,0,ภูชี้ดาว,19.869002,100.486419,24,52,0,Mainly Clear,1
4226,23/4/2024,24/4/2024 1:00,1,ภูชี้ดาว,19.869002,100.486419,23.3,55,0,Mainly Clear,1
4227,23/4/2024,24/4/2024 2:00,2,ภูชี้ดาว,19.869002,100.486419,22.3,61,0,Mainly Clear,1
4228,23/4/2024,24/4/2024 3:00,3,ภูชี้ดาว,19.869002,100.486419,22,60,0,Mainly Clear,1
4229,24/4/2024,24/4/2024 21:00,21,ภูชี้ดาว,19.869002,100.486419,22.2,82,0,Clear,0
4230,24/4/2024,24/4/2024 22:00,22,ภูชี้ดาว,19.869002,100.486419,21.8,82,0,Mainly Clear,0
4231,24/4/2024,24/4/2024 23:00,23,ภูชี้ดาว,19.869002,100.486419,21.7,77,0,Mainly Clear,1
4232,24/4/2024,25/4/2024 0:00,0,ภูชี้ดาว,19.869002,100.486419,22,70,0,Mainly Clear,1
4233,24/4/2024,25/4/2024 1:00,1,ภูชี้ดาว,19.869002,100.486419,20.4,82,0,Clear,0
4234,24/4/2024,25/4/2024 2:00,2,ภูชี้ดาว,19.869002,100.486419,20.5,78,0,Clear,1
4235,24/4/2024,25/4/2024 3:00,3,ภูชี้ดาว,19.869002,100.486419,20.7,74,0,Clear,1
4236,25/4/2024,25/4/2024 21:00,21,ภูชี้ดาว,19.869002,100.486419,22.1,70,0,Clear,1
4237,25/4/2024,25/4/2024 22:00,22,ภูชี้ดาว,19.869002,100.486419,21.7,70,0,Clear,1
4238,25/4/2024,25/4/2024 23:00,23,ภูชี้ดาว,19.869002,100.486419,21.5,68,0,Clear,1
4239,25/4/2024,26/4/2024 0:00,0,ภูชี้ดาว,19.869002,100.486419,21.5,66,0,Mainly Clear,1
4240,25/4/2024,26/4/2024 1:00,1,ภูชี้ดาว,19.869002,100.486419,21.3,67,0,Mainly Clear,1
4241,25/4/2024,26/4/2024 2:00,2,ภูชี้ดาว,19.869002,100.486419,21.2,67,0,Mainly Clear,1
4242,25/4/2024,26/4/2024 3:00,3,ภูชี้ดาว,19.869002,100.486419,21.1,68,0,Mainly Clear,1
4243,26/4/2024,26/4/2024 21:00,21,ภูชี้ดาว,19.869002,100.486419,22.8,59,0,Clear,1
4244,26/4/2024,26/4/2024 22:00,22,ภูชี้ดาว,19.869002,100.486419,22.2,61,0,Clear,1
4245,26/4/2024,26/4/2024 23:00,23,ภูชี้ดาว,19.869002,100.486419,21.6,65,0,Clear,1
4246,26/4/2024,27/4/2024 0:00,0,ภูชี้ดาว,19.869002,100.486419,21.3,64,0,Clear,1
4247,26/4/2024,27/4/2024 1:00,1,ภูชี้ดาว,19.869002,100.486419,20.8,65,0,Clear,1
4248,26/4/2024,27/4/2024 2:00,2,ภูชี้ดาว,19.869002,100.486419,20.4,65,0,Clear,1
4249,26/4/2024,27/4/2024 3:00,3,ภูชี้ดาว,19.869002,100.486419,20,67,0,Clear,1
4250,27/4/2024,27/4/2024 21:00,21,ภูชี้ดาว,19.869002,100.486419,23.8,50,0,Clear,1
4251,27/4/2024,27/4/2024 22:00,22,ภูชี้ดาว,19.869002,100.486419,23.2,51,0,Clear,1
4252,27/4/2024,27/4/2024 23:00,23,ภูชี้ดาว,19.869002,100.486419,23.1,49,0,Clear,1
4253,27/4/2024,28/4/2024 0:00,0,ภูชี้ดาว,19.869002,100.486419,23.1,48,0,Clear,1
4254,27/4/2024,28/4/2024 1:00,1,ภูชี้ดาว,19.869002,100.486419,22.6,51,0,Clear,1
4255,27/4/2024,28/4/2024 2:00,2,ภูชี้ดาว,19.869002,100.486419,22.7,49,0,Clear,1
4256,27/4/2024,28/4/2024 3:00,3,ภูชี้ดาว,19.869002,100.486419,22,52,0,Mainly Clear,1
4257,28/4/2024,28/4/2024 21:00,21,ภูชี้ดาว,19.869002,100.486419,24.6,46,0,Clear,1
4258,28/4/2024,28/4/2024 22:00,22,ภูชี้ดาว,19.869002,100.486419,24.3,46,0,Clear,1
4259,28/4/2024,28/4/2024 23:00,23,ภูชี้ดาว,19.869002,100.486419,23.8,47,0,Clear,1
4260,28/4/2024,29/4/2024 0:00,0,ภูชี้ดาว,19.869002,100.486419,23.2,49,0,Clear,1
4261,28/4/2024,29/4/2024 1:00,1,ภูชี้ดาว,19.869002,100.486419,23.2,49,0,Clear,1
4262,28/4/2024,29/4/2024 2:00,2,ภูชี้ดาว,19.869002,100.486419,22.7,51,0,Clear,1
4263,28/4/2024,29/4/2024 3:00,3,ภูชี้ดาว,19.869002,100.486419,22.1,53,0,Clear,1
4264,29/4/2024,29/4/2024 21:00,21,ภูชี้ดาว,19.869002,100.486419,21.7,70,0,Mainly Clear,1
4265,29/4/2024,29/4/2024 22:00,22,ภูชี้ดาว,19.869002,100.486419,22.4,70,0,Clear,1
4266,29/4/2024,29/4/2024 23:00,23,ภูชี้ดาว,19.869002,100.486419,22.1,70,0,Clear,1
4267,29/4/2024,30/4/2024 0:00,0,ภูชี้ดาว,19.869002,100.486419,22.6,60,0,Mainly Clear,1
4268,29/4/2024,30/4/2024 1:00,1,ภูชี้ดาว,19.869002,100.486419,22.9,55,0,Mainly Clear,1
4269,29/4/2024,30/4/2024 2:00,2,ภูชี้ดาว,19.869002,100.486419,22.3,57,0.1,Light Drizzle,0
4270,29/4/2024,30/4/2024 3:00,3,ภูชี้ดาว,19.869002,100.486419,22,58,0,Clear,1
4271,30/4/2024,30/4/2024 21:00,21,ภูชี้ดาว,19.869002,100.486419,24.3,53,0,Clear,1
4272,30/4/2024,30/4/2024 22:00,22,ภูชี้ดาว,19.869002,100.486419,24.2,48,0,Clear,1
4273,30/4/2024,30/4/2024 23:00,23,ภูชี้ดาว,19.869002,100.486419,23.7,49,0,Clear,1
4274,30/4/2024,1/5/2024 0:00,0,ภูชี้ดาว,19.869002,100.486419,22.8,53,0,Partly Cloudy,1
4275,30/4/2024,1/5/2024 1:00,1,ภูชี้ดาว,19.869002,100.486419,22,61,0,Overcast,0
4276,30/4/2024,1/5/2024 2:00,2,ภูชี้ดาว,19.869002,100.486419,22.7,51,0,Partly Cloudy,1
4277,30/4/2024,1/5/2024 3:00,3,ภูชี้ดาว,19.869002,100.486419,22.4,53,0,Overcast,0
4278,1/5/2024,1/5/2024 21:00,21,ภูชี้ดาว,19.869002,100.486419,25.5,39,0,Partly Cloudy,0
4279,1/5/2024,1/5/2024 22:00,22,ภูชี้ดาว,19.869002,100.486419,24.9,44,0,Partly Cloudy,1
4280,1/5/2024,1/5/2024 23:00,23,ภูชี้ดาว,19.869002,100.486419,24.3,57,0,Mainly Clear,1
4281,1/5/2024,2/5/2024 0:00,0,ภูชี้ดาว,19.869002,100.486419,23.5,55,0,Mainly Clear,1
4282,1/5/2024,2/5/2024 1:00,1,ภูชี้ดาว,19.869002,100.486419,23.1,52,0,Mainly Clear,1
4283,1/5/2024,2/5/2024 2:00,2,ภูชี้ดาว,19.869002,100.486419,22.7,55,0,Mainly Clear,1
4284,1/5/2024,2/5/2024 3:00,3,ภูชี้ดาว,19.869002,100.486419,21.9,60,0,Clear,1
4285,2/5/2024,2/5/2024 21:00,21,ภูชี้ดาว,19.869002,100.486419,22.4,67,0.1,Light Drizzle,0
4286,2/5/2024,2/5/2024 22:00,22,ภูชี้ดาว,19.869002,100.486419,21.3,71,0,Mainly Clear,1
4287,2/5/2024,2/5/2024 23:00,23,ภูชี้ดาว,19.869002,100.486419,20.6,77,0,Mainly Clear,1
4288,2/5/2024,3/5/2024 0:00,0,ภูชี้ดาว,19.869002,100.486419,20.4,79,0,Clear,1
4289,2/5/2024,3/5/2024 1:00,1,ภูชี้ดาว,19.869002,100.486419,20.2,82,0,Clear,0
4290,2/5/2024,3/5/2024 2:00,2,ภูชี้ดาว,19.869002,100.486419,20.1,84,0,Clear,0
4291,2/5/2024,3/5/2024 3:00,3,ภูชี้ดาว,19.869002,100.486419,20.9,74,0,Clear,1
4292,3/5/2024,3/5/2024 21:00,21,ภูชี้ดาว,19.869002,100.486419,22.7,65,0,Clear,1
4293,3/5/2024,3/5/2024 22:00,22,ภูชี้ดาว,19.869002,100.486419,22.1,66,0,Mainly Clear,1
4294,3/5/2024,3/5/2024 23:00,23,ภูชี้ดาว,19.869002,100.486419,21.3,74,0,Clear,1
4295,3/5/2024,4/5/2024 0:00,0,ภูชี้ดาว,19.869002,100.486419,20.5,74,0,Clear,1
4296,3/5/2024,4/5/2024 1:00,1,ภูชี้ดาว,19.869002,100.486419,19.5,79,0,Clear,1
4297,3/5/2024,4/5/2024 2:00,2,ภูชี้ดาว,19.869002,100.486419,19.3,79,0,Clear,1
4298,3/5/2024,4/5/2024 3:00,3,ภูชี้ดาว,19.869002,100.486419,19.5,75,0,Mainly Clear,1
4299,4/5/2024,4/5/2024 21:00,21,ภูชี้ดาว,19.869002,100.486419,24.1,52,0,Clear,1
4300,4/5/2024,4/5/2024 22:00,22,ภูชี้ดาว,19.869002,100.486419,23.3,58,0,Clear,1
4301,4/5/2024,4/5/2024 23:00,23,ภูชี้ดาว,19.869002,100.486419,23,57,0,Mainly Clear,1
4302,4/5/2024,5/5/2024 0:00,0,ภูชี้ดาว,19.869002,100.486419,22.4,62,0,Overcast,0
4303,4/5/2024,5/5/2024 1:00,1,ภูชี้ดาว,19.869002,100.486419,21.6,70,0,Overcast,0
4304,4/5/2024,5/5/2024 2:00,2,ภูชี้ดาว,19.869002,100.486419,21.3,69,0,Overcast,0
4305,4/5/2024,5/5/2024 3:00,3,ภูชี้ดาว,19.869002,100.486419,20.6,69,0,Overcast,0
4306,5/5/2024,5/5/2024 21:00,21,ภูชี้ดาว,19.869002,100.486419,22.6,62,0.4,Light Drizzle,0
4307,5/5/2024,5/5/2024 22:00,22,ภูชี้ดาว,19.869002,100.486419,20.6,79,0.1,Light Drizzle,0
4308,5/5/2024,5/5/2024 23:00,23,ภูชี้ดาว,19.869002,100.486419,19.7,88,0.1,Light Drizzle,0
4309,5/5/2024,6/5/2024 0:00,0,ภูชี้ดาว,19.869002,100.486419,19.2,91,0,Partly Cloudy,0
4310,5/5/2024,6/5/2024 1:00,1,ภูชี้ดาว,19.869002,100.486419,19.4,86,0,Mainly Clear,0
4311,5/5/2024,6/5/2024 2:00,2,ภูชี้ดาว,19.869002,100.486419,19.8,79,0,Partly Cloudy,1
4312,5/5/2024,6/5/2024 3:00,3,ภูชี้ดาว,19.869002,100.486419,19.2,81,0.9,Drizzle,0
4313,6/5/2024,6/5/2024 21:00,21,ภูชี้ดาว,19.869002,100.486419,24.5,56,0,Mainly Clear,1
4314,6/5/2024,6/5/2024 22:00,22,ภูชี้ดาว,19.869002,100.486419,23.6,64,0,Partly Cloudy,1
4315,6/5/2024,6/5/2024 23:00,23,ภูชี้ดาว,19.869002,100.486419,21.7,62,0,Partly Cloudy,1
4316,6/5/2024,7/5/2024 0:00,0,ภูชี้ดาว,19.869002,100.486419,21.1,68,0,Mainly Clear,1
4317,6/5/2024,7/5/2024 1:00,1,ภูชี้ดาว,19.869002,100.486419,20.4,68,0,Partly Cloudy,1
4318,6/5/2024,7/5/2024 2:00,2,ภูชี้ดาว,19.869002,100.486419,19.9,76,0,Mainly Clear,1
4319,6/5/2024,7/5/2024 3:00,3,ภูชี้ดาว,19.869002,100.486419,19.6,75,0,Clear,1
4320,7/5/2024,7/5/2024 21:00,21,ภูชี้ดาว,19.869002,100.486419,18.4,83,0,Overcast,0
4321,7/5/2024,7/5/2024 22:00,22,ภูชี้ดาว,19.869002,100.486419,17.6,97,3.5,Rain,0
4322,7/5/2024,7/5/2024 23:00,23,ภูชี้ดาว,19.869002,100.486419,17.4,99,0.1,Light Drizzle,0
4323,7/5/2024,8/5/2024 0:00,0,ภูชี้ดาว,19.869002,100.486419,17.2,100,0.9,Drizzle,0
4324,7/5/2024,8/5/2024 1:00,1,ภูชี้ดาว,19.869002,100.486419,17.1,100,0.9,Drizzle,0
4325,7/5/2024,8/5/2024 2:00,2,ภูชี้ดาว,19.869002,100.486419,16.7,99,0,Overcast,0
4326,7/5/2024,8/5/2024 3:00,3,ภูชี้ดาว,19.869002,100.486419,16.5,100,0,Overcast,0
4327,8/5/2024,8/5/2024 21:00,21,ภูชี้ดาว,19.869002,100.486419,21,86,0,Partly Cloudy,0
4328,8/5/2024,8/5/2024 22:00,22,ภูชี้ดาว,19.869002,100.486419,20.9,84,0,Mainly Clear,0
4329,8/5/2024,8/5/2024 23:00,23,ภูชี้ดาว,19.869002,100.486419,17.7,96,7.6,Heavy Rain,0
4330,8/5/2024,9/5/2024 0:00,0,ภูชี้ดาว,19.869002,100.486419,17.4,100,2.6,Rain,0
4331,8/5/2024,9/5/2024 1:00,1,ภูชี้ดาว,19.869002,100.486419,17.4,100,0.5,Drizzle,0
4332,8/5/2024,9/5/2024 2:00,2,ภูชี้ดาว,19.869002,100.486419,17.4,97,0,Overcast,0
4333,8/5/2024,9/5/2024 3:00,3,ภูชี้ดาว,19.869002,100.486419,16.6,98,0,Overcast,0
4334,9/5/2024,9/5/2024 21:00,21,ภูชี้ดาว,19.869002,100.486419,21.1,83,0,Overcast,0
4335,9/5/2024,9/5/2024 22:00,22,ภูชี้ดาว,19.869002,100.486419,20.5,86,0,Mainly Clear,0
4336,9/5/2024,9/5/2024 23:00,23,ภูชี้ดาว,19.869002,100.486419,19.9,88,0,Clear,0
4337,9/5/2024,10/5/2024 0:00,0,ภูชี้ดาว,19.869002,100.486419,18.5,93,2.1,Light Rain,0
4338,9/5/2024,10/5/2024 1:00,1,ภูชี้ดาว,19.869002,100.486419,17.1,100,11.4,Heavy Rain,0
4339,9/5/2024,10/5/2024 2:00,2,ภูชี้ดาว,19.869002,100.486419,16.7,100,7.4,Rain,0
4340,9/5/2024,10/5/2024 3:00,3,ภูชี้ดาว,19.869002,100.486419,16.7,100,0.3,Light Drizzle,0
4341,10/5/2024,10/5/2024 21:00,21,ภูชี้ดาว,19.869002,100.486419,20.1,80,0.2,Light Drizzle,0
4342,10/5/2024,10/5/2024 22:00,22,ภูชี้ดาว,19.869002,100.486419,18.5,99,3.5,Rain,0
4343,10/5/2024,10/5/2024 23:00,23,ภูชี้ดาว,19.869002,100.486419,18.2,100,1.2,Heavy Drizzle,0
4344,10/5/2024,11/5/2024 0:00,0,ภูชี้ดาว,19.869002,100.486419,17.3,100,4.8,Rain,0
4345,10/5/2024,11/5/2024 1:00,1,ภูชี้ดาว,19.869002,100.486419,17.2,100,1.5,Light Rain,0
4346,10/5/2024,11/5/2024 2:00,2,ภูชี้ดาว,19.869002,100.486419,16.4,100,0.1,Light Drizzle,0
4347,10/5/2024,11/5/2024 3:00,3,ภูชี้ดาว,19.869002,100.486419,16.5,99,0,Mainly Clear,0
4348,11/5/2024,11/5/2024 21:00,21,ภูชี้ดาว,19.869002,100.486419,20.3,87,0,Partly Cloudy,0
4349,11/5/2024,11/5/2024 22:00,22,ภูชี้ดาว,19.869002,100.486419,20.6,83,0,Overcast,0
4350,11/5/2024,11/5/2024 23:00,23,ภูชี้ดาว,19.869002,100.486419,20.7,82,0,Partly Cloudy,0
4351,11/5/2024,12/5/2024 0:00,0,ภูชี้ดาว,19.869002,100.486419,19.6,87,0,Overcast,0
4352,11/5/2024,12/5/2024 1:00,1,ภูชี้ดาว,19.869002,100.486419,18.2,91,0.2,Light Drizzle,0
4353,11/5/2024,12/5/2024 2:00,2,ภูชี้ดาว,19.869002,100.486419,17.2,96,2.1,Light Rain,0
4354,11/5/2024,12/5/2024 3:00,3,ภูชี้ดาว,19.869002,100.486419,17.6,98,4,Rain,0
4355,12/5/2024,12/5/2024 21:00,21,ภูชี้ดาว,19.869002,100.486419,21.7,77,0,Mainly Clear,1
4356,12/5/2024,12/5/2024 22:00,22,ภูชี้ดาว,19.869002,100.486419,21.7,74,0,Partly Cloudy,1
4357,12/5/2024,12/5/2024 23:00,23,ภูชี้ดาว,19.869002,100.486419,21,84,0.1,Light Drizzle,0
4358,12/5/2024,13/5/2024 0:00,0,ภูชี้ดาว,19.869002,100.486419,18.2,100,9.4,Heavy Rain,0
4359,12/5/2024,13/5/2024 1:00,1,ภูชี้ดาว,19.869002,100.486419,18.4,100,0.6,Drizzle,0
4360,12/5/2024,13/5/2024 2:00,2,ภูชี้ดาว,19.869002,100.486419,18,100,0,Mainly Clear,0
4361,12/5/2024,13/5/2024 3:00,3,ภูชี้ดาว,19.869002,100.486419,18.4,96,0,Clear,0
4362,13/5/2024,13/5/2024 21:00,21,ภูชี้ดาว,19.869002,100.486419,21.6,88,0,Overcast,0
4363,13/5/2024,13/5/2024 22:00,22,ภูชี้ดาว,19.869002,100.486419,20.9,89,0,Partly Cloudy,0
4364,13/5/2024,13/5/2024 23:00,23,ภูชี้ดาว,19.869002,100.486419,20.3,91,0.1,Light Drizzle,0
4365,13/5/2024,14/5/2024 0:00,0,ภูชี้ดาว,19.869002,100.486419,19.9,85,0,Partly Cloudy,0
4366,13/5/2024,14/5/2024 1:00,1,ภูชี้ดาว,19.869002,100.486419,19.5,89,0,Overcast,0
4367,13/5/2024,14/5/2024 2:00,2,ภูชี้ดาว,19.869002,100.486419,18.1,94,5,Rain,0
4368,13/5/2024,14/5/2024 3:00,3,ภูชี้ดาว,19.869002,100.486419,17.8,97,0.1,Light Drizzle,0
4369,14/5/2024,14/5/2024 21:00,21,ภูชี้ดาว,19.869002,100.486419,23,83,0,Mainly Clear,0
4370,14/5/2024,14/5/2024 22:00,22,ภูชี้ดาว,19.869002,100.486419,22.8,75,0,Partly Cloudy,1
4371,14/5/2024,14/5/2024 23:00,23,ภูชี้ดาว,19.869002,100.486419,20.8,79,0.1,Light Drizzle,0
4372,14/5/2024,15/5/2024 0:00,0,ภูชี้ดาว,19.869002,100.486419,19.8,86,0.1,Light Drizzle,0
4373,14/5/2024,15/5/2024 1:00,1,ภูชี้ดาว,19.869002,100.486419,18.7,95,4.9,Rain,0
4374,14/5/2024,15/5/2024 2:00,2,ภูชี้ดาว,19.869002,100.486419,18,100,10.1,Heavy Rain,0
4375,14/5/2024,15/5/2024 3:00,3,ภูชี้ดาว,19.869002,100.486419,18.1,100,0.3,Light Drizzle,0
4376,15/5/2024,15/5/2024 21:00,21,ภูชี้ดาว,19.869002,100.486419,22.4,85,0,Clear,0
4377,15/5/2024,15/5/2024 22:00,22,ภูชี้ดาว,19.869002,100.486419,22.2,82,0,Clear,0
4378,15/5/2024,15/5/2024 23:00,23,ภูชี้ดาว,19.869002,100.486419,21.8,80,0,Clear,1
4379,15/5/2024,16/5/2024 0:00,0,ภูชี้ดาว,19.869002,100.486419,21,84,0,Clear,0
4380,15/5/2024,16/5/2024 1:00,1,ภูชี้ดาว,19.869002,100.486419,20.6,84,0,Clear,0
4381,15/5/2024,16/5/2024 2:00,2,ภูชี้ดาว,19.869002,100.486419,20.3,84,0,Clear,0
4382,15/5/2024,16/5/2024 3:00,3,ภูชี้ดาว,19.869002,100.486419,20.1,83,0,Partly Cloudy,0
4383,16/5/2024,16/5/2024 21:00,21,ภูชี้ดาว,19.869002,100.486419,22.6,86,0,Partly Cloudy,0
4384,16/5/2024,16/5/2024 22:00,22,ภูชี้ดาว,19.869002,100.486419,21.2,91,0,Partly Cloudy,0
4385,16/5/2024,16/5/2024 23:00,23,ภูชี้ดาว,19.869002,100.486419,20.6,93,0,Mainly Clear,0
4386,16/5/2024,17/5/2024 0:00,0,ภูชี้ดาว,19.869002,100.486419,19.8,96,0,Clear,0
4387,16/5/2024,17/5/2024 1:00,1,ภูชี้ดาว,19.869002,100.486419,19.3,97,0,Overcast,0
4388,16/5/2024,17/5/2024 2:00,2,ภูชี้ดาว,19.869002,100.486419,19.5,95,0.2,Light Drizzle,0
4389,16/5/2024,17/5/2024 3:00,3,ภูชี้ดาว,19.869002,100.486419,18.8,100,2,Light Rain,0
4390,17/5/2024,17/5/2024 21:00,21,ภูชี้ดาว,19.869002,100.486419,20.2,97,0.1,Light Drizzle,0
4391,17/5/2024,17/5/2024 22:00,22,ภูชี้ดาว,19.869002,100.486419,19.8,98,0,Overcast,0
4392,17/5/2024,17/5/2024 23:00,23,ภูชี้ดาว,19.869002,100.486419,19.6,93,0.2,Light Drizzle,0
4393,17/5/2024,18/5/2024 0:00,0,ภูชี้ดาว,19.869002,100.486419,19.1,94,0.5,Drizzle,0
4394,17/5/2024,18/5/2024 1:00,1,ภูชี้ดาว,19.869002,100.486419,18.7,96,0.2,Light Drizzle,0
4395,17/5/2024,18/5/2024 2:00,2,ภูชี้ดาว,19.869002,100.486419,18.6,97,0,Overcast,0
4396,17/5/2024,18/5/2024 3:00,3,ภูชี้ดาว,19.869002,100.486419,18.7,96,0,Overcast,0
4397,18/5/2024,18/5/2024 21:00,21,ภูชี้ดาว,19.869002,100.486419,21.6,91,0,Overcast,0
4398,18/5/2024,18/5/2024 22:00,22,ภูชี้ดาว,19.869002,100.486419,21.6,90,0,Partly Cloudy,0
4399,18/5/2024,18/5/2024 23:00,23,ภูชี้ดาว,19.869002,100.486419,21.5,88,0,Mainly Clear,0
4400,18/5/2024,19/5/2024 0:00,0,ภูชี้ดาว,19.869002,100.486419,21.2,88,0,Overcast,0
4401,18/5/2024,19/5/2024 1:00,1,ภูชี้ดาว,19.869002,100.486419,20.9,86,0,Clear,0
4402,18/5/2024,19/5/2024 2:00,2,ภูชี้ดาว,19.869002,100.486419,20.4,87,0,Clear,0
4403,18/5/2024,19/5/2024 3:00,3,ภูชี้ดาว,19.869002,100.486419,20,89,0,Mainly Clear,0
4404,19/5/2024,19/5/2024 21:00,21,ภูชี้ดาว,19.869002,100.486419,23.1,69,0,Overcast,0
4405,19/5/2024,19/5/2024 22:00,22,ภูชี้ดาว,19.869002,100.486419,22.3,73,0,Overcast,0
4406,19/5/2024,19/5/2024 23:00,23,ภูชี้ดาว,19.869002,100.486419,21.8,77,0,Mainly Clear,1
4407,19/5/2024,20/5/2024 0:00,0,ภูชี้ดาว,19.869002,100.486419,21.2,79,0,Mainly Clear,1
4408,19/5/2024,20/5/2024 1:00,1,ภูชี้ดาว,19.869002,100.486419,20.7,80,0,Clear,1
4409,19/5/2024,20/5/2024 2:00,2,ภูชี้ดาว,19.869002,100.486419,20.4,82,0,Clear,0
4410,19/5/2024,20/5/2024 3:00,3,ภูชี้ดาว,19.869002,100.486419,20.3,83,0,Clear,0
4411,20/5/2024,20/5/2024 21:00,21,ภูชี้ดาว,19.869002,100.486419,19.1,95,3.4,Rain,0
4412,20/5/2024,20/5/2024 22:00,22,ภูชี้ดาว,19.869002,100.486419,18.6,98,0.1,Light Drizzle,0
4413,20/5/2024,20/5/2024 23:00,23,ภูชี้ดาว,19.869002,100.486419,18.4,100,0.2,Light Drizzle,0
4414,20/5/2024,21/5/2024 0:00,0,ภูชี้ดาว,19.869002,100.486419,18.2,100,0.5,Drizzle,0
4415,20/5/2024,21/5/2024 1:00,1,ภูชี้ดาว,19.869002,100.486419,18.1,100,0.8,Drizzle,0
4416,20/5/2024,21/5/2024 2:00,2,ภูชี้ดาว,19.869002,100.486419,18.1,100,0.2,Light Drizzle,0
4417,20/5/2024,21/5/2024 3:00,3,ภูชี้ดาว,19.869002,100.486419,18.2,100,0.1,Light Drizzle,0
4418,21/5/2024,21/5/2024 21:00,21,ภูชี้ดาว,19.869002,100.486419,19.6,97,0,Overcast,0
4419,21/5/2024,21/5/2024 22:00,22,ภูชี้ดาว,19.869002,100.486419,19.5,97,0,Mainly Clear,0
4420,21/5/2024,21/5/2024 23:00,23,ภูชี้ดาว,19.869002,100.486419,19.2,98,0,Overcast,0
4421,21/5/2024,22/5/2024 0:00,0,ภูชี้ดาว,19.869002,100.486419,19,99,0,Overcast,0
4422,21/5/2024,22/5/2024 1:00,1,ภูชี้ดาว,19.869002,100.486419,18.5,94,0.1,Light Drizzle,0
4423,21/5/2024,22/5/2024 2:00,2,ภูชี้ดาว,19.869002,100.486419,18.1,97,0.1,Light Drizzle,0
4424,21/5/2024,22/5/2024 3:00,3,ภูชี้ดาว,19.869002,100.486419,17.6,99,0,Partly Cloudy,0
4425,22/5/2024,22/5/2024 21:00,21,ภูชี้ดาว,19.869002,100.486419,20,91,0.1,Light Drizzle,0
4426,22/5/2024,22/5/2024 22:00,22,ภูชี้ดาว,19.869002,100.486419,19.6,94,0.2,Light Drizzle,0
4427,22/5/2024,22/5/2024 23:00,23,ภูชี้ดาว,19.869002,100.486419,19.7,92,0.5,Drizzle,0
4428,22/5/2024,23/5/2024 0:00,0,ภูชี้ดาว,19.869002,100.486419,18.6,100,1.3,Light Rain,0
4429,22/5/2024,23/5/2024 1:00,1,ภูชี้ดาว,19.869002,100.486419,18.3,100,0.6,Drizzle,0
4430,22/5/2024,23/5/2024 2:00,2,ภูชี้ดาว,19.869002,100.486419,18.1,100,0.6,Drizzle,0
4431,22/5/2024,23/5/2024 3:00,3,ภูชี้ดาว,19.869002,100.486419,18,100,0.8,Drizzle,0
4432,23/5/2024,23/5/2024 21:00,21,ภูชี้ดาว,19.869002,100.486419,20.1,92,0,Partly Cloudy,0
4433,23/5/2024,23/5/2024 22:00,22,ภูชี้ดาว,19.869002,100.486419,19.7,93,0,Overcast,0
4434,23/5/2024,23/5/2024 23:00,23,ภูชี้ดาว,19.869002,100.486419,19.4,94,0,Overcast,0
4435,23/5/2024,24/5/2024 0:00,0,ภูชี้ดาว,19.869002,100.486419,18.7,98,0.1,Light Drizzle,0
4436,23/5/2024,24/5/2024 1:00,1,ภูชี้ดาว,19.869002,100.486419,18.4,99,0.2,Light Drizzle,0
4437,23/5/2024,24/5/2024 2:00,2,ภูชี้ดาว,19.869002,100.486419,18,96,1.9,Light Rain,0
4438,23/5/2024,24/5/2024 3:00,3,ภูชี้ดาว,19.869002,100.486419,17.7,100,2,Light Rain,0
4439,24/5/2024,24/5/2024 21:00,21,ภูชี้ดาว,19.869002,100.486419,19.3,97,0,Overcast,0
4440,24/5/2024,24/5/2024 22:00,22,ภูชี้ดาว,19.869002,100.486419,19.1,97,0,Overcast,0
4441,24/5/2024,24/5/2024 23:00,23,ภูชี้ดาว,19.869002,100.486419,18.6,98,0,Overcast,0
4442,24/5/2024,25/5/2024 0:00,0,ภูชี้ดาว,19.869002,100.486419,18.2,99,3,Rain,0
4443,24/5/2024,25/5/2024 1:00,1,ภูชี้ดาว,19.869002,100.486419,17.6,100,5.6,Rain,0
4444,24/5/2024,25/5/2024 2:00,2,ภูชี้ดาว,19.869002,100.486419,17.5,100,4.1,Rain,0
4445,24/5/2024,25/5/2024 3:00,3,ภูชี้ดาว,19.869002,100.486419,17.6,100,1.8,Light Rain,0
4446,25/5/2024,25/5/2024 21:00,21,ภูชี้ดาว,19.869002,100.486419,20.1,84,0.1,Light Drizzle,0
4447,25/5/2024,25/5/2024 22:00,22,ภูชี้ดาว,19.869002,100.486419,19.5,89,0.4,Light Drizzle,0
4448,25/5/2024,25/5/2024 23:00,23,ภูชี้ดาว,19.869002,100.486419,18.9,92,0.2,Light Drizzle,0
4449,25/5/2024,26/5/2024 0:00,0,ภูชี้ดาว,19.869002,100.486419,18.6,92,1.5,Light Rain,0
4450,25/5/2024,26/5/2024 1:00,1,ภูชี้ดาว,19.869002,100.486419,18.2,100,0.3,Light Drizzle,0
4451,25/5/2024,26/5/2024 2:00,2,ภูชี้ดาว,19.869002,100.486419,17.8,100,0.2,Light Drizzle,0
4452,25/5/2024,26/5/2024 3:00,3,ภูชี้ดาว,19.869002,100.486419,17.7,100,0.1,Light Drizzle,0
4453,26/5/2024,26/5/2024 21:00,21,ภูชี้ดาว,19.869002,100.486419,18.7,100,0,Overcast,0
4454,26/5/2024,26/5/2024 22:00,22,ภูชี้ดาว,19.869002,100.486419,19,100,0,Overcast,0
4455,26/5/2024,26/5/2024 23:00,23,ภูชี้ดาว,19.869002,100.486419,18.7,100,0,Overcast,0
4456,26/5/2024,27/5/2024 0:00,0,ภูชี้ดาว,19.869002,100.486419,19.1,95,0,Overcast,0
4457,26/5/2024,27/5/2024 1:00,1,ภูชี้ดาว,19.869002,100.486419,18.8,96,0,Overcast,0
4458,26/5/2024,27/5/2024 2:00,2,ภูชี้ดาว,19.869002,100.486419,18.7,95,0,Overcast,0
4459,26/5/2024,27/5/2024 3:00,3,ภูชี้ดาว,19.869002,100.486419,18.5,95,0,Overcast,0
4460,27/5/2024,27/5/2024 21:00,21,ภูชี้ดาว,19.869002,100.486419,19.9,92,0,Overcast,0
4461,27/5/2024,27/5/2024 22:00,22,ภูชี้ดาว,19.869002,100.486419,19.5,93,0,Overcast,0
4462,27/5/2024,27/5/2024 23:00,23,ภูชี้ดาว,19.869002,100.486419,19.6,92,0,Overcast,0
4463,27/5/2024,28/5/2024 0:00,0,ภูชี้ดาว,19.869002,100.486419,19.3,93,0,Overcast,0
4464,27/5/2024,28/5/2024 1:00,1,ภูชี้ดาว,19.869002,100.486419,18.8,96,0,Overcast,0
4465,27/5/2024,28/5/2024 2:00,2,ภูชี้ดาว,19.869002,100.486419,18.6,97,0,Overcast,0
4466,27/5/2024,28/5/2024 3:00,3,ภูชี้ดาว,19.869002,100.486419,18.5,97,0.1,Light Drizzle,0
4467,28/5/2024,28/5/2024 21:00,21,ภูชี้ดาว,19.869002,100.486419,20.5,89,0,Overcast,0
4468,28/5/2024,28/5/2024 22:00,22,ภูชี้ดาว,19.869002,100.486419,20.1,90,0,Overcast,0
4469,28/5/2024,28/5/2024 23:00,23,ภูชี้ดาว,19.869002,100.486419,19.6,92,0,Overcast,0
4470,28/5/2024,29/5/2024 0:00,0,ภูชี้ดาว,19.869002,100.486419,19.2,94,0,Overcast,0
4471,28/5/2024,29/5/2024 1:00,1,ภูชี้ดาว,19.869002,100.486419,19,94,0,Overcast,0
4472,28/5/2024,29/5/2024 2:00,2,ภูชี้ดาว,19.869002,100.486419,18.8,95,0,Overcast,0
4473,28/5/2024,29/5/2024 3:00,3,ภูชี้ดาว,19.869002,100.486419,18.6,97,0,Overcast,0
4474,29/5/2024,29/5/2024 21:00,21,ภูชี้ดาว,19.869002,100.486419,20.3,92,0,Partly Cloudy,0
4475,29/5/2024,29/5/2024 22:00,22,ภูชี้ดาว,19.869002,100.486419,20,94,0,Overcast,0
4476,29/5/2024,29/5/2024 23:00,23,ภูชี้ดาว,19.869002,100.486419,19.7,95,0,Overcast,0
4477,29/5/2024,30/5/2024 0:00,0,ภูชี้ดาว,19.869002,100.486419,19.4,96,0,Overcast,0
4478,29/5/2024,30/5/2024 1:00,1,ภูชี้ดาว,19.869002,100.486419,19.2,97,0,Overcast,0
4479,29/5/2024,30/5/2024 2:00,2,ภูชี้ดาว,19.869002,100.486419,19,98,0,Overcast,0
4480,29/5/2024,30/5/2024 3:00,3,ภูชี้ดาว,19.869002,100.486419,19,98,0,Overcast,0
4481,30/5/2024,30/5/2024 21:00,21,ภูชี้ดาว,19.869002,100.486419,23.3,75,0,Overcast,0
4482,30/5/2024,30/5/2024 22:00,22,ภูชี้ดาว,19.869002,100.486419,23.3,72,0,Overcast,0
4483,30/5/2024,30/5/2024 23:00,23,ภูชี้ดาว,19.869002,100.486419,22.5,76,0,Overcast,0
4484,30/5/2024,31/5/2024 0:00,0,ภูชี้ดาว,19.869002,100.486419,21.5,83,0,Overcast,0
4485,30/5/2024,31/5/2024 1:00,1,ภูชี้ดาว,19.869002,100.486419,20.7,89,0,Clear,0
4486,30/5/2024,31/5/2024 2:00,2,ภูชี้ดาว,19.869002,100.486419,20.2,92,0,Overcast,0
4487,30/5/2024,31/5/2024 3:00,3,ภูชี้ดาว,19.869002,100.486419,19.9,95,0,Overcast,0
4488,31/5/2024,31/5/2024 21:00,21,ภูชี้ดาว,19.869002,100.486419,21.8,89,0,Overcast,0
4489,31/5/2024,31/5/2024 22:00,22,ภูชี้ดาว,19.869002,100.486419,21.5,90,0,Overcast,0
4490,31/5/2024,31/5/2024 23:00,23,ภูชี้ดาว,19.869002,100.486419,21.3,90,0.1,Light Drizzle,0
4491,31/5/2024,1/6/2024 0:00,0,ภูชี้ดาว,19.869002,100.486419,19.8,96,3.9,Rain,0
4492,31/5/2024,1/6/2024 1:00,1,ภูชี้ดาว,19.869002,100.486419,19.4,95,1.6,Light Rain,0
4493,31/5/2024,1/6/2024 2:00,2,ภูชี้ดาว,19.869002,100.486419,18.4,100,2.3,Light Rain,0
4494,31/5/2024,1/6/2024 3:00,3,ภูชี้ดาว,19.869002,100.486419,18.1,100,3.1,Rain,0
4495,1/6/2024,1/6/2024 21:00,21,ภูชี้ดาว,19.869002,100.486419,19.8,98,0,Overcast,0
4496,1/6/2024,1/6/2024 22:00,22,ภูชี้ดาว,19.869002,100.486419,19.3,98,0,Overcast,0
4497,1/6/2024,1/6/2024 23:00,23,ภูชี้ดาว,19.869002,100.486419,18.9,95,0.8,Drizzle,0
4498,1/6/2024,2/6/2024 0:00,0,ภูชี้ดาว,19.869002,100.486419,18.3,100,2.8,Rain,0
4499,1/6/2024,2/6/2024 1:00,1,ภูชี้ดาว,19.869002,100.486419,18.2,100,0.4,Light Drizzle,0
4500,1/6/2024,2/6/2024 2:00,2,ภูชี้ดาว,19.869002,100.486419,17.8,100,0.1,Light Drizzle,0
4501,1/6/2024,2/6/2024 3:00,3,ภูชี้ดาว,19.869002,100.486419,18,100,0.4,Light Drizzle,0
4502,2/6/2024,2/6/2024 21:00,21,ภูชี้ดาว,19.869002,100.486419,19.9,90,0.2,Light Drizzle,0
4503,2/6/2024,2/6/2024 22:00,22,ภูชี้ดาว,19.869002,100.486419,19.6,91,0,Overcast,0
4504,2/6/2024,2/6/2024 23:00,23,ภูชี้ดาว,19.869002,100.486419,19.4,91,0,Overcast,0
4505,2/6/2024,3/6/2024 0:00,0,ภูชี้ดาว,19.869002,100.486419,19.1,92,0,Overcast,0
4506,2/6/2024,3/6/2024 1:00,1,ภูชี้ดาว,19.869002,100.486419,19,92,0,Overcast,0
4507,2/6/2024,3/6/2024 2:00,2,ภูชี้ดาว,19.869002,100.486419,18.6,93,0,Overcast,0
4508,2/6/2024,3/6/2024 3:00,3,ภูชี้ดาว,19.869002,100.486419,18.2,94,0.1,Light Drizzle,0
4509,3/6/2024,3/6/2024 21:00,21,ภูชี้ดาว,19.869002,100.486419,19.5,92,0,Overcast,0
4510,3/6/2024,3/6/2024 22:00,22,ภูชี้ดาว,19.869002,100.486419,19.2,93,0,Overcast,0
4511,3/6/2024,3/6/2024 23:00,23,ภูชี้ดาว,19.869002,100.486419,19,94,0,Overcast,0
4512,3/6/2024,4/6/2024 0:00,0,ภูชี้ดาว,19.869002,100.486419,18.8,94,0.1,Light Drizzle,0
4513,3/6/2024,4/6/2024 1:00,1,ภูชี้ดาว,19.869002,100.486419,18.3,95,0,Overcast,0
4514,3/6/2024,4/6/2024 2:00,2,ภูชี้ดาว,19.869002,100.486419,18.5,95,0,Overcast,0
4515,3/6/2024,4/6/2024 3:00,3,ภูชี้ดาว,19.869002,100.486419,18,97,0,Overcast,0
4516,4/6/2024,4/6/2024 21:00,21,ภูชี้ดาว,19.869002,100.486419,20.3,88,0,Overcast,0
4517,4/6/2024,4/6/2024 22:00,22,ภูชี้ดาว,19.869002,100.486419,20.1,87,0,Overcast,0
4518,4/6/2024,4/6/2024 23:00,23,ภูชี้ดาว,19.869002,100.486419,20.1,85,0,Partly Cloudy,0
4519,4/6/2024,5/6/2024 0:00,0,ภูชี้ดาว,19.869002,100.486419,19.9,84,0,Overcast,0
4520,4/6/2024,5/6/2024 1:00,1,ภูชี้ดาว,19.869002,100.486419,19.2,86,0,Overcast,0
4521,4/6/2024,5/6/2024 2:00,2,ภูชี้ดาว,19.869002,100.486419,18.9,89,0,Partly Cloudy,0
4522,4/6/2024,5/6/2024 3:00,3,ภูชี้ดาว,19.869002,100.486419,18.3,92,0,Partly Cloudy,0
4523,5/6/2024,5/6/2024 21:00,21,ภูชี้ดาว,19.869002,100.486419,21.4,80,0,Overcast,0
4524,5/6/2024,5/6/2024 22:00,22,ภูชี้ดาว,19.869002,100.486419,20.8,80,0,Overcast,0
4525,5/6/2024,5/6/2024 23:00,23,ภูชี้ดาว,19.869002,100.486419,19.9,85,0,Overcast,0
4526,5/6/2024,6/6/2024 0:00,0,ภูชี้ดาว,19.869002,100.486419,19,91,0.1,Light Drizzle,0
4527,5/6/2024,6/6/2024 1:00,1,ภูชี้ดาว,19.869002,100.486419,18.9,92,0,Overcast,0
4528,5/6/2024,6/6/2024 2:00,2,ภูชี้ดาว,19.869002,100.486419,19,92,0,Overcast,0
4529,5/6/2024,6/6/2024 3:00,3,ภูชี้ดาว,19.869002,100.486419,18.9,94,0,Overcast,0
4530,6/6/2024,6/6/2024 21:00,21,ภูชี้ดาว,19.869002,100.486419,20.6,85,0,Overcast,0
4531,6/6/2024,6/6/2024 22:00,22,ภูชี้ดาว,19.869002,100.486419,20,87,0,Overcast,0
4532,6/6/2024,6/6/2024 23:00,23,ภูชี้ดาว,19.869002,100.486419,19.8,87,0.1,Light Drizzle,0
4533,6/6/2024,7/6/2024 0:00,0,ภูชี้ดาว,19.869002,100.486419,19.5,89,0,Overcast,0
4534,6/6/2024,7/6/2024 1:00,1,ภูชี้ดาว,19.869002,100.486419,19.1,90,0,Overcast,0
4535,6/6/2024,7/6/2024 2:00,2,ภูชี้ดาว,19.869002,100.486419,18.7,93,0.1,Light Drizzle,0
4536,6/6/2024,7/6/2024 3:00,3,ภูชี้ดาว,19.869002,100.486419,18.4,94,0.1,Light Drizzle,0
4537,7/6/2024,7/6/2024 21:00,21,ภูชี้ดาว,19.869002,100.486419,19.9,88,0,Overcast,0
4538,7/6/2024,7/6/2024 22:00,22,ภูชี้ดาว,19.869002,100.486419,19.6,89,0,Overcast,0
4539,7/6/2024,7/6/2024 23:00,23,ภูชี้ดาว,19.869002,100.486419,18.4,94,3.8,Rain,0
4540,7/6/2024,8/6/2024 0:00,0,ภูชี้ดาว,19.869002,100.486419,18.4,97,0.1,Light Drizzle,0
4541,7/6/2024,8/6/2024 1:00,1,ภูชี้ดาว,19.869002,100.486419,18.1,100,0.2,Light Drizzle,0
4542,7/6/2024,8/6/2024 2:00,2,ภูชี้ดาว,19.869002,100.486419,17.9,100,0.2,Light Drizzle,0
4543,7/6/2024,8/6/2024 3:00,3,ภูชี้ดาว,19.869002,100.486419,17.6,100,0.1,Light Drizzle,0
4544,8/6/2024,8/6/2024 21:00,21,ภูชี้ดาว,19.869002,100.486419,19.7,93,0,Overcast,0
4545,8/6/2024,8/6/2024 22:00,22,ภูชี้ดาว,19.869002,100.486419,19.2,94,0,Overcast,0
4546,8/6/2024,8/6/2024 23:00,23,ภูชี้ดาว,19.869002,100.486419,18.8,95,0,Overcast,0
4547,8/6/2024,9/6/2024 0:00,0,ภูชี้ดาว,19.869002,100.486419,18.7,96,0,Overcast,0
4548,8/6/2024,9/6/2024 1:00,1,ภูชี้ดาว,19.869002,100.486419,18.9,96,0,Overcast,0
4549,8/6/2024,9/6/2024 2:00,2,ภูชี้ดาว,19.869002,100.486419,18.3,98,0,Overcast,0
4550,8/6/2024,9/6/2024 3:00,3,ภูชี้ดาว,19.869002,100.486419,18,96,0,Overcast,0
4551,9/6/2024,9/6/2024 21:00,21,ภูชี้ดาว,19.869002,100.486419,19.4,99,0,Overcast,0
4552,9/6/2024,9/6/2024 22:00,22,ภูชี้ดาว,19.869002,100.486419,19.5,99,0,Overcast,0
4553,9/6/2024,9/6/2024 23:00,23,ภูชี้ดาว,19.869002,100.486419,18.7,100,0,Overcast,0
4554,9/6/2024,10/6/2024 0:00,0,ภูชี้ดาว,19.869002,100.486419,18.5,100,0,Overcast,0
4555,9/6/2024,10/6/2024 1:00,1,ภูชี้ดาว,19.869002,100.486419,19,99,0,Overcast,0
4556,9/6/2024,10/6/2024 2:00,2,ภูชี้ดาว,19.869002,100.486419,18.6,98,0,Overcast,0
4557,9/6/2024,10/6/2024 3:00,3,ภูชี้ดาว,19.869002,100.486419,18.3,99,0.1,Light Drizzle,0
4558,10/6/2024,10/6/2024 21:00,21,ภูชี้ดาว,19.869002,100.486419,19.7,98,0,Overcast,0
4559,10/6/2024,10/6/2024 22:00,22,ภูชี้ดาว,19.869002,100.486419,19.5,99,0,Overcast,0
4560,10/6/2024,10/6/2024 23:00,23,ภูชี้ดาว,19.869002,100.486419,19.1,99,0,Overcast,0
4561,10/6/2024,11/6/2024 0:00,0,ภูชี้ดาว,19.869002,100.486419,18.6,98,0.2,Light Drizzle,0
4562,10/6/2024,11/6/2024 1:00,1,ภูชี้ดาว,19.869002,100.486419,18.4,99,0,Overcast,0
4563,10/6/2024,11/6/2024 2:00,2,ภูชี้ดาว,19.869002,100.486419,18.2,100,0,Overcast,0
4564,10/6/2024,11/6/2024 3:00,3,ภูชี้ดาว,19.869002,100.486419,17.8,100,0,Overcast,0
4565,11/6/2024,11/6/2024 21:00,21,ภูชี้ดาว,19.869002,100.486419,19.2,96,0,Overcast,0
4566,11/6/2024,11/6/2024 22:00,22,ภูชี้ดาว,19.869002,100.486419,18.8,95,0.2,Light Drizzle,0
4567,11/6/2024,11/6/2024 23:00,23,ภูชี้ดาว,19.869002,100.486419,18.5,95,0,Overcast,0
4568,11/6/2024,12/6/2024 0:00,0,ภูชี้ดาว,19.869002,100.486419,18.2,97,0.1,Light Drizzle,0
4569,11/6/2024,12/6/2024 1:00,1,ภูชี้ดาว,19.869002,100.486419,18.2,98,0.1,Light Drizzle,0
4570,11/6/2024,12/6/2024 2:00,2,ภูชี้ดาว,19.869002,100.486419,18,99,0,Overcast,0
4571,11/6/2024,12/6/2024 3:00,3,ภูชี้ดาว,19.869002,100.486419,17.9,99,0,Overcast,0
4572,12/6/2024,12/6/2024 21:00,21,ภูชี้ดาว,19.869002,100.486419,19.7,87,0,Overcast,0
4573,12/6/2024,12/6/2024 22:00,22,ภูชี้ดาว,19.869002,100.486419,19.1,90,0,Overcast,0
4574,12/6/2024,12/6/2024 23:00,23,ภูชี้ดาว,19.869002,100.486419,18.8,91,0,Overcast,0
4575,12/6/2024,13/6/2024 0:00,0,ภูชี้ดาว,19.869002,100.486419,18.6,92,0,Overcast,0
4576,12/6/2024,13/6/2024 1:00,1,ภูชี้ดาว,19.869002,100.486419,18.3,94,0,Overcast,0
4577,12/6/2024,13/6/2024 2:00,2,ภูชี้ดาว,19.869002,100.486419,18,96,0,Overcast,0
4578,12/6/2024,13/6/2024 3:00,3,ภูชี้ดาว,19.869002,100.486419,17.8,96,0,Overcast,0
4579,13/6/2024,13/6/2024 21:00,21,ภูชี้ดาว,19.869002,100.486419,20.1,84,0,Overcast,0
4580,13/6/2024,13/6/2024 22:00,22,ภูชี้ดาว,19.869002,100.486419,19.6,85,0,Overcast,0
4581,13/6/2024,13/6/2024 23:00,23,ภูชี้ดาว,19.869002,100.486419,19.2,87,0,Overcast,0
4582,13/6/2024,14/6/2024 0:00,0,ภูชี้ดาว,19.869002,100.486419,18.9,88,0,Overcast,0
4583,13/6/2024,14/6/2024 1:00,1,ภูชี้ดาว,19.869002,100.486419,18.5,91,0,Overcast,0
4584,13/6/2024,14/6/2024 2:00,2,ภูชี้ดาว,19.869002,100.486419,18.2,93,0,Overcast,0
4585,13/6/2024,14/6/2024 3:00,3,ภูชี้ดาว,19.869002,100.486419,18.1,94,0,Overcast,0
4586,14/6/2024,14/6/2024 21:00,21,ภูชี้ดาว,19.869002,100.486419,19.9,89,0,Overcast,0
4587,14/6/2024,14/6/2024 22:00,22,ภูชี้ดาว,19.869002,100.486419,19.6,90,0,Overcast,0
4588,14/6/2024,14/6/2024 23:00,23,ภูชี้ดาว,19.869002,100.486419,19.4,91,0.1,Light Drizzle,0
4589,14/6/2024,15/6/2024 0:00,0,ภูชี้ดาว,19.869002,100.486419,19.3,92,0,Overcast,0
4590,14/6/2024,15/6/2024 1:00,1,ภูชี้ดาว,19.869002,100.486419,18.8,95,0,Overcast,0
4591,14/6/2024,15/6/2024 2:00,2,ภูชี้ดาว,19.869002,100.486419,18.6,96,0,Overcast,0
4592,14/6/2024,15/6/2024 3:00,3,ภูชี้ดาว,19.869002,100.486419,18.3,97,0.1,Light Drizzle,0
4593,15/6/2024,15/6/2024 21:00,21,ภูชี้ดาว,19.869002,100.486419,21.1,82,0,Overcast,0
4594,15/6/2024,15/6/2024 22:00,22,ภูชี้ดาว,19.869002,100.486419,20.3,86,0,Overcast,0
4595,15/6/2024,15/6/2024 23:00,23,ภูชี้ดาว,19.869002,100.486419,19.7,90,0,Overcast,0
4596,15/6/2024,16/6/2024 0:00,0,ภูชี้ดาว,19.869002,100.486419,19.4,91,0,Overcast,0
4597,15/6/2024,16/6/2024 1:00,1,ภูชี้ดาว,19.869002,100.486419,19.1,92,0,Overcast,0
4598,15/6/2024,16/6/2024 2:00,2,ภูชี้ดาว,19.869002,100.486419,18.8,93,0,Overcast,0
4599,15/6/2024,16/6/2024 3:00,3,ภูชี้ดาว,19.869002,100.486419,18.6,95,0,Overcast,0
4600,16/6/2024,16/6/2024 21:00,21,ภูชี้ดาว,19.869002,100.486419,21.1,85,0,Overcast,0
4601,16/6/2024,16/6/2024 22:00,22,ภูชี้ดาว,19.869002,100.486419,20.7,87,0,Overcast,0
4602,16/6/2024,16/6/2024 23:00,23,ภูชี้ดาว,19.869002,100.486419,20.4,89,0,Overcast,0
4603,16/6/2024,17/6/2024 0:00,0,ภูชี้ดาว,19.869002,100.486419,20.2,89,0,Overcast,0
4604,16/6/2024,17/6/2024 1:00,1,ภูชี้ดาว,19.869002,100.486419,20,88,0,Overcast,0
4605,16/6/2024,17/6/2024 2:00,2,ภูชี้ดาว,19.869002,100.486419,19.5,89,0,Overcast,0
4606,16/6/2024,17/6/2024 3:00,3,ภูชี้ดาว,19.869002,100.486419,19,91,0,Overcast,0
4607,17/6/2024,17/6/2024 21:00,21,ภูชี้ดาว,19.869002,100.486419,20.8,86,0,Overcast,0
4608,17/6/2024,17/6/2024 22:00,22,ภูชี้ดาว,19.869002,100.486419,20.2,89,0,Overcast,0
4609,17/6/2024,17/6/2024 23:00,23,ภูชี้ดาว,19.869002,100.486419,19.5,92,0,Overcast,0
4610,17/6/2024,18/6/2024 0:00,0,ภูชี้ดาว,19.869002,100.486419,19.2,93,0,Overcast,0
4611,17/6/2024,18/6/2024 1:00,1,ภูชี้ดาว,19.869002,100.486419,18.8,94,0,Overcast,0
4612,17/6/2024,18/6/2024 2:00,2,ภูชี้ดาว,19.869002,100.486419,18.6,95,0,Overcast,0
4613,17/6/2024,18/6/2024 3:00,3,ภูชี้ดาว,19.869002,100.486419,18.5,94,0,Overcast,0
4614,18/6/2024,18/6/2024 21:00,21,ภูชี้ดาว,19.869002,100.486419,20.5,88,0,Overcast,0
4615,18/6/2024,18/6/2024 22:00,22,ภูชี้ดาว,19.869002,100.486419,20.2,89,0,Overcast,0
4616,18/6/2024,18/6/2024 23:00,23,ภูชี้ดาว,19.869002,100.486419,19.7,91,0,Overcast,0
4617,18/6/2024,19/6/2024 0:00,0,ภูชี้ดาว,19.869002,100.486419,19.4,92,0,Overcast,0
4618,18/6/2024,19/6/2024 1:00,1,ภูชี้ดาว,19.869002,100.486419,19.2,92,0,Overcast,0
4619,18/6/2024,19/6/2024 2:00,2,ภูชี้ดาว,19.869002,100.486419,18.7,93,0,Overcast,0
4620,18/6/2024,19/6/2024 3:00,3,ภูชี้ดาว,19.869002,100.486419,18.3,94,0,Overcast,0
4621,19/6/2024,19/6/2024 21:00,21,ภูชี้ดาว,19.869002,100.486419,21.1,79,0,Overcast,0
4622,19/6/2024,19/6/2024 22:00,22,ภูชี้ดาว,19.869002,100.486419,20.6,81,0,Overcast,0
4623,19/6/2024,19/6/2024 23:00,23,ภูชี้ดาว,19.869002,100.486419,20.1,83,0,Overcast,0
4624,19/6/2024,20/6/2024 0:00,0,ภูชี้ดาว,19.869002,100.486419,19.8,84,0,Overcast,0
4625,19/6/2024,20/6/2024 1:00,1,ภูชี้ดาว,19.869002,100.486419,19.5,86,0,Overcast,0
4626,19/6/2024,20/6/2024 2:00,2,ภูชี้ดาว,19.869002,100.486419,19.6,86,0,Overcast,0
4627,19/6/2024,20/6/2024 3:00,3,ภูชี้ดาว,19.869002,100.486419,19.4,87,0,Overcast,0
4628,20/6/2024,20/6/2024 21:00,21,ภูชี้ดาว,19.869002,100.486419,21.5,78,0,Overcast,0
4629,20/6/2024,20/6/2024 22:00,22,ภูชี้ดาว,19.869002,100.486419,21.1,80,0,Overcast,0
4630,20/6/2024,20/6/2024 23:00,23,ภูชี้ดาว,19.869002,100.486419,20.6,83,0,Overcast,0
4631,20/6/2024,21/6/2024 0:00,0,ภูชี้ดาว,19.869002,100.486419,20.1,86,0,Overcast,0
4632,20/6/2024,21/6/2024 1:00,1,ภูชี้ดาว,19.869002,100.486419,19.7,87,0,Overcast,0
4633,20/6/2024,21/6/2024 2:00,2,ภูชี้ดาว,19.869002,100.486419,19.2,90,0,Overcast,0
4634,20/6/2024,21/6/2024 3:00,3,ภูชี้ดาว,19.869002,100.486419,19.1,91,0,Overcast,0
4635,21/6/2024,21/6/2024 21:00,21,ภูชี้ดาว,19.869002,100.486419,21.9,85,0,Overcast,0
4636,21/6/2024,21/6/2024 22:00,22,ภูชี้ดาว,19.869002,100.486419,21.6,85,0,Overcast,0
4637,21/6/2024,21/6/2024 23:00,23,ภูชี้ดาว,19.869002,100.486419,21.7,81,0,Overcast,0
4638,21/6/2024,22/6/2024 0:00,0,ภูชี้ดาว,19.869002,100.486419,21.7,79,0,Overcast,0
4639,21/6/2024,22/6/2024 1:00,1,ภูชี้ดาว,19.869002,100.486419,21.2,79,0,Overcast,0
4640,21/6/2024,22/6/2024 2:00,2,ภูชี้ดาว,19.869002,100.486419,21,79,0,Partly Cloudy,1
4641,21/6/2024,22/6/2024 3:00,3,ภูชี้ดาว,19.869002,100.486419,20.6,80,0,Overcast,0
4642,22/6/2024,22/6/2024 21:00,21,ภูชี้ดาว,19.869002,100.486419,22.6,83,0,Partly Cloudy,0
4643,22/6/2024,22/6/2024 22:00,22,ภูชี้ดาว,19.869002,100.486419,21.9,82,0,Overcast,0
4644,22/6/2024,22/6/2024 23:00,23,ภูชี้ดาว,19.869002,100.486419,21.5,87,0,Partly Cloudy,0
4645,22/6/2024,23/6/2024 0:00,0,ภูชี้ดาว,19.869002,100.486419,21.3,87,0,Overcast,0
4646,22/6/2024,23/6/2024 1:00,1,ภูชี้ดาว,19.869002,100.486419,20,94,0.7,Drizzle,0
4647,22/6/2024,23/6/2024 2:00,2,ภูชี้ดาว,19.869002,100.486419,19.4,98,0.8,Drizzle,0
4648,22/6/2024,23/6/2024 3:00,3,ภูชี้ดาว,19.869002,100.486419,19.1,98,0,Overcast,0
4649,23/6/2024,23/6/2024 21:00,21,ภูชี้ดาว,19.869002,100.486419,20.3,94,0,Overcast,0
4650,23/6/2024,23/6/2024 22:00,22,ภูชี้ดาว,19.869002,100.486419,20.3,93,0,Overcast,0
4651,23/6/2024,23/6/2024 23:00,23,ภูชี้ดาว,19.869002,100.486419,19.8,95,0,Overcast,0
4652,23/6/2024,24/6/2024 0:00,0,ภูชี้ดาว,19.869002,100.486419,19.8,95,0,Overcast,0
4653,23/6/2024,24/6/2024 1:00,1,ภูชี้ดาว,19.869002,100.486419,19.5,95,0,Overcast,0
4654,23/6/2024,24/6/2024 2:00,2,ภูชี้ดาว,19.869002,100.486419,19,98,0,Overcast,0
4655,23/6/2024,24/6/2024 3:00,3,ภูชี้ดาว,19.869002,100.486419,18.5,99,0,Overcast,0
4656,24/6/2024,24/6/2024 21:00,21,ภูชี้ดาว,19.869002,100.486419,20.5,97,0,Overcast,0
4657,24/6/2024,24/6/2024 22:00,22,ภูชี้ดาว,19.869002,100.486419,20.2,98,0,Overcast,0
4658,24/6/2024,24/6/2024 23:00,23,ภูชี้ดาว,19.869002,100.486419,19.7,99,0,Overcast,0
4659,24/6/2024,25/6/2024 0:00,0,ภูชี้ดาว,19.869002,100.486419,19.1,100,0,Overcast,0
4660,24/6/2024,25/6/2024 1:00,1,ภูชี้ดาว,19.869002,100.486419,18.4,97,1,Heavy Drizzle,0
4661,24/6/2024,25/6/2024 2:00,2,ภูชี้ดาว,19.869002,100.486419,18.2,98,0.2,Light Drizzle,0
4662,24/6/2024,25/6/2024 3:00,3,ภูชี้ดาว,19.869002,100.486419,17.9,100,0.5,Drizzle,0
4663,25/6/2024,25/6/2024 21:00,21,ภูชี้ดาว,19.869002,100.486419,18.8,100,0.3,Light Drizzle,0
4664,25/6/2024,25/6/2024 22:00,22,ภูชี้ดาว,19.869002,100.486419,18.7,100,0.9,Drizzle,0
4665,25/6/2024,25/6/2024 23:00,23,ภูชี้ดาว,19.869002,100.486419,18.2,99,0.8,Drizzle,0
4666,25/6/2024,26/6/2024 0:00,0,ภูชี้ดาว,19.869002,100.486419,18.1,99,0.8,Drizzle,0
4667,25/6/2024,26/6/2024 1:00,1,ภูชี้ดาว,19.869002,100.486419,17.7,100,0.5,Drizzle,0
4668,25/6/2024,26/6/2024 2:00,2,ภูชี้ดาว,19.869002,100.486419,17.9,100,0.8,Drizzle,0
4669,25/6/2024,26/6/2024 3:00,3,ภูชี้ดาว,19.869002,100.486419,17.9,98,0,Overcast,0
4670,26/6/2024,26/6/2024 21:00,21,ภูชี้ดาว,19.869002,100.486419,19.3,94,0.5,Drizzle,0
4671,26/6/2024,26/6/2024 22:00,22,ภูชี้ดาว,19.869002,100.486419,18.6,100,1.9,Light Rain,0
4672,26/6/2024,26/6/2024 23:00,23,ภูชี้ดาว,19.869002,100.486419,18.4,100,2.4,Light Rain,0
4673,26/6/2024,27/6/2024 0:00,0,ภูชี้ดาว,19.869002,100.486419,18.3,99,0.3,Light Drizzle,0
4674,26/6/2024,27/6/2024 1:00,1,ภูชี้ดาว,19.869002,100.486419,18,100,0.5,Drizzle,0
4675,26/6/2024,27/6/2024 2:00,2,ภูชี้ดาว,19.869002,100.486419,17.7,100,0.9,Drizzle,0
4676,26/6/2024,27/6/2024 3:00,3,ภูชี้ดาว,19.869002,100.486419,17.6,100,0.1,Light Drizzle,0
4677,27/6/2024,27/6/2024 21:00,21,ภูชี้ดาว,19.869002,100.486419,20.3,90,0,Overcast,0
4678,27/6/2024,27/6/2024 22:00,22,ภูชี้ดาว,19.869002,100.486419,19.7,93,0,Overcast,0
4679,27/6/2024,27/6/2024 23:00,23,ภูชี้ดาว,19.869002,100.486419,19.7,93,0,Overcast,0
4680,27/6/2024,28/6/2024 0:00,0,ภูชี้ดาว,19.869002,100.486419,19.2,91,0.2,Light Drizzle,0
4681,27/6/2024,28/6/2024 1:00,1,ภูชี้ดาว,19.869002,100.486419,18.9,90,0,Overcast,0
4682,27/6/2024,28/6/2024 2:00,2,ภูชี้ดาว,19.869002,100.486419,18.5,92,0,Overcast,0
4683,27/6/2024,28/6/2024 3:00,3,ภูชี้ดาว,19.869002,100.486419,18.7,92,0,Overcast,0
4684,28/6/2024,28/6/2024 21:00,21,ภูชี้ดาว,19.869002,100.486419,21.2,88,0,Overcast,0
4685,28/6/2024,28/6/2024 22:00,22,ภูชี้ดาว,19.869002,100.486419,20.7,88,0,Overcast,0
4686,28/6/2024,28/6/2024 23:00,23,ภูชี้ดาว,19.869002,100.486419,20.7,88,0,Overcast,0
4687,28/6/2024,29/6/2024 0:00,0,ภูชี้ดาว,19.869002,100.486419,20.2,87,0,Overcast,0
4688,28/6/2024,29/6/2024 1:00,1,ภูชี้ดาว,19.869002,100.486419,19.6,88,0,Overcast,0
4689,28/6/2024,29/6/2024 2:00,2,ภูชี้ดาว,19.869002,100.486419,19.3,91,0,Overcast,0
4690,28/6/2024,29/6/2024 3:00,3,ภูชี้ดาว,19.869002,100.486419,19.2,93,0,Overcast,0
4691,29/6/2024,29/6/2024 21:00,21,ภูชี้ดาว,19.869002,100.486419,21.2,84,0,Overcast,0
4692,29/6/2024,29/6/2024 22:00,22,ภูชี้ดาว,19.869002,100.486419,20.6,86,0,Overcast,0
4693,29/6/2024,29/6/2024 23:00,23,ภูชี้ดาว,19.869002,100.486419,19.9,87,0,Overcast,0
4694,29/6/2024,30/6/2024 0:00,0,ภูชี้ดาว,19.869002,100.486419,19.5,89,0,Overcast,0
4695,29/6/2024,30/6/2024 1:00,1,ภูชี้ดาว,19.869002,100.486419,18.9,92,0.1,Light Drizzle,0
4696,29/6/2024,30/6/2024 2:00,2,ภูชี้ดาว,19.869002,100.486419,17.9,100,4.4,Rain,0
4697,29/6/2024,30/6/2024 3:00,3,ภูชี้ดาว,19.869002,100.486419,18,98,0.1,Light Drizzle,0
4698,30/6/2024,30/6/2024 21:00,21,ภูชี้ดาว,19.869002,100.486419,20.2,90,0.1,Light Drizzle,0
4699,30/6/2024,30/6/2024 22:00,22,ภูชี้ดาว,19.869002,100.486419,19.7,91,0.1,Light Drizzle,0
4700,30/6/2024,30/6/2024 23:00,23,ภูชี้ดาว,19.869002,100.486419,19.3,92,0,Overcast,0
4701,30/6/2024,1/7/2024 0:00,0,ภูชี้ดาว,19.869002,100.486419,18.9,93,0,Overcast,0
4702,30/6/2024,1/7/2024 1:00,1,ภูชี้ดาว,19.869002,100.486419,18.7,95,0,Overcast,0
4703,30/6/2024,1/7/2024 2:00,2,ภูชี้ดาว,19.869002,100.486419,18.7,96,0,Overcast,0
4704,30/6/2024,1/7/2024 3:00,3,ภูชี้ดาว,19.869002,100.486419,18.5,97,0,Overcast,0
4705,1/7/2024,1/7/2024 21:00,21,ภูชี้ดาว,19.869002,100.486419,19.4,95,0,Overcast,0
4706,1/7/2024,1/7/2024 22:00,22,ภูชี้ดาว,19.869002,100.486419,19,96,0,Overcast,0
4707,1/7/2024,1/7/2024 23:00,23,ภูชี้ดาว,19.869002,100.486419,18.8,95,0,Overcast,0
4708,1/7/2024,2/7/2024 0:00,0,ภูชี้ดาว,19.869002,100.486419,18.4,95,0,Overcast,0
4709,1/7/2024,2/7/2024 1:00,1,ภูชี้ดาว,19.869002,100.486419,18.1,95,0,Overcast,0
4710,1/7/2024,2/7/2024 2:00,2,ภูชี้ดาว,19.869002,100.486419,17.9,96,0,Overcast,0
4711,1/7/2024,2/7/2024 3:00,3,ภูชี้ดาว,19.869002,100.486419,17.6,97,0,Overcast,0
4712,2/7/2024,2/7/2024 21:00,21,ภูชี้ดาว,19.869002,100.486419,20.4,87,0,Overcast,0
4713,2/7/2024,2/7/2024 22:00,22,ภูชี้ดาว,19.869002,100.486419,20,89,0,Overcast,0
4714,2/7/2024,2/7/2024 23:00,23,ภูชี้ดาว,19.869002,100.486419,19.6,90,0,Overcast,0
4715,2/7/2024,3/7/2024 0:00,0,ภูชี้ดาว,19.869002,100.486419,19.3,90,0,Overcast,0
4716,2/7/2024,3/7/2024 1:00,1,ภูชี้ดาว,19.869002,100.486419,18.9,90,0,Overcast,0
4717,2/7/2024,3/7/2024 2:00,2,ภูชี้ดาว,19.869002,100.486419,18.6,90,0,Overcast,0
4718,2/7/2024,3/7/2024 3:00,3,ภูชี้ดาว,19.869002,100.486419,18.2,92,0,Overcast,0
4719,3/7/2024,3/7/2024 21:00,21,ภูชี้ดาว,19.869002,100.486419,19.8,94,0.3,Light Drizzle,0
4720,3/7/2024,3/7/2024 22:00,22,ภูชี้ดาว,19.869002,100.486419,18.9,99,1.9,Light Rain,0
4721,3/7/2024,3/7/2024 23:00,23,ภูชี้ดาว,19.869002,100.486419,18.8,100,1.4,Light Rain,0
4722,3/7/2024,4/7/2024 0:00,0,ภูชี้ดาว,19.869002,100.486419,18.7,100,0.8,Drizzle,0
4723,3/7/2024,4/7/2024 1:00,1,ภูชี้ดาว,19.869002,100.486419,18,100,1.3,Light Rain,0
4724,3/7/2024,4/7/2024 2:00,2,ภูชี้ดาว,19.869002,100.486419,18.1,100,1.6,Light Rain,0
4725,3/7/2024,4/7/2024 3:00,3,ภูชี้ดาว,19.869002,100.486419,17.6,100,2.2,Light Rain,0
4726,4/7/2024,4/7/2024 21:00,21,ภูชี้ดาว,19.869002,100.486419,19.5,97,0,Overcast,0
4727,4/7/2024,4/7/2024 22:00,22,ภูชี้ดาว,19.869002,100.486419,19.2,98,0,Overcast,0
4728,4/7/2024,4/7/2024 23:00,23,ภูชี้ดาว,19.869002,100.486419,18.7,99,0.1,Light Drizzle,0
4729,4/7/2024,5/7/2024 0:00,0,ภูชี้ดาว,19.869002,100.486419,18.2,99,0.6,Drizzle,0
4730,4/7/2024,5/7/2024 1:00,1,ภูชี้ดาว,19.869002,100.486419,17.8,100,0.1,Light Drizzle,0
4731,4/7/2024,5/7/2024 2:00,2,ภูชี้ดาว,19.869002,100.486419,17.8,99,0.1,Light Drizzle,0
4732,4/7/2024,5/7/2024 3:00,3,ภูชี้ดาว,19.869002,100.486419,17.5,97,0.1,Light Drizzle,0
4733,5/7/2024,5/7/2024 21:00,21,ภูชี้ดาว,19.869002,100.486419,19.4,95,0,Overcast,0
4734,5/7/2024,5/7/2024 22:00,22,ภูชี้ดาว,19.869002,100.486419,19.4,94,0,Overcast,0
4735,5/7/2024,5/7/2024 23:00,23,ภูชี้ดาว,19.869002,100.486419,19.6,92,0,Overcast,0
4736,5/7/2024,6/7/2024 0:00,0,ภูชี้ดาว,19.869002,100.486419,18.6,95,0,Overcast,0
4737,5/7/2024,6/7/2024 1:00,1,ภูชี้ดาว,19.869002,100.486419,18.4,95,1.3,Light Rain,0
4738,5/7/2024,6/7/2024 2:00,2,ภูชี้ดาว,19.869002,100.486419,17.8,98,0,Overcast,0
4739,5/7/2024,6/7/2024 3:00,3,ภูชี้ดาว,19.869002,100.486419,17.5,99,0,Overcast,0
4740,6/7/2024,6/7/2024 21:00,21,ภูชี้ดาว,19.869002,100.486419,19.6,94,0,Overcast,0
4741,6/7/2024,6/7/2024 22:00,22,ภูชี้ดาว,19.869002,100.486419,19.5,92,0,Overcast,0
4742,6/7/2024,6/7/2024 23:00,23,ภูชี้ดาว,19.869002,100.486419,20.2,88,0,Mainly Clear,0
4743,6/7/2024,7/7/2024 0:00,0,ภูชี้ดาว,19.869002,100.486419,18.9,92,0,Mainly Clear,0
4744,6/7/2024,7/7/2024 1:00,1,ภูชี้ดาว,19.869002,100.486419,18.6,93,0,Clear,1
4745,6/7/2024,7/7/2024 2:00,2,ภูชี้ดาว,19.869002,100.486419,19.8,87,0,Clear,0
4746,6/7/2024,7/7/2024 3:00,3,ภูชี้ดาว,19.869002,100.486419,19.6,86,0.1,Light Drizzle,0
4747,7/7/2024,7/7/2024 21:00,21,ภูชี้ดาว,19.869002,100.486419,20.6,92,0,Overcast,0
4748,7/7/2024,7/7/2024 22:00,22,ภูชี้ดาว,19.869002,100.486419,19.7,96,0,Overcast,0
4749,7/7/2024,7/7/2024 23:00,23,ภูชี้ดาว,19.869002,100.486419,19.6,96,0,Overcast,0
4750,7/7/2024,8/7/2024 0:00,0,ภูชี้ดาว,19.869002,100.486419,19.4,97,0,Overcast,0
4751,7/7/2024,8/7/2024 1:00,1,ภูชี้ดาว,19.869002,100.486419,18.7,98,0,Clear,0
4752,7/7/2024,8/7/2024 2:00,2,ภูชี้ดาว,19.869002,100.486419,18.5,99,0,Overcast,0
4753,7/7/2024,8/7/2024 3:00,3,ภูชี้ดาว,19.869002,100.486419,18.2,100,0,Partly Cloudy,0
4754,8/7/2024,8/7/2024 21:00,21,ภูชี้ดาว,19.869002,100.486419,20.9,85,0,Overcast,0
4755,8/7/2024,8/7/2024 22:00,22,ภูชี้ดาว,19.869002,100.486419,20.1,90,0,Overcast,0
4756,8/7/2024,8/7/2024 23:00,23,ภูชี้ดาว,19.869002,100.486419,19.7,91,0,Partly Cloudy,0
4757,8/7/2024,9/7/2024 0:00,0,ภูชี้ดาว,19.869002,100.486419,19.4,92,0,Overcast,0
4758,8/7/2024,9/7/2024 1:00,1,ภูชี้ดาว,19.869002,100.486419,18.7,92,0.1,Light Drizzle,0
4759,8/7/2024,9/7/2024 2:00,2,ภูชี้ดาว,19.869002,100.486419,18.2,92,2.1,Light Rain,0
4760,8/7/2024,9/7/2024 3:00,3,ภูชี้ดาว,19.869002,100.486419,18,96,0.1,Light Drizzle,0
4761,9/7/2024,9/7/2024 21:00,21,ภูชี้ดาว,19.869002,100.486419,20.5,86,0,Overcast,0
4762,9/7/2024,9/7/2024 22:00,22,ภูชี้ดาว,19.869002,100.486419,20.1,89,0,Overcast,0
4763,9/7/2024,9/7/2024 23:00,23,ภูชี้ดาว,19.869002,100.486419,19.8,89,0,Overcast,0
4764,9/7/2024,10/7/2024 0:00,0,ภูชี้ดาว,19.869002,100.486419,19.3,89,0,Overcast,0
4765,9/7/2024,10/7/2024 1:00,1,ภูชี้ดาว,19.869002,100.486419,19.1,87,0,Overcast,0
4766,9/7/2024,10/7/2024 2:00,2,ภูชี้ดาว,19.869002,100.486419,18.8,88,0,Overcast,0
4767,9/7/2024,10/7/2024 3:00,3,ภูชี้ดาว,19.869002,100.486419,18.8,89,0,Overcast,0
4768,10/7/2024,10/7/2024 21:00,21,ภูชี้ดาว,19.869002,100.486419,21.5,80,0,Overcast,1
4769,10/7/2024,10/7/2024 22:00,22,ภูชี้ดาว,19.869002,100.486419,20,85,2.2,Light Rain,0
4770,10/7/2024,10/7/2024 23:00,23,ภูชี้ดาว,19.869002,100.486419,18.4,100,2.7,Rain,0
4771,10/7/2024,11/7/2024 0:00,0,ภูชี้ดาว,19.869002,100.486419,17.9,100,2.2,Light Rain,0
4772,10/7/2024,11/7/2024 1:00,1,ภูชี้ดาว,19.869002,100.486419,17.9,100,2.7,Rain,0
4773,10/7/2024,11/7/2024 2:00,2,ภูชี้ดาว,19.869002,100.486419,17.9,100,1.8,Light Rain,0
4774,10/7/2024,11/7/2024 3:00,3,ภูชี้ดาว,19.869002,100.486419,17.7,100,0.4,Light Drizzle,0
4775,11/7/2024,11/7/2024 21:00,21,ภูชี้ดาว,19.869002,100.486419,20.1,92,0,Overcast,0
4776,11/7/2024,11/7/2024 22:00,22,ภูชี้ดาว,19.869002,100.486419,19,94,0,Overcast,0
4777,11/7/2024,11/7/2024 23:00,23,ภูชี้ดาว,19.869002,100.486419,19.4,91,0.6,Drizzle,0
4778,11/7/2024,12/7/2024 0:00,0,ภูชี้ดาว,19.869002,100.486419,18,100,5,Rain,0
4779,11/7/2024,12/7/2024 1:00,1,ภูชี้ดาว,19.869002,100.486419,17.8,100,0.3,Light Drizzle,0
4780,11/7/2024,12/7/2024 2:00,2,ภูชี้ดาว,19.869002,100.486419,17.5,100,2.3,Light Rain,0
4781,11/7/2024,12/7/2024 3:00,3,ภูชี้ดาว,19.869002,100.486419,17.5,100,0.2,Light Drizzle,0
4782,12/7/2024,12/7/2024 21:00,21,ภูชี้ดาว,19.869002,100.486419,20.5,93,0,Overcast,0
4783,12/7/2024,12/7/2024 22:00,22,ภูชี้ดาว,19.869002,100.486419,20.3,90,0,Overcast,0
4784,12/7/2024,12/7/2024 23:00,23,ภูชี้ดาว,19.869002,100.486419,19.9,89,0,Overcast,0
4785,12/7/2024,13/7/2024 0:00,0,ภูชี้ดาว,19.869002,100.486419,19.4,88,0,Overcast,0
4786,12/7/2024,13/7/2024 1:00,1,ภูชี้ดาว,19.869002,100.486419,18.9,90,0,Overcast,0
4787,12/7/2024,13/7/2024 2:00,2,ภูชี้ดาว,19.869002,100.486419,18.6,92,0,Overcast,0
4788,12/7/2024,13/7/2024 3:00,3,ภูชี้ดาว,19.869002,100.486419,17.7,96,0.6,Drizzle,0
4789,13/7/2024,13/7/2024 21:00,21,ภูชี้ดาว,19.869002,100.486419,20.5,91,0,Overcast,0
4790,13/7/2024,13/7/2024 22:00,22,ภูชี้ดาว,19.869002,100.486419,20.2,91,0,Overcast,0
4791,13/7/2024,13/7/2024 23:00,23,ภูชี้ดาว,19.869002,100.486419,19.9,91,0,Overcast,0
4792,13/7/2024,14/7/2024 0:00,0,ภูชี้ดาว,19.869002,100.486419,19.5,91,0,Overcast,0
4793,13/7/2024,14/7/2024 1:00,1,ภูชี้ดาว,19.869002,100.486419,19.1,92,0,Overcast,0
4794,13/7/2024,14/7/2024 2:00,2,ภูชี้ดาว,19.869002,100.486419,18.5,95,0,Overcast,0
4795,13/7/2024,14/7/2024 3:00,3,ภูชี้ดาว,19.869002,100.486419,18.4,95,0,Overcast,0
4796,14/7/2024,14/7/2024 21:00,21,ภูชี้ดาว,19.869002,100.486419,21.4,85,0,Overcast,0
4797,14/7/2024,14/7/2024 22:00,22,ภูชี้ดาว,19.869002,100.486419,21.1,84,0,Overcast,0
4798,14/7/2024,14/7/2024 23:00,23,ภูชี้ดาว,19.869002,100.486419,20.9,83,0,Overcast,0
4799,14/7/2024,15/7/2024 0:00,0,ภูชี้ดาว,19.869002,100.486419,19.9,84,0,Overcast,0
4800,14/7/2024,15/7/2024 1:00,1,ภูชี้ดาว,19.869002,100.486419,18.6,90,0.2,Light Drizzle,0
4801,14/7/2024,15/7/2024 2:00,2,ภูชี้ดาว,19.869002,100.486419,18.3,92,0,Overcast,0
4802,14/7/2024,15/7/2024 3:00,3,ภูชี้ดาว,19.869002,100.486419,18.3,93,0,Overcast,0
4803,15/7/2024,15/7/2024 21:00,21,ภูชี้ดาว,19.869002,100.486419,19.8,97,0,Overcast,0
4804,15/7/2024,15/7/2024 22:00,22,ภูชี้ดาว,19.869002,100.486419,19.5,98,0,Overcast,0
4805,15/7/2024,15/7/2024 23:00,23,ภูชี้ดาว,19.869002,100.486419,19.6,97,0,Overcast,0
4806,15/7/2024,16/7/2024 0:00,0,ภูชี้ดาว,19.869002,100.486419,19.1,97,0.3,Light Drizzle,0
4807,15/7/2024,16/7/2024 1:00,1,ภูชี้ดาว,19.869002,100.486419,18.7,100,4.5,Rain,0
4808,15/7/2024,16/7/2024 2:00,2,ภูชี้ดาว,19.869002,100.486419,18.6,100,0.1,Light Drizzle,0
4809,15/7/2024,16/7/2024 3:00,3,ภูชี้ดาว,19.869002,100.486419,18.2,100,0.2,Light Drizzle,0
4810,16/7/2024,16/7/2024 21:00,21,ภูชี้ดาว,19.869002,100.486419,20.9,94,0,Overcast,0
4811,16/7/2024,16/7/2024 22:00,22,ภูชี้ดาว,19.869002,100.486419,20.4,95,0,Overcast,0
4812,16/7/2024,16/7/2024 23:00,23,ภูชี้ดาว,19.869002,100.486419,20.3,96,0,Overcast,0
4813,16/7/2024,17/7/2024 0:00,0,ภูชี้ดาว,19.869002,100.486419,20.2,97,0,Overcast,0
4814,16/7/2024,17/7/2024 1:00,1,ภูชี้ดาว,19.869002,100.486419,18.8,94,2.3,Light Rain,0
4815,16/7/2024,17/7/2024 2:00,2,ภูชี้ดาว,19.869002,100.486419,18.4,100,2.4,Light Rain,0
4816,16/7/2024,17/7/2024 3:00,3,ภูชี้ดาว,19.869002,100.486419,17.9,100,1.5,Light Rain,0
4817,17/7/2024,17/7/2024 21:00,21,ภูชี้ดาว,19.869002,100.486419,20.3,94,0,Partly Cloudy,0
4818,17/7/2024,17/7/2024 22:00,22,ภูชี้ดาว,19.869002,100.486419,19.9,94,0.1,Light Drizzle,0
4819,17/7/2024,17/7/2024 23:00,23,ภูชี้ดาว,19.869002,100.486419,19.1,95,0,Overcast,0
4820,17/7/2024,18/7/2024 0:00,0,ภูชี้ดาว,19.869002,100.486419,19.1,94,0,Overcast,0
4821,17/7/2024,18/7/2024 1:00,1,ภูชี้ดาว,19.869002,100.486419,18.9,94,0,Overcast,0
4822,17/7/2024,18/7/2024 2:00,2,ภูชี้ดาว,19.869002,100.486419,18.8,92,1.1,Heavy Drizzle,0
4823,17/7/2024,18/7/2024 3:00,3,ภูชี้ดาว,19.869002,100.486419,18.3,97,0.2,Light Drizzle,0
4824,18/7/2024,18/7/2024 21:00,21,ภูชี้ดาว,19.869002,100.486419,20.2,93,0,Overcast,0
4825,18/7/2024,18/7/2024 22:00,22,ภูชี้ดาว,19.869002,100.486419,19.6,96,0,Overcast,0
4826,18/7/2024,18/7/2024 23:00,23,ภูชี้ดาว,19.869002,100.486419,19.3,97,0,Overcast,0
4827,18/7/2024,19/7/2024 0:00,0,ภูชี้ดาว,19.869002,100.486419,19.2,98,0,Overcast,0
4828,18/7/2024,19/7/2024 1:00,1,ภูชี้ดาว,19.869002,100.486419,18.8,99,0,Overcast,0
4829,18/7/2024,19/7/2024 2:00,2,ภูชี้ดาว,19.869002,100.486419,18.4,99,0,Overcast,0
4830,18/7/2024,19/7/2024 3:00,3,ภูชี้ดาว,19.869002,100.486419,18,100,0,Overcast,0
4831,19/7/2024,19/7/2024 21:00,21,ภูชี้ดาว,19.869002,100.486419,19,100,0.6,Drizzle,0
4832,19/7/2024,19/7/2024 22:00,22,ภูชี้ดาว,19.869002,100.486419,18.7,100,0.4,Light Drizzle,0
4833,19/7/2024,19/7/2024 23:00,23,ภูชี้ดาว,19.869002,100.486419,18.5,100,3.1,Rain,0
4834,19/7/2024,20/7/2024 0:00,0,ภูชี้ดาว,19.869002,100.486419,18.4,100,0.6,Drizzle,0
4835,19/7/2024,20/7/2024 1:00,1,ภูชี้ดาว,19.869002,100.486419,18.4,100,0.3,Light Drizzle,0
4836,19/7/2024,20/7/2024 2:00,2,ภูชี้ดาว,19.869002,100.486419,18.4,100,0.5,Drizzle,0
4837,19/7/2024,20/7/2024 3:00,3,ภูชี้ดาว,19.869002,100.486419,18.3,100,0.3,Light Drizzle,0
4838,20/7/2024,20/7/2024 21:00,21,ภูชี้ดาว,19.869002,100.486419,19.2,91,0.2,Light Drizzle,0
4839,20/7/2024,20/7/2024 22:00,22,ภูชี้ดาว,19.869002,100.486419,19.1,94,0.2,Light Drizzle,0
4840,20/7/2024,20/7/2024 23:00,23,ภูชี้ดาว,19.869002,100.486419,19.1,94,0.1,Light Drizzle,0
4841,20/7/2024,21/7/2024 0:00,0,ภูชี้ดาว,19.869002,100.486419,19,94,0,Overcast,0
4842,20/7/2024,21/7/2024 1:00,1,ภูชี้ดาว,19.869002,100.486419,18.8,95,0,Overcast,0
4843,20/7/2024,21/7/2024 2:00,2,ภูชี้ดาว,19.869002,100.486419,18.6,95,0,Overcast,0
4844,20/7/2024,21/7/2024 3:00,3,ภูชี้ดาว,19.869002,100.486419,18.2,96,0,Overcast,0
4845,21/7/2024,21/7/2024 21:00,21,ภูชี้ดาว,19.869002,100.486419,19.3,97,0.1,Light Drizzle,0
4846,21/7/2024,21/7/2024 22:00,22,ภูชี้ดาว,19.869002,100.486419,18.2,100,0.1,Light Drizzle,0
4847,21/7/2024,21/7/2024 23:00,23,ภูชี้ดาว,19.869002,100.486419,18.4,100,0.2,Light Drizzle,0
4848,21/7/2024,22/7/2024 0:00,0,ภูชี้ดาว,19.869002,100.486419,18.4,100,0.1,Light Drizzle,0
4849,21/7/2024,22/7/2024 1:00,1,ภูชี้ดาว,19.869002,100.486419,18.2,100,0.1,Light Drizzle,0
4850,21/7/2024,22/7/2024 2:00,2,ภูชี้ดาว,19.869002,100.486419,18.1,100,0.1,Light Drizzle,0
4851,21/7/2024,22/7/2024 3:00,3,ภูชี้ดาว,19.869002,100.486419,17.9,100,0.1,Light Drizzle,0
4852,22/7/2024,22/7/2024 21:00,21,ภูชี้ดาว,19.869002,100.486419,18.7,100,0.8,Drizzle,0
4853,22/7/2024,22/7/2024 22:00,22,ภูชี้ดาว,19.869002,100.486419,18.6,100,0.6,Drizzle,0
4854,22/7/2024,22/7/2024 23:00,23,ภูชี้ดาว,19.869002,100.486419,18.3,100,1,Heavy Drizzle,0
4855,22/7/2024,23/7/2024 0:00,0,ภูชี้ดาว,19.869002,100.486419,18.3,100,0.1,Light Drizzle,0
4856,22/7/2024,23/7/2024 1:00,1,ภูชี้ดาว,19.869002,100.486419,18.4,98,0.1,Light Drizzle,0
4857,22/7/2024,23/7/2024 2:00,2,ภูชี้ดาว,19.869002,100.486419,17.8,100,0.7,Drizzle,0
4858,22/7/2024,23/7/2024 3:00,3,ภูชี้ดาว,19.869002,100.486419,17.7,100,4.3,Rain,0
4859,23/7/2024,23/7/2024 21:00,21,ภูชี้ดาว,19.869002,100.486419,19.6,92,0,Overcast,0
4860,23/7/2024,23/7/2024 22:00,22,ภูชี้ดาว,19.869002,100.486419,19.3,92,0,Overcast,0
4861,23/7/2024,23/7/2024 23:00,23,ภูชี้ดาว,19.869002,100.486419,19,93,0,Overcast,0
4862,23/7/2024,24/7/2024 0:00,0,ภูชี้ดาว,19.869002,100.486419,18.7,94,0,Overcast,0
4863,23/7/2024,24/7/2024 1:00,1,ภูชี้ดาว,19.869002,100.486419,18.7,93,0,Overcast,0
4864,23/7/2024,24/7/2024 2:00,2,ภูชี้ดาว,19.869002,100.486419,18.5,94,0.1,Light Drizzle,0
4865,23/7/2024,24/7/2024 3:00,3,ภูชี้ดาว,19.869002,100.486419,18.2,96,0.1,Light Drizzle,0
4866,24/7/2024,24/7/2024 21:00,21,ภูชี้ดาว,19.869002,100.486419,19.4,94,0.4,Light Drizzle,0
4867,24/7/2024,24/7/2024 22:00,22,ภูชี้ดาว,19.869002,100.486419,18.5,100,0.7,Drizzle,0
4868,24/7/2024,24/7/2024 23:00,23,ภูชี้ดาว,19.869002,100.486419,18.3,100,0.2,Light Drizzle,0
4869,24/7/2024,25/7/2024 0:00,0,ภูชี้ดาว,19.869002,100.486419,18.3,100,0.3,Light Drizzle,0
4870,24/7/2024,25/7/2024 1:00,1,ภูชี้ดาว,19.869002,100.486419,18.2,100,0.1,Light Drizzle,0
4871,24/7/2024,25/7/2024 2:00,2,ภูชี้ดาว,19.869002,100.486419,18.5,98,0,Overcast,0
4872,24/7/2024,25/7/2024 3:00,3,ภูชี้ดาว,19.869002,100.486419,18.4,98,0,Overcast,0
4873,25/7/2024,25/7/2024 21:00,21,ภูชี้ดาว,19.869002,100.486419,19.7,90,0,Overcast,0
4874,25/7/2024,25/7/2024 22:00,22,ภูชี้ดาว,19.869002,100.486419,19.4,91,0,Overcast,0
4875,25/7/2024,25/7/2024 23:00,23,ภูชี้ดาว,19.869002,100.486419,19.1,91,0,Overcast,0
4876,25/7/2024,26/7/2024 0:00,0,ภูชี้ดาว,19.869002,100.486419,18.8,92,0,Overcast,0
4877,25/7/2024,26/7/2024 1:00,1,ภูชี้ดาว,19.869002,100.486419,18.3,95,0,Overcast,0
4878,25/7/2024,26/7/2024 2:00,2,ภูชี้ดาว,19.869002,100.486419,18.1,96,0,Overcast,0
4879,25/7/2024,26/7/2024 3:00,3,ภูชี้ดาว,19.869002,100.486419,17.9,98,0,Overcast,0
4880,26/7/2024,26/7/2024 21:00,21,ภูชี้ดาว,19.869002,100.486419,19.4,88,0,Partly Cloudy,0
4881,26/7/2024,26/7/2024 22:00,22,ภูชี้ดาว,19.869002,100.486419,19,91,0,Overcast,0
4882,26/7/2024,26/7/2024 23:00,23,ภูชี้ดาว,19.869002,100.486419,18.7,92,0,Overcast,0
4883,26/7/2024,27/7/2024 0:00,0,ภูชี้ดาว,19.869002,100.486419,18.3,94,0,Overcast,0
4884,26/7/2024,27/7/2024 1:00,1,ภูชี้ดาว,19.869002,100.486419,18.1,96,0,Overcast,0
4885,26/7/2024,27/7/2024 2:00,2,ภูชี้ดาว,19.869002,100.486419,17.9,98,0,Overcast,0
4886,26/7/2024,27/7/2024 3:00,3,ภูชี้ดาว,19.869002,100.486419,17.7,99,0,Overcast,0
4887,27/7/2024,27/7/2024 21:00,21,ภูชี้ดาว,19.869002,100.486419,20.2,89,0,Overcast,0
4888,27/7/2024,27/7/2024 22:00,22,ภูชี้ดาว,19.869002,100.486419,19.9,89,0,Overcast,0
4889,27/7/2024,27/7/2024 23:00,23,ภูชี้ดาว,19.869002,100.486419,19.6,90,0,Overcast,0
4890,27/7/2024,28/7/2024 0:00,0,ภูชี้ดาว,19.869002,100.486419,19.5,90,0,Overcast,0
4891,27/7/2024,28/7/2024 1:00,1,ภูชี้ดาว,19.869002,100.486419,18.9,92,0,Overcast,0
4892,27/7/2024,28/7/2024 2:00,2,ภูชี้ดาว,19.869002,100.486419,18.7,93,0,Overcast,0
4893,27/7/2024,28/7/2024 3:00,3,ภูชี้ดาว,19.869002,100.486419,18.4,94,0,Overcast,0
4894,28/7/2024,28/7/2024 21:00,21,ภูชี้ดาว,19.869002,100.486419,20.2,88,0,Overcast,0
4895,28/7/2024,28/7/2024 22:00,22,ภูชี้ดาว,19.869002,100.486419,19.5,91,0,Overcast,0
4896,28/7/2024,28/7/2024 23:00,23,ภูชี้ดาว,19.869002,100.486419,19.2,92,0,Overcast,0
4897,28/7/2024,29/7/2024 0:00,0,ภูชี้ดาว,19.869002,100.486419,18.8,93,0,Overcast,0
4898,28/7/2024,29/7/2024 1:00,1,ภูชี้ดาว,19.869002,100.486419,18.4,94,0,Overcast,0
4899,28/7/2024,29/7/2024 2:00,2,ภูชี้ดาว,19.869002,100.486419,18.2,96,0,Overcast,0
4900,28/7/2024,29/7/2024 3:00,3,ภูชี้ดาว,19.869002,100.486419,18,97,0,Overcast,0
4901,29/7/2024,29/7/2024 21:00,21,ภูชี้ดาว,19.869002,100.486419,19.5,95,0.1,Light Drizzle,0
4902,29/7/2024,29/7/2024 22:00,22,ภูชี้ดาว,19.869002,100.486419,19,98,0.2,Light Drizzle,0
4903,29/7/2024,29/7/2024 23:00,23,ภูชี้ดาว,19.869002,100.486419,18.6,100,0.1,Light Drizzle,0
4904,29/7/2024,30/7/2024 0:00,0,ภูชี้ดาว,19.869002,100.486419,18.3,100,0.1,Light Drizzle,0
4905,29/7/2024,30/7/2024 1:00,1,ภูชี้ดาว,19.869002,100.486419,18.2,100,0.1,Light Drizzle,0
4906,29/7/2024,30/7/2024 2:00,2,ภูชี้ดาว,19.869002,100.486419,18.1,100,0.3,Light Drizzle,0
4907,29/7/2024,30/7/2024 3:00,3,ภูชี้ดาว,19.869002,100.486419,18,100,0.4,Light Drizzle,0
4908,30/7/2024,30/7/2024 21:00,21,ภูชี้ดาว,19.869002,100.486419,18,100,1.4,Light Rain,0
4909,30/7/2024,30/7/2024 22:00,22,ภูชี้ดาว,19.869002,100.486419,17.9,100,1.6,Light Rain,0
4910,30/7/2024,30/7/2024 23:00,23,ภูชี้ดาว,19.869002,100.486419,17.9,100,1.4,Light Rain,0
4911,30/7/2024,31/7/2024 0:00,0,ภูชี้ดาว,19.869002,100.486419,17.8,100,0.8,Drizzle,0
4912,30/7/2024,31/7/2024 1:00,1,ภูชี้ดาว,19.869002,100.486419,17.8,100,0.5,Drizzle,0
4913,30/7/2024,31/7/2024 2:00,2,ภูชี้ดาว,19.869002,100.486419,17.7,100,1.1,Heavy Drizzle,0
4914,30/7/2024,31/7/2024 3:00,3,ภูชี้ดาว,19.869002,100.486419,17.7,100,1.9,Light Rain,0
4915,31/7/2024,31/7/2024 21:00,21,ภูชี้ดาว,19.869002,100.486419,17.8,100,0.5,Drizzle,0
4916,31/7/2024,31/7/2024 22:00,22,ภูชี้ดาว,19.869002,100.486419,17.6,100,0.6,Drizzle,0
4917,31/7/2024,31/7/2024 23:00,23,ภูชี้ดาว,19.869002,100.486419,17.5,100,0.2,Light Drizzle,0
4918,31/7/2024,1/8/2024 0:00,0,ภูชี้ดาว,19.869002,100.486419,17.4,100,0.5,Drizzle,0
4919,31/7/2024,1/8/2024 1:00,1,ภูชี้ดาว,19.869002,100.486419,17.4,100,2.9,Rain,0
4920,31/7/2024,1/8/2024 2:00,2,ภูชี้ดาว,19.869002,100.486419,17.3,100,1.4,Light Rain,0
4921,31/7/2024,1/8/2024 3:00,3,ภูชี้ดาว,19.869002,100.486419,17.2,100,2.1,Light Rain,0
4922,1/8/2024,1/8/2024 21:00,21,ภูชี้ดาว,19.869002,100.486419,17.8,100,1.9,Light Rain,0
4923,1/8/2024,1/8/2024 22:00,22,ภูชี้ดาว,19.869002,100.486419,17.8,100,1.7,Light Rain,0
4924,1/8/2024,1/8/2024 23:00,23,ภูชี้ดาว,19.869002,100.486419,17.9,100,1.4,Light Rain,0
4925,1/8/2024,2/8/2024 0:00,0,ภูชี้ดาว,19.869002,100.486419,17.7,100,2.3,Light Rain,0
4926,1/8/2024,2/8/2024 1:00,1,ภูชี้ดาว,19.869002,100.486419,17.4,100,2.3,Light Rain,0
4927,1/8/2024,2/8/2024 2:00,2,ภูชี้ดาว,19.869002,100.486419,17.4,100,2.9,Rain,0
4928,1/8/2024,2/8/2024 3:00,3,ภูชี้ดาว,19.869002,100.486419,17.4,100,4.1,Rain,0
4929,2/8/2024,2/8/2024 21:00,21,ภูชี้ดาว,19.869002,100.486419,17.8,94,0,Overcast,0
4930,2/8/2024,2/8/2024 22:00,22,ภูชี้ดาว,19.869002,100.486419,17.7,95,0,Overcast,0
4931,2/8/2024,2/8/2024 23:00,23,ภูชี้ดาว,19.869002,100.486419,17.7,96,0,Overcast,0
4932,2/8/2024,3/8/2024 0:00,0,ภูชี้ดาว,19.869002,100.486419,17.5,97,0.1,Light Drizzle,0
4933,2/8/2024,3/8/2024 1:00,1,ภูชี้ดาว,19.869002,100.486419,17.3,98,0.7,Drizzle,0
4934,2/8/2024,3/8/2024 2:00,2,ภูชี้ดาว,19.869002,100.486419,17.1,98,1.1,Heavy Drizzle,0
4935,2/8/2024,3/8/2024 3:00,3,ภูชี้ดาว,19.869002,100.486419,17.2,99,0.1,Light Drizzle,0
4936,3/8/2024,3/8/2024 21:00,21,ภูชี้ดาว,19.869002,100.486419,19.1,90,0.1,Light Drizzle,0
4937,3/8/2024,3/8/2024 22:00,22,ภูชี้ดาว,19.869002,100.486419,18.6,93,0,Partly Cloudy,0
4938,3/8/2024,3/8/2024 23:00,23,ภูชี้ดาว,19.869002,100.486419,18,95,0,Overcast,0
4939,3/8/2024,4/8/2024 0:00,0,ภูชี้ดาว,19.869002,100.486419,17.5,98,1,Heavy Drizzle,0
4940,3/8/2024,4/8/2024 1:00,1,ภูชี้ดาว,19.869002,100.486419,17.6,100,0.6,Drizzle,0
4941,3/8/2024,4/8/2024 2:00,2,ภูชี้ดาว,19.869002,100.486419,17.1,100,0.9,Drizzle,0
4942,3/8/2024,4/8/2024 3:00,3,ภูชี้ดาว,19.869002,100.486419,16.9,100,5.8,Rain,0
4943,4/8/2024,4/8/2024 21:00,21,ภูชี้ดาว,19.869002,100.486419,19.8,87,0,Overcast,0
4944,4/8/2024,4/8/2024 22:00,22,ภูชี้ดาว,19.869002,100.486419,18.9,91,0,Overcast,0
4945,4/8/2024,4/8/2024 23:00,23,ภูชี้ดาว,19.869002,100.486419,18.7,91,0.6,Drizzle,0
4946,4/8/2024,5/8/2024 0:00,0,ภูชี้ดาว,19.869002,100.486419,17.8,100,0.2,Light Drizzle,0
4947,4/8/2024,5/8/2024 1:00,1,ภูชี้ดาว,19.869002,100.486419,17.6,100,0.1,Light Drizzle,0
4948,4/8/2024,5/8/2024 2:00,2,ภูชี้ดาว,19.869002,100.486419,17.3,100,0.6,Drizzle,0
4949,4/8/2024,5/8/2024 3:00,3,ภูชี้ดาว,19.869002,100.486419,17.1,100,0.8,Drizzle,0
4950,5/8/2024,5/8/2024 21:00,21,ภูชี้ดาว,19.869002,100.486419,19.1,96,0.2,Light Drizzle,0
4951,5/8/2024,5/8/2024 22:00,22,ภูชี้ดาว,19.869002,100.486419,19.2,94,0.1,Light Drizzle,0
4952,5/8/2024,5/8/2024 23:00,23,ภูชี้ดาว,19.869002,100.486419,17.9,99,0.3,Light Drizzle,0
4953,5/8/2024,6/8/2024 0:00,0,ภูชี้ดาว,19.869002,100.486419,17.9,100,0.1,Light Drizzle,0
4954,5/8/2024,6/8/2024 1:00,1,ภูชี้ดาว,19.869002,100.486419,18.1,94,0,Overcast,0
4955,5/8/2024,6/8/2024 2:00,2,ภูชี้ดาว,19.869002,100.486419,17.7,95,0.1,Light Drizzle,0
4956,5/8/2024,6/8/2024 3:00,3,ภูชี้ดาว,19.869002,100.486419,17.3,100,2,Light Rain,0
4957,6/8/2024,6/8/2024 21:00,21,ภูชี้ดาว,19.869002,100.486419,19.5,89,0,Overcast,0
4958,6/8/2024,6/8/2024 22:00,22,ภูชี้ดาว,19.869002,100.486419,19.4,88,0,Overcast,0
4959,6/8/2024,6/8/2024 23:00,23,ภูชี้ดาว,19.869002,100.486419,19.1,88,0,Overcast,0
4960,6/8/2024,7/8/2024 0:00,0,ภูชี้ดาว,19.869002,100.486419,19.2,87,0,Overcast,0
4961,6/8/2024,7/8/2024 1:00,1,ภูชี้ดาว,19.869002,100.486419,18.9,89,0,Overcast,0
4962,6/8/2024,7/8/2024 2:00,2,ภูชี้ดาว,19.869002,100.486419,18.3,93,0,Overcast,0
4963,6/8/2024,7/8/2024 3:00,3,ภูชี้ดาว,19.869002,100.486419,18,94,0.1,Light Drizzle,0
4964,7/8/2024,7/8/2024 21:00,21,ภูชี้ดาว,19.869002,100.486419,20.7,84,0,Overcast,0
4965,7/8/2024,7/8/2024 22:00,22,ภูชี้ดาว,19.869002,100.486419,20.4,83,0,Overcast,0
4966,7/8/2024,7/8/2024 23:00,23,ภูชี้ดาว,19.869002,100.486419,20.1,83,0,Overcast,0
4967,7/8/2024,8/8/2024 0:00,0,ภูชี้ดาว,19.869002,100.486419,19.5,85,0,Overcast,0
4968,7/8/2024,8/8/2024 1:00,1,ภูชี้ดาว,19.869002,100.486419,18.7,90,0,Overcast,0
4969,7/8/2024,8/8/2024 2:00,2,ภูชี้ดาว,19.869002,100.486419,18.2,94,0,Overcast,0
4970,7/8/2024,8/8/2024 3:00,3,ภูชี้ดาว,19.869002,100.486419,17.8,93,0.1,Light Drizzle,0
4971,8/8/2024,8/8/2024 21:00,21,ภูชี้ดาว,19.869002,100.486419,20.1,84,0,Mainly Clear,0
4972,8/8/2024,8/8/2024 22:00,22,ภูชี้ดาว,19.869002,100.486419,19.9,86,0,Mainly Clear,0
4973,8/8/2024,8/8/2024 23:00,23,ภูชี้ดาว,19.869002,100.486419,19.9,85,0,Clear,0
4974,8/8/2024,9/8/2024 0:00,0,ภูชี้ดาว,19.869002,100.486419,19.7,85,0,Clear,0
4975,8/8/2024,9/8/2024 1:00,1,ภูชี้ดาว,19.869002,100.486419,19.5,85,0,Clear,0
4976,8/8/2024,9/8/2024 2:00,2,ภูชี้ดาว,19.869002,100.486419,19.2,87,0,Clear,0
4977,8/8/2024,9/8/2024 3:00,3,ภูชี้ดาว,19.869002,100.486419,18.9,88,0,Clear,0
4978,9/8/2024,9/8/2024 21:00,21,ภูชี้ดาว,19.869002,100.486419,21.3,83,0,Overcast,0
4979,9/8/2024,9/8/2024 22:00,22,ภูชี้ดาว,19.869002,100.486419,21.1,82,0,Overcast,0
4980,9/8/2024,9/8/2024 23:00,23,ภูชี้ดาว,19.869002,100.486419,20.9,80,0,Overcast,0
4981,9/8/2024,10/8/2024 0:00,0,ภูชี้ดาว,19.869002,100.486419,20.6,80,0,Overcast,1
4982,9/8/2024,10/8/2024 1:00,1,ภูชี้ดาว,19.869002,100.486419,20.1,82,0,Overcast,0
4983,9/8/2024,10/8/2024 2:00,2,ภูชี้ดาว,19.869002,100.486419,19.8,84,0,Overcast,0
4984,9/8/2024,10/8/2024 3:00,3,ภูชี้ดาว,19.869002,100.486419,19.5,86,0,Overcast,0
4985,10/8/2024,10/8/2024 21:00,21,ภูชี้ดาว,19.869002,100.486419,22,80,0,Overcast,0
4986,10/8/2024,10/8/2024 22:00,22,ภูชี้ดาว,19.869002,100.486419,21.7,79,0,Overcast,0
4987,10/8/2024,10/8/2024 23:00,23,ภูชี้ดาว,19.869002,100.486419,21.6,78,0,Overcast,0
4988,10/8/2024,11/8/2024 0:00,0,ภูชี้ดาว,19.869002,100.486419,21,79,0,Overcast,0
4989,10/8/2024,11/8/2024 1:00,1,ภูชี้ดาว,19.869002,100.486419,20.5,82,0,Overcast,0
4990,10/8/2024,11/8/2024 2:00,2,ภูชี้ดาว,19.869002,100.486419,20.2,84,0,Overcast,0
4991,10/8/2024,11/8/2024 3:00,3,ภูชี้ดาว,19.869002,100.486419,20.2,84,0,Overcast,0
4992,11/8/2024,11/8/2024 21:00,21,ภูชี้ดาว,19.869002,100.486419,19.2,99,5.2,Rain,0
4993,11/8/2024,11/8/2024 22:00,22,ภูชี้ดาว,19.869002,100.486419,19.3,100,0.5,Drizzle,0
4994,11/8/2024,11/8/2024 23:00,23,ภูชี้ดาว,19.869002,100.486419,19.2,100,2.6,Rain,0
4995,11/8/2024,12/8/2024 0:00,0,ภูชี้ดาว,19.869002,100.486419,19.1,100,0.4,Light Drizzle,0
4996,11/8/2024,12/8/2024 1:00,1,ภูชี้ดาว,19.869002,100.486419,19,99,0.2,Light Drizzle,0
4997,11/8/2024,12/8/2024 2:00,2,ภูชี้ดาว,19.869002,100.486419,18.8,99,0.2,Light Drizzle,0
4998,11/8/2024,12/8/2024 3:00,3,ภูชี้ดาว,19.869002,100.486419,18.7,99,0.1,Light Drizzle,0
4999,12/8/2024,12/8/2024 21:00,21,ภูชี้ดาว,19.869002,100.486419,18.7,100,0.3,Light Drizzle,0
5000,12/8/2024,12/8/2024 22:00,22,ภูชี้ดาว,19.869002,100.486419,18.5,100,2.2,Light Rain,0
5001,12/8/2024,12/8/2024 23:00,23,ภูชี้ดาว,19.869002,100.486419,18.2,100,1.8,Light Rain,0
5002,12/8/2024,13/8/2024 0:00,0,ภูชี้ดาว,19.869002,100.486419,18.1,100,2.7,Rain,0
5003,12/8/2024,13/8/2024 1:00,1,ภูชี้ดาว,19.869002,100.486419,17.9,100,2.6,Rain,0
5004,12/8/2024,13/8/2024 2:00,2,ภูชี้ดาว,19.869002,100.486419,17.8,100,2.8,Rain,0
5005,12/8/2024,13/8/2024 3:00,3,ภูชี้ดาว,19.869002,100.486419,17.9,100,0.9,Drizzle,0
5006,13/8/2024,13/8/2024 21:00,21,ภูชี้ดาว,19.869002,100.486419,18.1,100,0.8,Drizzle,0
5007,13/8/2024,13/8/2024 22:00,22,ภูชี้ดาว,19.869002,100.486419,18.2,100,0.1,Light Drizzle,0
5008,13/8/2024,13/8/2024 23:00,23,ภูชี้ดาว,19.869002,100.486419,18.2,100,0.1,Light Drizzle,0
5009,13/8/2024,14/8/2024 0:00,0,ภูชี้ดาว,19.869002,100.486419,17.9,100,0.1,Light Drizzle,0
5010,13/8/2024,14/8/2024 1:00,1,ภูชี้ดาว,19.869002,100.486419,17.9,100,0.1,Light Drizzle,0
5011,13/8/2024,14/8/2024 2:00,2,ภูชี้ดาว,19.869002,100.486419,17.7,100,0.1,Light Drizzle,0
5012,13/8/2024,14/8/2024 3:00,3,ภูชี้ดาว,19.869002,100.486419,17.6,100,0.1,Light Drizzle,0
5013,14/8/2024,14/8/2024 21:00,21,ภูชี้ดาว,19.869002,100.486419,19.9,94,0,Overcast,0
5014,14/8/2024,14/8/2024 22:00,22,ภูชี้ดาว,19.869002,100.486419,19.9,93,0,Overcast,0
5015,14/8/2024,14/8/2024 23:00,23,ภูชี้ดาว,19.869002,100.486419,18.4,97,0,Overcast,0
5016,14/8/2024,15/8/2024 0:00,0,ภูชี้ดาว,19.869002,100.486419,18.9,94,1,Heavy Drizzle,0
5017,14/8/2024,15/8/2024 1:00,1,ภูชี้ดาว,19.869002,100.486419,18.1,100,1.4,Light Rain,0
5018,14/8/2024,15/8/2024 2:00,2,ภูชี้ดาว,19.869002,100.486419,17.8,100,0.1,Light Drizzle,0
5019,14/8/2024,15/8/2024 3:00,3,ภูชี้ดาว,19.869002,100.486419,18,98,0,Overcast,0
5020,15/8/2024,15/8/2024 21:00,21,ภูชี้ดาว,19.869002,100.486419,19.6,96,0,Overcast,0
5021,15/8/2024,15/8/2024 22:00,22,ภูชี้ดาว,19.869002,100.486419,19.4,94,0,Overcast,0
5022,15/8/2024,15/8/2024 23:00,23,ภูชี้ดาว,19.869002,100.486419,18.7,94,0,Overcast,0
5023,15/8/2024,16/8/2024 0:00,0,ภูชี้ดาว,19.869002,100.486419,18.6,93,0,Overcast,0
5024,15/8/2024,16/8/2024 1:00,1,ภูชี้ดาว,19.869002,100.486419,18.8,91,0,Overcast,0
5025,15/8/2024,16/8/2024 2:00,2,ภูชี้ดาว,19.869002,100.486419,18.1,94,0,Overcast,0
5026,15/8/2024,16/8/2024 3:00,3,ภูชี้ดาว,19.869002,100.486419,17.8,95,1.4,Light Rain,0
5027,16/8/2024,16/8/2024 21:00,21,ภูชี้ดาว,19.869002,100.486419,19.5,100,2.6,Rain,0
5028,16/8/2024,16/8/2024 22:00,22,ภูชี้ดาว,19.869002,100.486419,19.2,100,2,Light Rain,0
5029,16/8/2024,16/8/2024 23:00,23,ภูชี้ดาว,19.869002,100.486419,19,100,1.4,Light Rain,0
5030,16/8/2024,17/8/2024 0:00,0,ภูชี้ดาว,19.869002,100.486419,18.7,100,2.1,Light Rain,0
5031,16/8/2024,17/8/2024 1:00,1,ภูชี้ดาว,19.869002,100.486419,18.1,100,3.5,Rain,0
5032,16/8/2024,17/8/2024 2:00,2,ภูชี้ดาว,19.869002,100.486419,17.8,100,3,Rain,0
5033,16/8/2024,17/8/2024 3:00,3,ภูชี้ดาว,19.869002,100.486419,17.6,100,2.1,Light Rain,0
5034,17/8/2024,17/8/2024 21:00,21,ภูชี้ดาว,19.869002,100.486419,19.7,98,0.1,Light Drizzle,0
5035,17/8/2024,17/8/2024 22:00,22,ภูชี้ดาว,19.869002,100.486419,18.7,100,0.1,Light Drizzle,0
5036,17/8/2024,17/8/2024 23:00,23,ภูชี้ดาว,19.869002,100.486419,18.6,100,0.1,Light Drizzle,0
5037,17/8/2024,18/8/2024 0:00,0,ภูชี้ดาว,19.869002,100.486419,18.4,100,0.7,Drizzle,0
5038,17/8/2024,18/8/2024 1:00,1,ภูชี้ดาว,19.869002,100.486419,17.9,100,1.8,Light Rain,0
5039,17/8/2024,18/8/2024 2:00,2,ภูชี้ดาว,19.869002,100.486419,17.9,100,0.2,Light Drizzle,0
5040,17/8/2024,18/8/2024 3:00,3,ภูชี้ดาว,19.869002,100.486419,17.7,100,0.6,Drizzle,0
5041,18/8/2024,18/8/2024 21:00,21,ภูชี้ดาว,19.869002,100.486419,19.7,98,2.4,Light Rain,0
5042,18/8/2024,18/8/2024 22:00,22,ภูชี้ดาว,19.869002,100.486419,18.7,100,6.5,Rain,0
5043,18/8/2024,18/8/2024 23:00,23,ภูชี้ดาว,19.869002,100.486419,18.5,100,2,Light Rain,0
5044,18/8/2024,19/8/2024 0:00,0,ภูชี้ดาว,19.869002,100.486419,18.5,100,0.6,Drizzle,0
5045,18/8/2024,19/8/2024 1:00,1,ภูชี้ดาว,19.869002,100.486419,18.1,100,0.6,Drizzle,0
5046,18/8/2024,19/8/2024 2:00,2,ภูชี้ดาว,19.869002,100.486419,18.1,100,0,Overcast,0
5047,18/8/2024,19/8/2024 3:00,3,ภูชี้ดาว,19.869002,100.486419,18.1,100,0.3,Light Drizzle,0
5048,19/8/2024,19/8/2024 21:00,21,ภูชี้ดาว,19.869002,100.486419,19.2,91,0.3,Light Drizzle,0
5049,19/8/2024,19/8/2024 22:00,22,ภูชี้ดาว,19.869002,100.486419,19.2,92,0.5,Drizzle,0
5050,19/8/2024,19/8/2024 23:00,23,ภูชี้ดาว,19.869002,100.486419,18.5,100,0.7,Drizzle,0
5051,19/8/2024,20/8/2024 0:00,0,ภูชี้ดาว,19.869002,100.486419,18.4,100,0.3,Light Drizzle,0
5052,19/8/2024,20/8/2024 1:00,1,ภูชี้ดาว,19.869002,100.486419,18.2,100,0.7,Drizzle,0
5053,19/8/2024,20/8/2024 2:00,2,ภูชี้ดาว,19.869002,100.486419,18,100,0.7,Drizzle,0
5054,19/8/2024,20/8/2024 3:00,3,ภูชี้ดาว,19.869002,100.486419,17.9,100,0.4,Light Drizzle,0
5055,20/8/2024,20/8/2024 21:00,21,ภูชี้ดาว,19.869002,100.486419,19.4,89,0.4,Light Drizzle,0
5056,20/8/2024,20/8/2024 22:00,22,ภูชี้ดาว,19.869002,100.486419,19.1,90,1.6,Light Rain,0
5057,20/8/2024,20/8/2024 23:00,23,ภูชี้ดาว,19.869002,100.486419,18.1,100,5.5,Rain,0
5058,20/8/2024,21/8/2024 0:00,0,ภูชี้ดาว,19.869002,100.486419,17.9,100,4.2,Rain,0
5059,20/8/2024,21/8/2024 1:00,1,ภูชี้ดาว,19.869002,100.486419,17.8,100,1.9,Light Rain,0
5060,20/8/2024,21/8/2024 2:00,2,ภูชี้ดาว,19.869002,100.486419,17.7,100,2.7,Rain,0
5061,20/8/2024,21/8/2024 3:00,3,ภูชี้ดาว,19.869002,100.486419,17.7,100,0.9,Drizzle,0
5062,21/8/2024,21/8/2024 21:00,21,ภูชี้ดาว,19.869002,100.486419,18.7,96,0.1,Light Drizzle,0
5063,21/8/2024,21/8/2024 22:00,22,ภูชี้ดาว,19.869002,100.486419,18.5,96,0.1,Light Drizzle,0
5064,21/8/2024,21/8/2024 23:00,23,ภูชี้ดาว,19.869002,100.486419,18.2,98,0.1,Light Drizzle,0
5065,21/8/2024,22/8/2024 0:00,0,ภูชี้ดาว,19.869002,100.486419,17.9,99,0,Overcast,0
5066,21/8/2024,22/8/2024 1:00,1,ภูชี้ดาว,19.869002,100.486419,18,99,0,Overcast,0
5067,21/8/2024,22/8/2024 2:00,2,ภูชี้ดาว,19.869002,100.486419,17.9,99,0.1,Light Drizzle,0
5068,21/8/2024,22/8/2024 3:00,3,ภูชี้ดาว,19.869002,100.486419,17.8,99,0.3,Light Drizzle,0
5069,22/8/2024,22/8/2024 21:00,21,ภูชี้ดาว,19.869002,100.486419,19.6,88,0,Overcast,0
5070,22/8/2024,22/8/2024 22:00,22,ภูชี้ดาว,19.869002,100.486419,19.7,86,0,Overcast,0
5071,22/8/2024,22/8/2024 23:00,23,ภูชี้ดาว,19.869002,100.486419,18.5,93,0,Overcast,0
5072,22/8/2024,23/8/2024 0:00,0,ภูชี้ดาว,19.869002,100.486419,18.6,92,0,Overcast,0
5073,22/8/2024,23/8/2024 1:00,1,ภูชี้ดาว,19.869002,100.486419,18,94,0,Overcast,0
5074,22/8/2024,23/8/2024 2:00,2,ภูชี้ดาว,19.869002,100.486419,18.2,94,0.2,Light Drizzle,0
5075,22/8/2024,23/8/2024 3:00,3,ภูชี้ดาว,19.869002,100.486419,17.5,95,2,Light Rain,0
5076,23/8/2024,23/8/2024 21:00,21,ภูชี้ดาว,19.869002,100.486419,17.8,99,0,Overcast,0
5077,23/8/2024,23/8/2024 22:00,22,ภูชี้ดาว,19.869002,100.486419,17.3,100,0,Overcast,0
5078,23/8/2024,23/8/2024 23:00,23,ภูชี้ดาว,19.869002,100.486419,17.2,99,0,Overcast,0
5079,23/8/2024,24/8/2024 0:00,0,ภูชี้ดาว,19.869002,100.486419,17.4,98,0,Overcast,0
5080,23/8/2024,24/8/2024 1:00,1,ภูชี้ดาว,19.869002,100.486419,17.3,99,0.1,Light Drizzle,0
5081,23/8/2024,24/8/2024 2:00,2,ภูชี้ดาว,19.869002,100.486419,17.3,100,0.2,Light Drizzle,0
5082,23/8/2024,24/8/2024 3:00,3,ภูชี้ดาว,19.869002,100.486419,16.9,100,0.5,Drizzle,0
5083,24/8/2024,24/8/2024 21:00,21,ภูชี้ดาว,19.869002,100.486419,18,100,0.9,Drizzle,0
5084,24/8/2024,24/8/2024 22:00,22,ภูชี้ดาว,19.869002,100.486419,17.7,100,1,Heavy Drizzle,0
5085,24/8/2024,24/8/2024 23:00,23,ภูชี้ดาว,19.869002,100.486419,17.5,100,0.5,Drizzle,0
5086,24/8/2024,25/8/2024 0:00,0,ภูชี้ดาว,19.869002,100.486419,17.3,100,0.7,Drizzle,0
5087,24/8/2024,25/8/2024 1:00,1,ภูชี้ดาว,19.869002,100.486419,17.2,100,1.6,Light Rain,0
5088,24/8/2024,25/8/2024 2:00,2,ภูชี้ดาว,19.869002,100.486419,17.2,100,1.2,Heavy Drizzle,0
5089,24/8/2024,25/8/2024 3:00,3,ภูชี้ดาว,19.869002,100.486419,17.1,100,1,Heavy Drizzle,0
5090,25/8/2024,25/8/2024 21:00,21,ภูชี้ดาว,19.869002,100.486419,19.4,92,0,Overcast,0
5091,25/8/2024,25/8/2024 22:00,22,ภูชี้ดาว,19.869002,100.486419,19.2,92,0,Overcast,0
5092,25/8/2024,25/8/2024 23:00,23,ภูชี้ดาว,19.869002,100.486419,19.2,91,0,Overcast,0
5093,25/8/2024,26/8/2024 0:00,0,ภูชี้ดาว,19.869002,100.486419,18.9,92,0,Overcast,0
5094,25/8/2024,26/8/2024 1:00,1,ภูชี้ดาว,19.869002,100.486419,18.3,94,0,Overcast,0
5095,25/8/2024,26/8/2024 2:00,2,ภูชี้ดาว,19.869002,100.486419,18,96,0,Overcast,0
5096,25/8/2024,26/8/2024 3:00,3,ภูชี้ดาว,19.869002,100.486419,17.6,98,0,Overcast,0
5097,26/8/2024,26/8/2024 21:00,21,ภูชี้ดาว,19.869002,100.486419,19.5,100,0.1,Light Drizzle,0
5098,26/8/2024,26/8/2024 22:00,22,ภูชี้ดาว,19.869002,100.486419,19,100,0.2,Light Drizzle,0
5099,26/8/2024,26/8/2024 23:00,23,ภูชี้ดาว,19.869002,100.486419,19.3,100,0.1,Light Drizzle,0
5100,26/8/2024,27/8/2024 0:00,0,ภูชี้ดาว,19.869002,100.486419,18.4,98,2.3,Light Rain,0
5101,26/8/2024,27/8/2024 1:00,1,ภูชี้ดาว,19.869002,100.486419,17.9,100,5.1,Rain,0
5102,26/8/2024,27/8/2024 2:00,2,ภูชี้ดาว,19.869002,100.486419,17.8,100,0.2,Light Drizzle,0
5103,26/8/2024,27/8/2024 3:00,3,ภูชี้ดาว,19.869002,100.486419,17.4,100,0.2,Light Drizzle,0
5104,27/8/2024,27/8/2024 21:00,21,ภูชี้ดาว,19.869002,100.486419,18.4,99,0,Overcast,0
5105,27/8/2024,27/8/2024 22:00,22,ภูชี้ดาว,19.869002,100.486419,17.4,100,0,Overcast,0
5106,27/8/2024,27/8/2024 23:00,23,ภูชี้ดาว,19.869002,100.486419,17.9,100,0,Overcast,0
5107,27/8/2024,28/8/2024 0:00,0,ภูชี้ดาว,19.869002,100.486419,17.3,100,0,Overcast,0
5108,27/8/2024,28/8/2024 1:00,1,ภูชี้ดาว,19.869002,100.486419,17.3,100,0.1,Light Drizzle,0
5109,27/8/2024,28/8/2024 2:00,2,ภูชี้ดาว,19.869002,100.486419,17.1,100,1.8,Light Rain,0
5110,27/8/2024,28/8/2024 3:00,3,ภูชี้ดาว,19.869002,100.486419,17,100,0.8,Drizzle,0
5111,28/8/2024,28/8/2024 21:00,21,ภูชี้ดาว,19.869002,100.486419,18.9,97,0,Overcast,0
5112,28/8/2024,28/8/2024 22:00,22,ภูชี้ดาว,19.869002,100.486419,18.1,97,0,Partly Cloudy,0
5113,28/8/2024,28/8/2024 23:00,23,ภูชี้ดาว,19.869002,100.486419,18.1,95,0,Mainly Clear,0
5114,28/8/2024,29/8/2024 0:00,0,ภูชี้ดาว,19.869002,100.486419,19,91,0,Mainly Clear,0
5115,28/8/2024,29/8/2024 1:00,1,ภูชี้ดาว,19.869002,100.486419,18.8,92,0,Mainly Clear,0
5116,28/8/2024,29/8/2024 2:00,2,ภูชี้ดาว,19.869002,100.486419,17.1,97,0,Partly Cloudy,0
5117,28/8/2024,29/8/2024 3:00,3,ภูชี้ดาว,19.869002,100.486419,17.4,97,0,Partly Cloudy,0
5118,29/8/2024,29/8/2024 21:00,21,ภูชี้ดาว,19.869002,100.486419,19.5,91,0,Partly Cloudy,0
5119,29/8/2024,29/8/2024 22:00,22,ภูชี้ดาว,19.869002,100.486419,19.5,89,0,Overcast,0
5120,29/8/2024,29/8/2024 23:00,23,ภูชี้ดาว,19.869002,100.486419,19.4,88,0,Clear,0
5121,29/8/2024,30/8/2024 0:00,0,ภูชี้ดาว,19.869002,100.486419,18.8,90,0,Partly Cloudy,0
5122,29/8/2024,30/8/2024 1:00,1,ภูชี้ดาว,19.869002,100.486419,18.1,94,0,Overcast,0
5123,29/8/2024,30/8/2024 2:00,2,ภูชี้ดาว,19.869002,100.486419,18,94,0,Overcast,0
5124,29/8/2024,30/8/2024 3:00,3,ภูชี้ดาว,19.869002,100.486419,17.8,95,0,Overcast,0
5125,30/8/2024,30/8/2024 21:00,21,ภูชี้ดาว,19.869002,100.486419,20.3,83,0,Overcast,0
5126,30/8/2024,30/8/2024 22:00,22,ภูชี้ดาว,19.869002,100.486419,20.1,84,0,Overcast,0
5127,30/8/2024,30/8/2024 23:00,23,ภูชี้ดาว,19.869002,100.486419,19.6,85,0,Overcast,0
5128,30/8/2024,31/8/2024 0:00,0,ภูชี้ดาว,19.869002,100.486419,19.2,88,0,Overcast,0
5129,30/8/2024,31/8/2024 1:00,1,ภูชี้ดาว,19.869002,100.486419,18.6,91,0,Overcast,0
5130,30/8/2024,31/8/2024 2:00,2,ภูชี้ดาว,19.869002,100.486419,18.3,92,0,Overcast,0
5131,30/8/2024,31/8/2024 3:00,3,ภูชี้ดาว,19.869002,100.486419,17.9,94,0,Overcast,0
5132,31/8/2024,31/8/2024 21:00,21,ภูชี้ดาว,19.869002,100.486419,19.5,98,0,Overcast,0
5133,31/8/2024,31/8/2024 22:00,22,ภูชี้ดาว,19.869002,100.486419,18.9,99,0,Partly Cloudy,0
5134,31/8/2024,31/8/2024 23:00,23,ภูชี้ดาว,19.869002,100.486419,18,100,0,Overcast,0
5135,31/8/2024,1/9/2024 0:00,0,ภูชี้ดาว,19.869002,100.486419,18.1,100,0,Overcast,0
5136,31/8/2024,1/9/2024 1:00,1,ภูชี้ดาว,19.869002,100.486419,17.8,99,0,Overcast,0
5137,31/8/2024,1/9/2024 2:00,2,ภูชี้ดาว,19.869002,100.486419,17.4,100,5,Rain,0
5138,31/8/2024,1/9/2024 3:00,3,ภูชี้ดาว,19.869002,100.486419,17.3,100,0.1,Light Drizzle,0
5139,1/9/2024,1/9/2024 21:00,21,ภูชี้ดาว,19.869002,100.486419,20,95,0,Overcast,0
5140,1/9/2024,1/9/2024 22:00,22,ภูชี้ดาว,19.869002,100.486419,19.9,94,0,Partly Cloudy,0
5141,1/9/2024,1/9/2024 23:00,23,ภูชี้ดาว,19.869002,100.486419,19.5,94,0,Overcast,0
5142,1/9/2024,2/9/2024 0:00,0,ภูชี้ดาว,19.869002,100.486419,19.2,94,0,Overcast,0
5143,1/9/2024,2/9/2024 1:00,1,ภูชี้ดาว,19.869002,100.486419,18.8,95,0,Overcast,0
5144,1/9/2024,2/9/2024 2:00,2,ภูชี้ดาว,19.869002,100.486419,19.1,92,0,Overcast,0
5145,1/9/2024,2/9/2024 3:00,3,ภูชี้ดาว,19.869002,100.486419,18.1,96,0.3,Light Drizzle,0
5146,2/9/2024,2/9/2024 21:00,21,ภูชี้ดาว,19.869002,100.486419,20.5,94,0,Overcast,0
5147,2/9/2024,2/9/2024 22:00,22,ภูชี้ดาว,19.869002,100.486419,20.6,86,0.2,Light Drizzle,0
5148,2/9/2024,2/9/2024 23:00,23,ภูชี้ดาว,19.869002,100.486419,20.1,85,0,Overcast,0
5149,2/9/2024,3/9/2024 0:00,0,ภูชี้ดาว,19.869002,100.486419,19,89,0,Overcast,0
5150,2/9/2024,3/9/2024 1:00,1,ภูชี้ดาว,19.869002,100.486419,18.6,90,5,Rain,0
5151,2/9/2024,3/9/2024 2:00,2,ภูชี้ดาว,19.869002,100.486419,17.8,100,0.1,Light Drizzle,0
5152,2/9/2024,3/9/2024 3:00,3,ภูชี้ดาว,19.869002,100.486419,17.7,100,0.3,Light Drizzle,0
5153,3/9/2024,3/9/2024 21:00,21,ภูชี้ดาว,19.869002,100.486419,19.9,94,0,Overcast,0
5154,3/9/2024,3/9/2024 22:00,22,ภูชี้ดาว,19.869002,100.486419,19.8,92,0,Overcast,0
5155,3/9/2024,3/9/2024 23:00,23,ภูชี้ดาว,19.869002,100.486419,19.6,90,0,Overcast,0
5156,3/9/2024,4/9/2024 0:00,0,ภูชี้ดาว,19.869002,100.486419,19.4,89,0,Overcast,0
5157,3/9/2024,4/9/2024 1:00,1,ภูชี้ดาว,19.869002,100.486419,19.2,88,0,Overcast,0
5158,3/9/2024,4/9/2024 2:00,2,ภูชี้ดาว,19.869002,100.486419,18.7,90,0,Overcast,0
5159,3/9/2024,4/9/2024 3:00,3,ภูชี้ดาว,19.869002,100.486419,18.4,91,0,Overcast,0
5160,4/9/2024,4/9/2024 21:00,21,ภูชี้ดาว,19.869002,100.486419,20.9,83,0,Overcast,0
5161,4/9/2024,4/9/2024 22:00,22,ภูชี้ดาว,19.869002,100.486419,20.7,79,0,Overcast,0
5162,4/9/2024,4/9/2024 23:00,23,ภูชี้ดาว,19.869002,100.486419,21.9,66,0,Overcast,0
5163,4/9/2024,5/9/2024 0:00,0,ภูชี้ดาว,19.869002,100.486419,20.5,82,0,Overcast,0
5164,4/9/2024,5/9/2024 1:00,1,ภูชี้ดาว,19.869002,100.486419,20.1,79,0,Overcast,0
5165,4/9/2024,5/9/2024 2:00,2,ภูชี้ดาว,19.869002,100.486419,19.4,85,0,Mainly Clear,0
5166,4/9/2024,5/9/2024 3:00,3,ภูชี้ดาว,19.869002,100.486419,19,85,0,Mainly Clear,0
5167,5/9/2024,5/9/2024 21:00,21,ภูชี้ดาว,19.869002,100.486419,19.6,96,0,Overcast,0
5168,5/9/2024,5/9/2024 22:00,22,ภูชี้ดาว,19.869002,100.486419,18.8,98,0,Overcast,0
5169,5/9/2024,5/9/2024 23:00,23,ภูชี้ดาว,19.869002,100.486419,19.1,97,0,Overcast,0
5170,5/9/2024,6/9/2024 0:00,0,ภูชี้ดาว,19.869002,100.486419,18.7,97,0,Clear,0
5171,5/9/2024,6/9/2024 1:00,1,ภูชี้ดาว,19.869002,100.486419,17.7,97,0,Mainly Clear,0
5172,5/9/2024,6/9/2024 2:00,2,ภูชี้ดาว,19.869002,100.486419,17.7,97,0,Mainly Clear,0
5173,5/9/2024,6/9/2024 3:00,3,ภูชี้ดาว,19.869002,100.486419,17.5,98,0,Clear,0
5174,6/9/2024,6/9/2024 21:00,21,ภูชี้ดาว,19.869002,100.486419,21.6,81,0,Mainly Clear,0
5175,6/9/2024,6/9/2024 22:00,22,ภูชี้ดาว,19.869002,100.486419,21.2,82,0,Overcast,0
5176,6/9/2024,6/9/2024 23:00,23,ภูชี้ดาว,19.869002,100.486419,20.8,83,0,Overcast,0
5177,6/9/2024,7/9/2024 0:00,0,ภูชี้ดาว,19.869002,100.486419,20.4,85,0,Overcast,0
5178,6/9/2024,7/9/2024 1:00,1,ภูชี้ดาว,19.869002,100.486419,20.1,86,0,Overcast,0
5179,6/9/2024,7/9/2024 2:00,2,ภูชี้ดาว,19.869002,100.486419,19.8,87,0,Overcast,0
5180,6/9/2024,7/9/2024 3:00,3,ภูชี้ดาว,19.869002,100.486419,19.6,87,0,Overcast,0
5181,7/9/2024,7/9/2024 21:00,21,ภูชี้ดาว,19.869002,100.486419,22.1,79,0,Overcast,0
5182,7/9/2024,7/9/2024 22:00,22,ภูชี้ดาว,19.869002,100.486419,21.4,80,0,Overcast,0
5183,7/9/2024,7/9/2024 23:00,23,ภูชี้ดาว,19.869002,100.486419,20.9,82,0,Overcast,0
5184,7/9/2024,8/9/2024 0:00,0,ภูชี้ดาว,19.869002,100.486419,20.4,85,0,Overcast,0
5185,7/9/2024,8/9/2024 1:00,1,ภูชี้ดาว,19.869002,100.486419,20.1,88,0,Overcast,0
5186,7/9/2024,8/9/2024 2:00,2,ภูชี้ดาว,19.869002,100.486419,19.9,88,0,Overcast,0
5187,7/9/2024,8/9/2024 3:00,3,ภูชี้ดาว,19.869002,100.486419,19.8,89,0.1,Light Drizzle,0
5188,8/9/2024,8/9/2024 21:00,21,ภูชี้ดาว,19.869002,100.486419,18.9,100,0.2,Light Drizzle,0
5189,8/9/2024,8/9/2024 22:00,22,ภูชี้ดาว,19.869002,100.486419,18.8,100,0.2,Light Drizzle,0
5190,8/9/2024,8/9/2024 23:00,23,ภูชี้ดาว,19.869002,100.486419,18.6,100,0.2,Light Drizzle,0
5191,8/9/2024,9/9/2024 0:00,0,ภูชี้ดาว,19.869002,100.486419,18.5,100,0.8,Drizzle,0
5192,8/9/2024,9/9/2024 1:00,1,ภูชี้ดาว,19.869002,100.486419,18.4,100,1.5,Light Rain,0
5193,8/9/2024,9/9/2024 2:00,2,ภูชี้ดาว,19.869002,100.486419,18.3,100,1.8,Light Rain,0
5194,8/9/2024,9/9/2024 3:00,3,ภูชี้ดาว,19.869002,100.486419,18.2,100,1.9,Light Rain,0
5195,9/9/2024,9/9/2024 21:00,21,ภูชี้ดาว,19.869002,100.486419,18.1,100,1.5,Light Rain,0
5196,9/9/2024,9/9/2024 22:00,22,ภูชี้ดาว,19.869002,100.486419,17.9,100,2.1,Light Rain,0
5197,9/9/2024,9/9/2024 23:00,23,ภูชี้ดาว,19.869002,100.486419,17.7,100,2.8,Rain,0
5198,9/9/2024,10/9/2024 0:00,0,ภูชี้ดาว,19.869002,100.486419,17.6,100,3.6,Rain,0
5199,9/9/2024,10/9/2024 1:00,1,ภูชี้ดาว,19.869002,100.486419,17.6,100,3.5,Rain,0
5200,9/9/2024,10/9/2024 2:00,2,ภูชี้ดาว,19.869002,100.486419,17.5,100,3.1,Rain,0
5201,9/9/2024,10/9/2024 3:00,3,ภูชี้ดาว,19.869002,100.486419,17.4,100,2.4,Light Rain,0
5202,10/9/2024,10/9/2024 21:00,21,ภูชี้ดาว,19.869002,100.486419,17.9,100,0.4,Light Drizzle,0
5203,10/9/2024,10/9/2024 22:00,22,ภูชี้ดาว,19.869002,100.486419,17.8,100,0.3,Light Drizzle,0
5204,10/9/2024,10/9/2024 23:00,23,ภูชี้ดาว,19.869002,100.486419,17.7,100,0.2,Light Drizzle,0
5205,10/9/2024,11/9/2024 0:00,0,ภูชี้ดาว,19.869002,100.486419,17.5,100,0.2,Light Drizzle,0
5206,10/9/2024,11/9/2024 1:00,1,ภูชี้ดาว,19.869002,100.486419,17.6,100,0.1,Light Drizzle,0
5207,10/9/2024,11/9/2024 2:00,2,ภูชี้ดาว,19.869002,100.486419,17.6,100,0.2,Light Drizzle,0
5208,10/9/2024,11/9/2024 3:00,3,ภูชี้ดาว,19.869002,100.486419,17.6,100,0,Overcast,0
5209,11/9/2024,11/9/2024 21:00,21,ภูชี้ดาว,19.869002,100.486419,18.1,100,1.2,Heavy Drizzle,0
5210,11/9/2024,11/9/2024 22:00,22,ภูชี้ดาว,19.869002,100.486419,18,100,3.3,Rain,0
5211,11/9/2024,11/9/2024 23:00,23,ภูชี้ดาว,19.869002,100.486419,17.7,100,1,Heavy Drizzle,0
5212,11/9/2024,12/9/2024 0:00,0,ภูชี้ดาว,19.869002,100.486419,17.8,100,0.5,Drizzle,0
5213,11/9/2024,12/9/2024 1:00,1,ภูชี้ดาว,19.869002,100.486419,17.7,100,0.4,Light Drizzle,0
5214,11/9/2024,12/9/2024 2:00,2,ภูชี้ดาว,19.869002,100.486419,17.6,100,0.4,Light Drizzle,0
5215,11/9/2024,12/9/2024 3:00,3,ภูชี้ดาว,19.869002,100.486419,17.4,100,0,Overcast,0
5216,12/9/2024,12/9/2024 21:00,21,ภูชี้ดาว,19.869002,100.486419,19.3,92,0,Overcast,0
5217,12/9/2024,12/9/2024 22:00,22,ภูชี้ดาว,19.869002,100.486419,19.1,88,0,Overcast,0
5218,12/9/2024,12/9/2024 23:00,23,ภูชี้ดาว,19.869002,100.486419,18.7,88,0,Overcast,0
5219,12/9/2024,13/9/2024 0:00,0,ภูชี้ดาว,19.869002,100.486419,18.5,88,0,Overcast,0
5220,12/9/2024,13/9/2024 1:00,1,ภูชี้ดาว,19.869002,100.486419,17.8,92,0,Overcast,0
5221,12/9/2024,13/9/2024 2:00,2,ภูชี้ดาว,19.869002,100.486419,17.7,91,0,Overcast,0
5222,12/9/2024,13/9/2024 3:00,3,ภูชี้ดาว,19.869002,100.486419,17.9,91,0,Overcast,0
5223,13/9/2024,13/9/2024 21:00,21,ภูชี้ดาว,19.869002,100.486419,19.4,95,0,Partly Cloudy,0
5224,13/9/2024,13/9/2024 22:00,22,ภูชี้ดาว,19.869002,100.486419,19,95,0,Overcast,0
5225,13/9/2024,13/9/2024 23:00,23,ภูชี้ดาว,19.869002,100.486419,19.3,94,0,Partly Cloudy,0
5226,13/9/2024,14/9/2024 0:00,0,ภูชี้ดาว,19.869002,100.486419,18.9,94,0,Overcast,0
5227,13/9/2024,14/9/2024 1:00,1,ภูชี้ดาว,19.869002,100.486419,18.4,93,0.3,Light Drizzle,0
5228,13/9/2024,14/9/2024 2:00,2,ภูชี้ดาว,19.869002,100.486419,17.3,98,0.1,Light Drizzle,0
5229,13/9/2024,14/9/2024 3:00,3,ภูชี้ดาว,19.869002,100.486419,17.3,99,1.8,Light Rain,0
5230,14/9/2024,14/9/2024 21:00,21,ภูชี้ดาว,19.869002,100.486419,18.9,98,0,Overcast,0
5231,14/9/2024,14/9/2024 22:00,22,ภูชี้ดาว,19.869002,100.486419,18.7,97,0,Overcast,0
5232,14/9/2024,14/9/2024 23:00,23,ภูชี้ดาว,19.869002,100.486419,18.3,95,0,Overcast,0
5233,14/9/2024,15/9/2024 0:00,0,ภูชี้ดาว,19.869002,100.486419,17.7,95,0,Partly Cloudy,0
5234,14/9/2024,15/9/2024 1:00,1,ภูชี้ดาว,19.869002,100.486419,18.4,92,0,Partly Cloudy,0
5235,14/9/2024,15/9/2024 2:00,2,ภูชี้ดาว,19.869002,100.486419,17.1,96,0,Mainly Clear,0
5236,14/9/2024,15/9/2024 3:00,3,ภูชี้ดาว,19.869002,100.486419,17.2,96,0,Clear,0
5237,15/9/2024,15/9/2024 21:00,21,ภูชี้ดาว,19.869002,100.486419,20,87,0,Partly Cloudy,0
5238,15/9/2024,15/9/2024 22:00,22,ภูชี้ดาว,19.869002,100.486419,19.7,86,0,Partly Cloudy,0
5239,15/9/2024,15/9/2024 23:00,23,ภูชี้ดาว,19.869002,100.486419,19.7,84,0,Partly Cloudy,0
5240,15/9/2024,16/9/2024 0:00,0,ภูชี้ดาว,19.869002,100.486419,19.7,83,0,Partly Cloudy,0
5241,15/9/2024,16/9/2024 1:00,1,ภูชี้ดาว,19.869002,100.486419,19.3,85,0,Partly Cloudy,0
5242,15/9/2024,16/9/2024 2:00,2,ภูชี้ดาว,19.869002,100.486419,18.8,88,0,Overcast,0
5243,15/9/2024,16/9/2024 3:00,3,ภูชี้ดาว,19.869002,100.486419,18.2,90,0,Overcast,0
5244,16/9/2024,16/9/2024 21:00,21,ภูชี้ดาว,19.869002,100.486419,19.5,97,0,Overcast,0
5245,16/9/2024,16/9/2024 22:00,22,ภูชี้ดาว,19.869002,100.486419,19.3,96,0,Mainly Clear,0
5246,16/9/2024,16/9/2024 23:00,23,ภูชี้ดาว,19.869002,100.486419,19.2,95,0,Mainly Clear,0
5247,16/9/2024,17/9/2024 0:00,0,ภูชี้ดาว,19.869002,100.486419,18.9,94,0,Clear,0
5248,16/9/2024,17/9/2024 1:00,1,ภูชี้ดาว,19.869002,100.486419,18.8,92,0,Clear,0
5249,16/9/2024,17/9/2024 2:00,2,ภูชี้ดาว,19.869002,100.486419,18.4,93,0,Clear,0
5250,16/9/2024,17/9/2024 3:00,3,ภูชี้ดาว,19.869002,100.486419,18.4,93,0,Mainly Clear,0
5251,17/9/2024,17/9/2024 21:00,21,ภูชี้ดาว,19.869002,100.486419,20.5,83,0,Overcast,0
5252,17/9/2024,17/9/2024 22:00,22,ภูชี้ดาว,19.869002,100.486419,20.4,83,0,Overcast,0
5253,17/9/2024,17/9/2024 23:00,23,ภูชี้ดาว,19.869002,100.486419,20.4,81,0,Overcast,0
5254,17/9/2024,18/9/2024 0:00,0,ภูชี้ดาว,19.869002,100.486419,20.6,80,0,Overcast,1
5255,17/9/2024,18/9/2024 1:00,1,ภูชี้ดาว,19.869002,100.486419,20.2,82,0,Overcast,0
5256,17/9/2024,18/9/2024 2:00,2,ภูชี้ดาว,19.869002,100.486419,19.9,83,0,Overcast,0
5257,17/9/2024,18/9/2024 3:00,3,ภูชี้ดาว,19.869002,100.486419,19.4,85,0,Overcast,0
5258,18/9/2024,18/9/2024 21:00,21,ภูชี้ดาว,19.869002,100.486419,20.3,89,0,Clear,0
5259,18/9/2024,18/9/2024 22:00,22,ภูชี้ดาว,19.869002,100.486419,19.9,88,0,Clear,0
5260,18/9/2024,18/9/2024 23:00,23,ภูชี้ดาว,19.869002,100.486419,19.5,88,0,Clear,0
5261,18/9/2024,19/9/2024 0:00,0,ภูชี้ดาว,19.869002,100.486419,19.3,88,0,Mainly Clear,0
5262,18/9/2024,19/9/2024 1:00,1,ภูชี้ดาว,19.869002,100.486419,19.1,88,0,Mainly Clear,0
5263,18/9/2024,19/9/2024 2:00,2,ภูชี้ดาว,19.869002,100.486419,18.7,89,0,Overcast,0
5264,18/9/2024,19/9/2024 3:00,3,ภูชี้ดาว,19.869002,100.486419,18.3,91,0,Overcast,0
5265,19/9/2024,19/9/2024 21:00,21,ภูชี้ดาว,19.869002,100.486419,21.3,82,0,Overcast,0
5266,19/9/2024,19/9/2024 22:00,22,ภูชี้ดาว,19.869002,100.486419,20.7,84,0,Overcast,0
5267,19/9/2024,19/9/2024 23:00,23,ภูชี้ดาว,19.869002,100.486419,20.2,84,0,Overcast,0
5268,19/9/2024,20/9/2024 0:00,0,ภูชี้ดาว,19.869002,100.486419,19.8,83,0,Overcast,0
5269,19/9/2024,20/9/2024 1:00,1,ภูชี้ดาว,19.869002,100.486419,21.1,75,0,Overcast,0
5270,19/9/2024,20/9/2024 2:00,2,ภูชี้ดาว,19.869002,100.486419,20.7,79,0,Overcast,0
5271,19/9/2024,20/9/2024 3:00,3,ภูชี้ดาว,19.869002,100.486419,20.3,82,0,Overcast,0
5272,20/9/2024,20/9/2024 21:00,21,ภูชี้ดาว,19.869002,100.486419,19.3,96,0,Overcast,0
5273,20/9/2024,20/9/2024 22:00,22,ภูชี้ดาว,19.869002,100.486419,19.1,95,0,Overcast,0
5274,20/9/2024,20/9/2024 23:00,23,ภูชี้ดาว,19.869002,100.486419,19.3,92,0,Overcast,0
5275,20/9/2024,21/9/2024 0:00,0,ภูชี้ดาว,19.869002,100.486419,19.5,89,0,Overcast,0
5276,20/9/2024,21/9/2024 1:00,1,ภูชี้ดาว,19.869002,100.486419,19.3,88,0,Overcast,0
5277,20/9/2024,21/9/2024 2:00,2,ภูชี้ดาว,19.869002,100.486419,19.3,87,0,Overcast,0
5278,20/9/2024,21/9/2024 3:00,3,ภูชี้ดาว,19.869002,100.486419,19.3,87,0,Overcast,0
5279,21/9/2024,21/9/2024 21:00,21,ภูชี้ดาว,19.869002,100.486419,20.5,92,0,Overcast,0
5280,21/9/2024,21/9/2024 22:00,22,ภูชี้ดาว,19.869002,100.486419,20.5,91,0,Overcast,0
5281,21/9/2024,21/9/2024 23:00,23,ภูชี้ดาว,19.869002,100.486419,20.6,89,0,Overcast,0
5282,21/9/2024,22/9/2024 0:00,0,ภูชี้ดาว,19.869002,100.486419,20,91,0,Overcast,0
5283,21/9/2024,22/9/2024 1:00,1,ภูชี้ดาว,19.869002,100.486419,19,95,0,Overcast,0
5284,21/9/2024,22/9/2024 2:00,2,ภูชี้ดาว,19.869002,100.486419,19.4,96,0,Overcast,0
5285,21/9/2024,22/9/2024 3:00,3,ภูชี้ดาว,19.869002,100.486419,19,98,0,Overcast,0
5286,22/9/2024,22/9/2024 21:00,21,ภูชี้ดาว,19.869002,100.486419,19.2,95,0,Overcast,0
5287,22/9/2024,22/9/2024 22:00,22,ภูชี้ดาว,19.869002,100.486419,18.9,95,0,Overcast,0
5288,22/9/2024,22/9/2024 23:00,23,ภูชี้ดาว,19.869002,100.486419,18.4,97,0,Overcast,0
5289,22/9/2024,23/9/2024 0:00,0,ภูชี้ดาว,19.869002,100.486419,18.2,100,0,Overcast,0
5290,22/9/2024,23/9/2024 1:00,1,ภูชี้ดาว,19.869002,100.486419,18.3,100,0.4,Light Drizzle,0
5291,22/9/2024,23/9/2024 2:00,2,ภูชี้ดาว,19.869002,100.486419,17.8,100,0.1,Light Drizzle,0
5292,22/9/2024,23/9/2024 3:00,3,ภูชี้ดาว,19.869002,100.486419,17.9,100,0,Overcast,0
5293,23/9/2024,23/9/2024 21:00,21,ภูชี้ดาว,19.869002,100.486419,18.5,94,0.1,Light Drizzle,0
5294,23/9/2024,23/9/2024 22:00,22,ภูชี้ดาว,19.869002,100.486419,18.4,93,0.5,Drizzle,0
5295,23/9/2024,23/9/2024 23:00,23,ภูชี้ดาว,19.869002,100.486419,18.2,94,0.4,Light Drizzle,0
5296,23/9/2024,24/9/2024 0:00,0,ภูชี้ดาว,19.869002,100.486419,17.8,100,0.8,Drizzle,0
5297,23/9/2024,24/9/2024 1:00,1,ภูชี้ดาว,19.869002,100.486419,17.7,100,1,Heavy Drizzle,0
5298,23/9/2024,24/9/2024 2:00,2,ภูชี้ดาว,19.869002,100.486419,17.5,100,0.8,Drizzle,0
5299,23/9/2024,24/9/2024 3:00,3,ภูชี้ดาว,19.869002,100.486419,17.3,100,0.2,Light Drizzle,0
5300,24/9/2024,24/9/2024 21:00,21,ภูชี้ดาว,19.869002,100.486419,17.2,99,0,Overcast,0
5301,24/9/2024,24/9/2024 22:00,22,ภูชี้ดาว,19.869002,100.486419,17.1,99,0,Overcast,0
5302,24/9/2024,24/9/2024 23:00,23,ภูชี้ดาว,19.869002,100.486419,16.7,100,0,Overcast,0
5303,24/9/2024,25/9/2024 0:00,0,ภูชี้ดาว,19.869002,100.486419,16.5,100,0,Overcast,0
5304,24/9/2024,25/9/2024 1:00,1,ภูชี้ดาว,19.869002,100.486419,16.4,100,0,Overcast,0
5305,24/9/2024,25/9/2024 2:00,2,ภูชี้ดาว,19.869002,100.486419,16.8,99,0,Overcast,0
5306,24/9/2024,25/9/2024 3:00,3,ภูชี้ดาว,19.869002,100.486419,16.8,99,0,Overcast,0
5307,25/9/2024,25/9/2024 21:00,21,ภูชี้ดาว,19.869002,100.486419,17.7,97,0,Mainly Clear,0
5308,25/9/2024,25/9/2024 22:00,22,ภูชี้ดาว,19.869002,100.486419,17.2,99,0,Partly Cloudy,0
5309,25/9/2024,25/9/2024 23:00,23,ภูชี้ดาว,19.869002,100.486419,16.6,100,0,Overcast,0
5310,25/9/2024,26/9/2024 0:00,0,ภูชี้ดาว,19.869002,100.486419,16.5,100,0,Overcast,0
5311,25/9/2024,26/9/2024 1:00,1,ภูชี้ดาว,19.869002,100.486419,16.6,100,0,Overcast,0
5312,25/9/2024,26/9/2024 2:00,2,ภูชี้ดาว,19.869002,100.486419,16.8,100,0,Overcast,0
5313,25/9/2024,26/9/2024 3:00,3,ภูชี้ดาว,19.869002,100.486419,16.7,100,0,Overcast,0
5314,26/9/2024,26/9/2024 21:00,21,ภูชี้ดาว,19.869002,100.486419,19.3,88,0,Mainly Clear,0
5315,26/9/2024,26/9/2024 22:00,22,ภูชี้ดาว,19.869002,100.486419,18.8,90,0,Clear,0
5316,26/9/2024,26/9/2024 23:00,23,ภูชี้ดาว,19.869002,100.486419,18.6,89,0,Mainly Clear,0
5317,26/9/2024,27/9/2024 0:00,0,ภูชี้ดาว,19.869002,100.486419,18.5,89,0,Mainly Clear,0
5318,26/9/2024,27/9/2024 1:00,1,ภูชี้ดาว,19.869002,100.486419,17.8,92,0,Mainly Clear,0
5319,26/9/2024,27/9/2024 2:00,2,ภูชี้ดาว,19.869002,100.486419,17.6,92,0,Mainly Clear,0
5320,26/9/2024,27/9/2024 3:00,3,ภูชี้ดาว,19.869002,100.486419,17.3,92,0,Clear,0
5321,27/9/2024,27/9/2024 21:00,21,ภูชี้ดาว,19.869002,100.486419,20.4,85,0,Partly Cloudy,0
5322,27/9/2024,27/9/2024 22:00,22,ภูชี้ดาว,19.869002,100.486419,20.2,82,0,Mainly Clear,0
5323,27/9/2024,27/9/2024 23:00,23,ภูชี้ดาว,19.869002,100.486419,19.7,82,0,Mainly Clear,0
5324,27/9/2024,28/9/2024 0:00,0,ภูชี้ดาว,19.869002,100.486419,19.4,82,0,Partly Cloudy,0
5325,27/9/2024,28/9/2024 1:00,1,ภูชี้ดาว,19.869002,100.486419,19.2,83,0,Overcast,0
5326,27/9/2024,28/9/2024 2:00,2,ภูชี้ดาว,19.869002,100.486419,18.9,84,0,Mainly Clear,0
5327,27/9/2024,28/9/2024 3:00,3,ภูชี้ดาว,19.869002,100.486419,18.6,85,0,Clear,0
5328,28/9/2024,28/9/2024 21:00,21,ภูชี้ดาว,19.869002,100.486419,20.1,84,0,Overcast,0
5329,28/9/2024,28/9/2024 22:00,22,ภูชี้ดาว,19.869002,100.486419,20.1,82,0,Overcast,0
5330,28/9/2024,28/9/2024 23:00,23,ภูชี้ดาว,19.869002,100.486419,19.8,84,0,Overcast,0
5331,28/9/2024,29/9/2024 0:00,0,ภูชี้ดาว,19.869002,100.486419,19.8,83,0,Overcast,0
5332,28/9/2024,29/9/2024 1:00,1,ภูชี้ดาว,19.869002,100.486419,19.6,83,0,Overcast,0
5333,28/9/2024,29/9/2024 2:00,2,ภูชี้ดาว,19.869002,100.486419,19.1,86,0,Overcast,0
5334,28/9/2024,29/9/2024 3:00,3,ภูชี้ดาว,19.869002,100.486419,18.8,88,0,Overcast,0
5335,29/9/2024,29/9/2024 21:00,21,ภูชี้ดาว,19.869002,100.486419,20.5,90,0,Overcast,0
5336,29/9/2024,29/9/2024 22:00,22,ภูชี้ดาว,19.869002,100.486419,20.1,92,0,Overcast,0
5337,29/9/2024,29/9/2024 23:00,23,ภูชี้ดาว,19.869002,100.486419,19.7,93,0,Overcast,0
5338,29/9/2024,30/9/2024 0:00,0,ภูชี้ดาว,19.869002,100.486419,19.5,92,0,Overcast,0
5339,29/9/2024,30/9/2024 1:00,1,ภูชี้ดาว,19.869002,100.486419,19.2,93,0,Overcast,0
5340,29/9/2024,30/9/2024 2:00,2,ภูชี้ดาว,19.869002,100.486419,18.9,94,0,Overcast,0
5341,29/9/2024,30/9/2024 3:00,3,ภูชี้ดาว,19.869002,100.486419,18.7,95,0,Overcast,0
5342,30/9/2024,30/9/2024 21:00,21,ภูชี้ดาว,19.869002,100.486419,20.2,96,0,Overcast,0
5343,30/9/2024,30/9/2024 22:00,22,ภูชี้ดาว,19.869002,100.486419,20,95,0,Overcast,0
5344,30/9/2024,30/9/2024 23:00,23,ภูชี้ดาว,19.869002,100.486419,18.9,98,6,Rain,0
5345,30/9/2024,1/10/2024 0:00,0,ภูชี้ดาว,19.869002,100.486419,18.9,100,2.2,Light Rain,0
5346,30/9/2024,1/10/2024 1:00,1,ภูชี้ดาว,19.869002,100.486419,18.5,100,9.6,Heavy Rain,0
5347,30/9/2024,1/10/2024 2:00,2,ภูชี้ดาว,19.869002,100.486419,18.2,100,3.3,Rain,0
5348,30/9/2024,1/10/2024 3:00,3,ภูชี้ดาว,19.869002,100.486419,17.9,100,2.1,Light Rain,0
5349,1/10/2024,1/10/2024 21:00,21,ภูชี้ดาว,19.869002,100.486419,17.9,99,0,Overcast,0
5350,1/10/2024,1/10/2024 22:00,22,ภูชี้ดาว,19.869002,100.486419,18,99,0,Overcast,0
5351,1/10/2024,1/10/2024 23:00,23,ภูชี้ดาว,19.869002,100.486419,17.5,99,0,Overcast,0
5352,1/10/2024,2/10/2024 0:00,0,ภูชี้ดาว,19.869002,100.486419,16.8,100,0.2,Light Drizzle,0
5353,1/10/2024,2/10/2024 1:00,1,ภูชี้ดาว,19.869002,100.486419,16.9,99,0.1,Light Drizzle,0
5354,1/10/2024,2/10/2024 2:00,2,ภูชี้ดาว,19.869002,100.486419,17,98,0,Overcast,0
5355,1/10/2024,2/10/2024 3:00,3,ภูชี้ดาว,19.869002,100.486419,16.9,99,0.1,Light Drizzle,0
5356,2/10/2024,2/10/2024 21:00,21,ภูชี้ดาว,19.869002,100.486419,16.9,100,2.4,Light Rain,0
5357,2/10/2024,2/10/2024 22:00,22,ภูชี้ดาว,19.869002,100.486419,17.1,100,0.4,Light Drizzle,0
5358,2/10/2024,2/10/2024 23:00,23,ภูชี้ดาว,19.869002,100.486419,16.4,100,0,Overcast,0
5359,2/10/2024,3/10/2024 0:00,0,ภูชี้ดาว,19.869002,100.486419,16.5,100,1.4,Light Rain,0
5360,2/10/2024,3/10/2024 1:00,1,ภูชี้ดาว,19.869002,100.486419,16.2,100,3.2,Rain,0
5361,2/10/2024,3/10/2024 2:00,2,ภูชี้ดาว,19.869002,100.486419,16.2,100,3,Rain,0
5362,2/10/2024,3/10/2024 3:00,3,ภูชี้ดาว,19.869002,100.486419,16.1,100,1.4,Light Rain,0
5363,3/10/2024,3/10/2024 21:00,21,ภูชี้ดาว,19.869002,100.486419,17.3,100,0,Partly Cloudy,0
5364,3/10/2024,3/10/2024 22:00,22,ภูชี้ดาว,19.869002,100.486419,16.8,100,0,Overcast,0
5365,3/10/2024,3/10/2024 23:00,23,ภูชี้ดาว,19.869002,100.486419,17,99,0,Overcast,0
5366,3/10/2024,4/10/2024 0:00,0,ภูชี้ดาว,19.869002,100.486419,16.6,99,0,Overcast,0
5367,3/10/2024,4/10/2024 1:00,1,ภูชี้ดาว,19.869002,100.486419,16.7,99,0,Overcast,0
5368,3/10/2024,4/10/2024 2:00,2,ภูชี้ดาว,19.869002,100.486419,16.8,97,0,Overcast,0
5369,3/10/2024,4/10/2024 3:00,3,ภูชี้ดาว,19.869002,100.486419,16.4,99,0,Overcast,0
5370,4/10/2024,4/10/2024 21:00,21,ภูชี้ดาว,19.869002,100.486419,17.7,93,0,Overcast,0
5371,4/10/2024,4/10/2024 22:00,22,ภูชี้ดาว,19.869002,100.486419,17.5,93,0,Overcast,0
5372,4/10/2024,4/10/2024 23:00,23,ภูชี้ดาว,19.869002,100.486419,17.3,94,0,Overcast,0
5373,4/10/2024,5/10/2024 0:00,0,ภูชี้ดาว,19.869002,100.486419,16.8,95,0,Overcast,0
5374,4/10/2024,5/10/2024 1:00,1,ภูชี้ดาว,19.869002,100.486419,16.6,95,0,Overcast,0
5375,4/10/2024,5/10/2024 2:00,2,ภูชี้ดาว,19.869002,100.486419,16.2,96,0,Overcast,0
5376,4/10/2024,5/10/2024 3:00,3,ภูชี้ดาว,19.869002,100.486419,16,96,0,Overcast,0
5377,5/10/2024,5/10/2024 21:00,21,ภูชี้ดาว,19.869002,100.486419,18.8,91,0,Clear,0
5378,5/10/2024,5/10/2024 22:00,22,ภูชี้ดาว,19.869002,100.486419,18.6,89,0,Clear,0
5379,5/10/2024,5/10/2024 23:00,23,ภูชี้ดาว,19.869002,100.486419,19.5,83,0,Clear,0
5380,5/10/2024,6/10/2024 0:00,0,ภูชี้ดาว,19.869002,100.486419,17.8,90,0,Clear,0
5381,5/10/2024,6/10/2024 1:00,1,ภูชี้ดาว,19.869002,100.486419,18.8,84,0,Clear,0
5382,5/10/2024,6/10/2024 2:00,2,ภูชี้ดาว,19.869002,100.486419,17,92,0,Mainly Clear,0
5383,5/10/2024,6/10/2024 3:00,3,ภูชี้ดาว,19.869002,100.486419,17.3,90,0,Clear,0
5384,6/10/2024,6/10/2024 21:00,21,ภูชี้ดาว,19.869002,100.486419,19.9,86,0,Partly Cloudy,0
5385,6/10/2024,6/10/2024 22:00,22,ภูชี้ดาว,19.869002,100.486419,19.5,85,0,Partly Cloudy,0
5386,6/10/2024,6/10/2024 23:00,23,ภูชี้ดาว,19.869002,100.486419,19,85,0,Mainly Clear,0
5387,6/10/2024,7/10/2024 0:00,0,ภูชี้ดาว,19.869002,100.486419,18.9,82,0,Mainly Clear,0
5388,6/10/2024,7/10/2024 1:00,1,ภูชี้ดาว,19.869002,100.486419,18.7,81,0,Partly Cloudy,0
5389,6/10/2024,7/10/2024 2:00,2,ภูชี้ดาว,19.869002,100.486419,17.4,87,0,Partly Cloudy,0
5390,6/10/2024,7/10/2024 3:00,3,ภูชี้ดาว,19.869002,100.486419,16.9,89,0,Clear,0
5391,7/10/2024,7/10/2024 21:00,21,ภูชี้ดาว,19.869002,100.486419,21.5,62,0,Clear,1
5392,7/10/2024,7/10/2024 22:00,22,ภูชี้ดาว,19.869002,100.486419,20.1,68,0,Clear,1
5393,7/10/2024,7/10/2024 23:00,23,ภูชี้ดาว,19.869002,100.486419,18,80,0,Clear,1
5394,7/10/2024,8/10/2024 0:00,0,ภูชี้ดาว,19.869002,100.486419,17.7,80,0,Clear,1
5395,7/10/2024,8/10/2024 1:00,1,ภูชี้ดาว,19.869002,100.486419,17.8,77,0,Clear,1
5396,7/10/2024,8/10/2024 2:00,2,ภูชี้ดาว,19.869002,100.486419,18.9,68,0,Clear,1
5397,7/10/2024,8/10/2024 3:00,3,ภูชี้ดาว,19.869002,100.486419,18.5,69,0,Clear,1
5398,8/10/2024,8/10/2024 21:00,21,ภูชี้ดาว,19.869002,100.486419,19.3,88,0,Clear,0
5399,8/10/2024,8/10/2024 22:00,22,ภูชี้ดาว,19.869002,100.486419,18.7,88,0,Clear,0
5400,8/10/2024,8/10/2024 23:00,23,ภูชี้ดาว,19.869002,100.486419,18.3,88,0,Clear,0
5401,8/10/2024,9/10/2024 0:00,0,ภูชี้ดาว,19.869002,100.486419,18,88,0,Clear,0
5402,8/10/2024,9/10/2024 1:00,1,ภูชี้ดาว,19.869002,100.486419,17.4,89,0,Clear,0
5403,8/10/2024,9/10/2024 2:00,2,ภูชี้ดาว,19.869002,100.486419,17.4,88,0,Clear,0
5404,8/10/2024,9/10/2024 3:00,3,ภูชี้ดาว,19.869002,100.486419,18.5,81,0,Clear,0
5405,9/10/2024,9/10/2024 21:00,21,ภูชี้ดาว,19.869002,100.486419,17.7,92,1.9,Light Rain,0
5406,9/10/2024,9/10/2024 22:00,22,ภูชี้ดาว,19.869002,100.486419,17.7,96,0.1,Light Drizzle,0
5407,9/10/2024,9/10/2024 23:00,23,ภูชี้ดาว,19.869002,100.486419,16.9,97,0,Partly Cloudy,0
5408,9/10/2024,10/10/2024 0:00,0,ภูชี้ดาว,19.869002,100.486419,16.7,97,0.2,Light Drizzle,0
5409,9/10/2024,10/10/2024 1:00,1,ภูชี้ดาว,19.869002,100.486419,16.6,100,0.1,Light Drizzle,0
5410,9/10/2024,10/10/2024 2:00,2,ภูชี้ดาว,19.869002,100.486419,16,100,0,Overcast,0
5411,9/10/2024,10/10/2024 3:00,3,ภูชี้ดาว,19.869002,100.486419,16.2,100,0.2,Light Drizzle,0
5412,10/10/2024,10/10/2024 21:00,21,ภูชี้ดาว,19.869002,100.486419,18.8,95,0,Mainly Clear,0
5413,10/10/2024,10/10/2024 22:00,22,ภูชี้ดาว,19.869002,100.486419,18.6,95,0,Partly Cloudy,0
5414,10/10/2024,10/10/2024 23:00,23,ภูชี้ดาว,19.869002,100.486419,18.4,94,0,Overcast,0
5415,10/10/2024,11/10/2024 0:00,0,ภูชี้ดาว,19.869002,100.486419,18.1,94,0,Clear,0
5416,10/10/2024,11/10/2024 1:00,1,ภูชี้ดาว,19.869002,100.486419,17.8,92,0,Clear,0
5417,10/10/2024,11/10/2024 2:00,2,ภูชี้ดาว,19.869002,100.486419,17.7,92,0,Mainly Clear,0
5418,10/10/2024,11/10/2024 3:00,3,ภูชี้ดาว,19.869002,100.486419,17.4,94,0,Mainly Clear,0
5419,11/10/2024,11/10/2024 21:00,21,ภูชี้ดาว,19.869002,100.486419,18.2,99,0,Overcast,0
5420,11/10/2024,11/10/2024 22:00,22,ภูชี้ดาว,19.869002,100.486419,17.4,100,0,Overcast,0
5421,11/10/2024,11/10/2024 23:00,23,ภูชี้ดาว,19.869002,100.486419,16.8,100,0,Overcast,0
5422,11/10/2024,12/10/2024 0:00,0,ภูชี้ดาว,19.869002,100.486419,16.6,99,0,Overcast,0
5423,11/10/2024,12/10/2024 1:00,1,ภูชี้ดาว,19.869002,100.486419,16.4,99,0,Overcast,0
5424,11/10/2024,12/10/2024 2:00,2,ภูชี้ดาว,19.869002,100.486419,16.2,99,0,Partly Cloudy,0
5425,11/10/2024,12/10/2024 3:00,3,ภูชี้ดาว,19.869002,100.486419,16,99,0,Partly Cloudy,0
5426,12/10/2024,12/10/2024 21:00,21,ภูชี้ดาว,19.869002,100.486419,18.9,91,0,Partly Cloudy,0
5427,12/10/2024,12/10/2024 22:00,22,ภูชี้ดาว,19.869002,100.486419,19.8,84,0,Overcast,0
5428,12/10/2024,12/10/2024 23:00,23,ภูชี้ดาว,19.869002,100.486419,19.5,82,0,Overcast,0
5429,12/10/2024,13/10/2024 0:00,0,ภูชี้ดาว,19.869002,100.486419,18.7,84,0,Mainly Clear,0
5430,12/10/2024,13/10/2024 1:00,1,ภูชี้ดาว,19.869002,100.486419,18.4,83,0,Overcast,0
5431,12/10/2024,13/10/2024 2:00,2,ภูชี้ดาว,19.869002,100.486419,16.9,90,0,Mainly Clear,0
5432,12/10/2024,13/10/2024 3:00,3,ภูชี้ดาว,19.869002,100.486419,17.1,87,0,Clear,0
5433,13/10/2024,13/10/2024 21:00,21,ภูชี้ดาว,19.869002,100.486419,19.7,88,0,Mainly Clear,0
5434,13/10/2024,13/10/2024 22:00,22,ภูชี้ดาว,19.869002,100.486419,19.2,86,0,Mainly Clear,0
5435,13/10/2024,13/10/2024 23:00,23,ภูชี้ดาว,19.869002,100.486419,18.9,84,0,Clear,0
5436,13/10/2024,14/10/2024 0:00,0,ภูชี้ดาว,19.869002,100.486419,18.9,81,0,Clear,1
5437,13/10/2024,14/10/2024 1:00,1,ภูชี้ดาว,19.869002,100.486419,18.4,82,0,Clear,0
5438,13/10/2024,14/10/2024 2:00,2,ภูชี้ดาว,19.869002,100.486419,17.8,85,0,Clear,0
5439,13/10/2024,14/10/2024 3:00,3,ภูชี้ดาว,19.869002,100.486419,17.6,86,0,Partly Cloudy,0
5440,14/10/2024,14/10/2024 21:00,21,ภูชี้ดาว,19.869002,100.486419,20.3,86,0,Partly Cloudy,0
5441,14/10/2024,14/10/2024 22:00,22,ภูชี้ดาว,19.869002,100.486419,20.2,83,0,Mainly Clear,0
5442,14/10/2024,14/10/2024 23:00,23,ภูชี้ดาว,19.869002,100.486419,19.9,82,0,Clear,0
5443,14/10/2024,15/10/2024 0:00,0,ภูชี้ดาว,19.869002,100.486419,19.7,81,0,Partly Cloudy,0
5444,14/10/2024,15/10/2024 1:00,1,ภูชี้ดาว,19.869002,100.486419,19.4,83,0,Clear,0
5445,14/10/2024,15/10/2024 2:00,2,ภูชี้ดาว,19.869002,100.486419,18.2,88,0,Clear,0
5446,14/10/2024,15/10/2024 3:00,3,ภูชี้ดาว,19.869002,100.486419,17.9,88,0,Clear,0
5447,15/10/2024,15/10/2024 21:00,21,ภูชี้ดาว,19.869002,100.486419,17.9,100,0,Overcast,0
5448,15/10/2024,15/10/2024 22:00,22,ภูชี้ดาว,19.869002,100.486419,17.7,100,0,Overcast,0
5449,15/10/2024,15/10/2024 23:00,23,ภูชี้ดาว,19.869002,100.486419,17.3,99,0,Overcast,0
5450,15/10/2024,16/10/2024 0:00,0,ภูชี้ดาว,19.869002,100.486419,16.9,99,0,Overcast,0
5451,15/10/2024,16/10/2024 1:00,1,ภูชี้ดาว,19.869002,100.486419,16.6,100,0,Overcast,0
5452,15/10/2024,16/10/2024 2:00,2,ภูชี้ดาว,19.869002,100.486419,16.4,99,0,Overcast,0
5453,15/10/2024,16/10/2024 3:00,3,ภูชี้ดาว,19.869002,100.486419,16.1,99,0,Overcast,0
5454,16/10/2024,16/10/2024 21:00,21,ภูชี้ดาว,19.869002,100.486419,19.5,95,0,Partly Cloudy,0
5455,16/10/2024,16/10/2024 22:00,22,ภูชี้ดาว,19.869002,100.486419,19.4,95,0,Partly Cloudy,0
5456,16/10/2024,16/10/2024 23:00,23,ภูชี้ดาว,19.869002,100.486419,18.1,97,0,Partly Cloudy,0
5457,16/10/2024,17/10/2024 0:00,0,ภูชี้ดาว,19.869002,100.486419,18.1,97,0,Partly Cloudy,0
5458,16/10/2024,17/10/2024 1:00,1,ภูชี้ดาว,19.869002,100.486419,17.2,98,0,Partly Cloudy,0
5459,16/10/2024,17/10/2024 2:00,2,ภูชี้ดาว,19.869002,100.486419,18.2,95,0,Overcast,0
5460,16/10/2024,17/10/2024 3:00,3,ภูชี้ดาว,19.869002,100.486419,17.9,96,0,Overcast,0
5461,17/10/2024,17/10/2024 21:00,21,ภูชี้ดาว,19.869002,100.486419,17.8,96,0,Mainly Clear,0
5462,17/10/2024,17/10/2024 22:00,22,ภูชี้ดาว,19.869002,100.486419,17.9,93,0,Mainly Clear,0
5463,17/10/2024,17/10/2024 23:00,23,ภูชี้ดาว,19.869002,100.486419,17.5,93,0,Clear,0
5464,17/10/2024,18/10/2024 0:00,0,ภูชี้ดาว,19.869002,100.486419,17.3,93,0,Clear,0
5465,17/10/2024,18/10/2024 1:00,1,ภูชี้ดาว,19.869002,100.486419,17.4,92,0,Partly Cloudy,0
5466,17/10/2024,18/10/2024 2:00,2,ภูชี้ดาว,19.869002,100.486419,18.3,89,0,Partly Cloudy,0
5467,17/10/2024,18/10/2024 3:00,3,ภูชี้ดาว,19.869002,100.486419,17.2,93,0,Mainly Clear,0
5468,18/10/2024,18/10/2024 21:00,21,ภูชี้ดาว,19.869002,100.486419,19.6,88,0,Overcast,0
5469,18/10/2024,18/10/2024 22:00,22,ภูชี้ดาว,19.869002,100.486419,19,88,0,Partly Cloudy,0
5470,18/10/2024,18/10/2024 23:00,23,ภูชี้ดาว,19.869002,100.486419,19.3,84,0,Mainly Clear,0
5471,18/10/2024,19/10/2024 0:00,0,ภูชี้ดาว,19.869002,100.486419,19.8,79,0,Mainly Clear,1
5472,18/10/2024,19/10/2024 1:00,1,ภูชี้ดาว,19.869002,100.486419,19.4,80,0,Clear,0
5473,18/10/2024,19/10/2024 2:00,2,ภูชี้ดาว,19.869002,100.486419,19.8,77,0,Mainly Clear,1
5474,18/10/2024,19/10/2024 3:00,3,ภูชี้ดาว,19.869002,100.486419,18.5,83,0,Partly Cloudy,0
5475,19/10/2024,19/10/2024 21:00,21,ภูชี้ดาว,19.869002,100.486419,19.6,91,0,Mainly Clear,0
5476,19/10/2024,19/10/2024 22:00,22,ภูชี้ดาว,19.869002,100.486419,18.9,93,0,Partly Cloudy,0
5477,19/10/2024,19/10/2024 23:00,23,ภูชี้ดาว,19.869002,100.486419,18.2,91,3.6,Rain,0
5478,19/10/2024,20/10/2024 0:00,0,ภูชี้ดาว,19.869002,100.486419,17.2,100,5,Rain,0
5479,19/10/2024,20/10/2024 1:00,1,ภูชี้ดาว,19.869002,100.486419,17.1,100,0.2,Light Drizzle,0
5480,19/10/2024,20/10/2024 2:00,2,ภูชี้ดาว,19.869002,100.486419,17,100,0.3,Light Drizzle,0
5481,19/10/2024,20/10/2024 3:00,3,ภูชี้ดาว,19.869002,100.486419,16.6,99,1.3,Light Rain,0
5482,20/10/2024,20/10/2024 21:00,21,ภูชี้ดาว,19.869002,100.486419,18.5,97,0,Overcast,0
5483,20/10/2024,20/10/2024 22:00,22,ภูชี้ดาว,19.869002,100.486419,17,100,4.1,Rain,0
5484,20/10/2024,20/10/2024 23:00,23,ภูชี้ดาว,19.869002,100.486419,16.9,100,0.9,Drizzle,0
5485,20/10/2024,21/10/2024 0:00,0,ภูชี้ดาว,19.869002,100.486419,16.8,99,0,Overcast,0
5486,20/10/2024,21/10/2024 1:00,1,ภูชี้ดาว,19.869002,100.486419,16.2,100,0,Overcast,0
5487,20/10/2024,21/10/2024 2:00,2,ภูชี้ดาว,19.869002,100.486419,16.2,100,0,Overcast,0
5488,20/10/2024,21/10/2024 3:00,3,ภูชี้ดาว,19.869002,100.486419,16,100,0.1,Light Drizzle,0
5489,21/10/2024,21/10/2024 21:00,21,ภูชี้ดาว,19.869002,100.486419,18.2,95,0,Overcast,0
5490,21/10/2024,21/10/2024 22:00,22,ภูชี้ดาว,19.869002,100.486419,17.9,95,0,Mainly Clear,0
5491,21/10/2024,21/10/2024 23:00,23,ภูชี้ดาว,19.869002,100.486419,17.7,96,0,Mainly Clear,0
5492,21/10/2024,22/10/2024 0:00,0,ภูชี้ดาว,19.869002,100.486419,17.5,97,0,Mainly Clear,0
5493,21/10/2024,22/10/2024 1:00,1,ภูชี้ดาว,19.869002,100.486419,17.1,99,0,Mainly Clear,0
5494,21/10/2024,22/10/2024 2:00,2,ภูชี้ดาว,19.869002,100.486419,16.9,100,0,Overcast,0
5495,21/10/2024,22/10/2024 3:00,3,ภูชี้ดาว,19.869002,100.486419,17,99,0,Overcast,0
5496,22/10/2024,22/10/2024 21:00,21,ภูชี้ดาว,19.869002,100.486419,19.4,86,0,Mainly Clear,0
5497,22/10/2024,22/10/2024 22:00,22,ภูชี้ดาว,19.869002,100.486419,19.1,86,0,Mainly Clear,0
5498,22/10/2024,22/10/2024 23:00,23,ภูชี้ดาว,19.869002,100.486419,18.7,88,0,Mainly Clear,0
5499,22/10/2024,23/10/2024 0:00,0,ภูชี้ดาว,19.869002,100.486419,18.2,88,0,Clear,0
5500,22/10/2024,23/10/2024 1:00,1,ภูชี้ดาว,19.869002,100.486419,17.9,88,0,Mainly Clear,0
5501,22/10/2024,23/10/2024 2:00,2,ภูชี้ดาว,19.869002,100.486419,17.9,88,0,Mainly Clear,0
5502,22/10/2024,23/10/2024 3:00,3,ภูชี้ดาว,19.869002,100.486419,17.5,88,0.1,Light Drizzle,0
5503,23/10/2024,23/10/2024 21:00,21,ภูชี้ดาว,19.869002,100.486419,18.7,88,0,Clear,0
5504,23/10/2024,23/10/2024 22:00,22,ภูชี้ดาว,19.869002,100.486419,18.3,88,0,Clear,0
5505,23/10/2024,23/10/2024 23:00,23,ภูชี้ดาว,19.869002,100.486419,18,88,0,Clear,0
5506,23/10/2024,24/10/2024 0:00,0,ภูชี้ดาว,19.869002,100.486419,17.8,87,0,Clear,0
5507,23/10/2024,24/10/2024 1:00,1,ภูชี้ดาว,19.869002,100.486419,17.3,88,0,Mainly Clear,0
5508,23/10/2024,24/10/2024 2:00,2,ภูชี้ดาว,19.869002,100.486419,17,89,0,Mainly Clear,0
5509,23/10/2024,24/10/2024 3:00,3,ภูชี้ดาว,19.869002,100.486419,16.8,89,0,Partly Cloudy,0
5510,24/10/2024,24/10/2024 21:00,21,ภูชี้ดาว,19.869002,100.486419,18.4,90,0,Clear,0
5511,24/10/2024,24/10/2024 22:00,22,ภูชี้ดาว,19.869002,100.486419,18.2,88,0,Clear,0
5512,24/10/2024,24/10/2024 23:00,23,ภูชี้ดาว,19.869002,100.486419,18,87,0,Clear,0
5513,24/10/2024,25/10/2024 0:00,0,ภูชี้ดาว,19.869002,100.486419,18,85,0,Clear,0
5514,24/10/2024,25/10/2024 1:00,1,ภูชี้ดาว,19.869002,100.486419,17.6,86,0,Clear,0
5515,24/10/2024,25/10/2024 2:00,2,ภูชี้ดาว,19.869002,100.486419,17.1,88,0,Clear,0
5516,24/10/2024,25/10/2024 3:00,3,ภูชี้ดาว,19.869002,100.486419,16.9,88,0,Partly Cloudy,0
5517,25/10/2024,25/10/2024 21:00,21,ภูชี้ดาว,19.869002,100.486419,20,83,0,Mainly Clear,0
5518,25/10/2024,25/10/2024 22:00,22,ภูชี้ดาว,19.869002,100.486419,19.8,81,0,Overcast,0
5519,25/10/2024,25/10/2024 23:00,23,ภูชี้ดาว,19.869002,100.486419,19.5,80,0,Overcast,0
5520,25/10/2024,26/10/2024 0:00,0,ภูชี้ดาว,19.869002,100.486419,19.2,80,0,Overcast,0
5521,25/10/2024,26/10/2024 1:00,1,ภูชี้ดาว,19.869002,100.486419,19.1,79,0,Overcast,0
5522,25/10/2024,26/10/2024 2:00,2,ภูชี้ดาว,19.869002,100.486419,18.9,80,0,Overcast,0
5523,25/10/2024,26/10/2024 3:00,3,ภูชี้ดาว,19.869002,100.486419,18.3,83,0,Overcast,0
5524,26/10/2024,26/10/2024 21:00,21,ภูชี้ดาว,19.869002,100.486419,20.6,83,0,Overcast,0
5525,26/10/2024,26/10/2024 22:00,22,ภูชี้ดาว,19.869002,100.486419,20.6,80,0,Mainly Clear,1
5526,26/10/2024,26/10/2024 23:00,23,ภูชี้ดาว,19.869002,100.486419,20.5,79,0,Clear,1
5527,26/10/2024,27/10/2024 0:00,0,ภูชี้ดาว,19.869002,100.486419,20,80,0,Clear,1
5528,26/10/2024,27/10/2024 1:00,1,ภูชี้ดาว,19.869002,100.486419,19.7,81,0,Mainly Clear,0
5529,26/10/2024,27/10/2024 2:00,2,ภูชี้ดาว,19.869002,100.486419,20,78,0,Partly Cloudy,1
5530,26/10/2024,27/10/2024 3:00,3,ภูชี้ดาว,19.869002,100.486419,19.3,82,0,Overcast,0
5531,27/10/2024,27/10/2024 21:00,21,ภูชี้ดาว,19.869002,100.486419,19.6,64,0,Clear,1
5532,27/10/2024,27/10/2024 22:00,22,ภูชี้ดาว,19.869002,100.486419,19.2,63,0,Clear,1
5533,27/10/2024,27/10/2024 23:00,23,ภูชี้ดาว,19.869002,100.486419,19,60,0,Clear,1
5534,27/10/2024,28/10/2024 0:00,0,ภูชี้ดาว,19.869002,100.486419,18.5,62,0,Clear,1
5535,27/10/2024,28/10/2024 1:00,1,ภูชี้ดาว,19.869002,100.486419,17.8,66,0,Clear,1
5536,27/10/2024,28/10/2024 2:00,2,ภูชี้ดาว,19.869002,100.486419,17.4,66,0,Clear,1
5537,27/10/2024,28/10/2024 3:00,3,ภูชี้ดาว,19.869002,100.486419,18.2,56,0,Mainly Clear,1
5538,28/10/2024,28/10/2024 21:00,21,ภูชี้ดาว,19.869002,100.486419,18.5,72,0,Clear,1
5539,28/10/2024,28/10/2024 22:00,22,ภูชี้ดาว,19.869002,100.486419,18,72,0,Clear,1
5540,28/10/2024,28/10/2024 23:00,23,ภูชี้ดาว,19.869002,100.486419,17.2,77,0,Clear,1
5541,28/10/2024,29/10/2024 0:00,0,ภูชี้ดาว,19.869002,100.486419,16.9,78,0,Partly Cloudy,1
5542,28/10/2024,29/10/2024 1:00,1,ภูชี้ดาว,19.869002,100.486419,16.6,78,0,Partly Cloudy,1
5543,28/10/2024,29/10/2024 2:00,2,ภูชี้ดาว,19.869002,100.486419,16.3,79,0,Mainly Clear,1
5544,28/10/2024,29/10/2024 3:00,3,ภูชี้ดาว,19.869002,100.486419,16.7,74,0,Mainly Clear,1
5545,29/10/2024,29/10/2024 21:00,21,ภูชี้ดาว,19.869002,100.486419,18.1,80,0,Clear,1
5546,29/10/2024,29/10/2024 22:00,22,ภูชี้ดาว,19.869002,100.486419,17.6,80,0,Clear,1
5547,29/10/2024,29/10/2024 23:00,23,ภูชี้ดาว,19.869002,100.486419,17.1,80,0,Clear,1
5548,29/10/2024,30/10/2024 0:00,0,ภูชี้ดาว,19.869002,100.486419,16.7,81,0,Clear,1
5549,29/10/2024,30/10/2024 1:00,1,ภูชี้ดาว,19.869002,100.486419,16.6,79,0,Clear,1
5550,29/10/2024,30/10/2024 2:00,2,ภูชี้ดาว,19.869002,100.486419,16.3,80,0,Clear,1
5551,29/10/2024,30/10/2024 3:00,3,ภูชี้ดาว,19.869002,100.486419,16,82,0,Clear,0
5552,30/10/2024,30/10/2024 21:00,21,ภูชี้ดาว,19.869002,100.486419,18.8,84,0,Clear,0
5553,30/10/2024,30/10/2024 22:00,22,ภูชี้ดาว,19.869002,100.486419,18.5,82,0,Clear,0
5554,30/10/2024,30/10/2024 23:00,23,ภูชี้ดาว,19.869002,100.486419,18.1,81,0,Clear,0
5555,30/10/2024,31/10/2024 0:00,0,ภูชี้ดาว,19.869002,100.486419,18.2,77,0,Clear,1
5556,30/10/2024,31/10/2024 1:00,1,ภูชี้ดาว,19.869002,100.486419,17.7,78,0,Clear,1
5557,30/10/2024,31/10/2024 2:00,2,ภูชี้ดาว,19.869002,100.486419,17.3,80,0,Clear,1
5558,30/10/2024,31/10/2024 3:00,3,ภูชี้ดาว,19.869002,100.486419,16.8,82,0,Clear,0
5559,31/10/2024,31/10/2024 21:00,21,ภูชี้ดาว,19.869002,100.486419,19.1,85,0,Clear,0
5560,31/10/2024,31/10/2024 22:00,22,ภูชี้ดาว,19.869002,100.486419,18.8,83,0,Clear,0
5561,31/10/2024,31/10/2024 23:00,23,ภูชี้ดาว,19.869002,100.486419,18.7,82,0,Clear,0
5562,31/10/2024,1/11/2024 0:00,0,ภูชี้ดาว,19.869002,100.486419,18.4,82,0,Clear,0
5563,31/10/2024,1/11/2024 1:00,1,ภูชี้ดาว,19.869002,100.486419,18.5,80,0,Clear,1
5564,31/10/2024,1/11/2024 2:00,2,ภูชี้ดาว,19.869002,100.486419,17.6,85,0,Clear,0
5565,31/10/2024,1/11/2024 3:00,3,ภูชี้ดาว,19.869002,100.486419,17.8,82,0,Clear,0
5566,1/11/2024,1/11/2024 21:00,21,ภูชี้ดาว,19.869002,100.486419,19.5,83,0,Clear,0
5567,1/11/2024,1/11/2024 22:00,22,ภูชี้ดาว,19.869002,100.486419,19.1,83,0,Clear,0
5568,1/11/2024,1/11/2024 23:00,23,ภูชี้ดาว,19.869002,100.486419,19.2,80,0,Clear,1
5569,1/11/2024,2/11/2024 0:00,0,ภูชี้ดาว,19.869002,100.486419,18.4,84,0,Clear,0
5570,1/11/2024,2/11/2024 1:00,1,ภูชี้ดาว,19.869002,100.486419,18.4,83,0,Mainly Clear,0
5571,1/11/2024,2/11/2024 2:00,2,ภูชี้ดาว,19.869002,100.486419,19.2,75,0,Mainly Clear,1
5572,1/11/2024,2/11/2024 3:00,3,ภูชี้ดาว,19.869002,100.486419,16.8,87,0.2,Light Drizzle,0
5573,2/11/2024,2/11/2024 21:00,21,ภูชี้ดาว,19.869002,100.486419,17.9,69,0,Clear,1
5574,2/11/2024,2/11/2024 22:00,22,ภูชี้ดาว,19.869002,100.486419,17,73,0,Clear,1
5575,2/11/2024,2/11/2024 23:00,23,ภูชี้ดาว,19.869002,100.486419,16.7,72,0,Clear,1
5576,2/11/2024,3/11/2024 0:00,0,ภูชี้ดาว,19.869002,100.486419,16.4,71,0,Clear,1
5577,2/11/2024,3/11/2024 1:00,1,ภูชี้ดาว,19.869002,100.486419,18.4,53,0,Clear,1
5578,2/11/2024,3/11/2024 2:00,2,ภูชี้ดาว,19.869002,100.486419,17.6,55,0,Clear,1
5579,2/11/2024,3/11/2024 3:00,3,ภูชี้ดาว,19.869002,100.486419,16.1,64,0,Clear,1
5580,3/11/2024,3/11/2024 21:00,21,ภูชี้ดาว,19.869002,100.486419,17.3,67,0,Clear,1
5581,3/11/2024,3/11/2024 22:00,22,ภูชี้ดาว,19.869002,100.486419,16.7,69,0,Clear,1
5582,3/11/2024,3/11/2024 23:00,23,ภูชี้ดาว,19.869002,100.486419,18.2,55,0,Clear,1
5583,3/11/2024,4/11/2024 0:00,0,ภูชี้ดาว,19.869002,100.486419,18.1,53,0,Clear,1
5584,3/11/2024,4/11/2024 1:00,1,ภูชี้ดาว,19.869002,100.486419,16.3,64,0,Clear,1
5585,3/11/2024,4/11/2024 2:00,2,ภูชี้ดาว,19.869002,100.486419,15,72,0,Clear,1
5586,3/11/2024,4/11/2024 3:00,3,ภูชี้ดาว,19.869002,100.486419,17,57,0,Clear,1
5587,4/11/2024,4/11/2024 21:00,21,ภูชี้ดาว,19.869002,100.486419,17.9,75,0,Mainly Clear,1
5588,4/11/2024,4/11/2024 22:00,22,ภูชี้ดาว,19.869002,100.486419,17.1,79,0,Mainly Clear,1
5589,4/11/2024,4/11/2024 23:00,23,ภูชี้ดาว,19.869002,100.486419,17.1,79,0,Mainly Clear,1
5590,4/11/2024,5/11/2024 0:00,0,ภูชี้ดาว,19.869002,100.486419,16.7,78,0,Mainly Clear,1
5591,4/11/2024,5/11/2024 1:00,1,ภูชี้ดาว,19.869002,100.486419,15.8,86,0,Partly Cloudy,0
5592,4/11/2024,5/11/2024 2:00,2,ภูชี้ดาว,19.869002,100.486419,15.9,84,0,Overcast,0
5593,4/11/2024,5/11/2024 3:00,3,ภูชี้ดาว,19.869002,100.486419,16.2,83,0,Partly Cloudy,0
5594,5/11/2024,5/11/2024 21:00,21,ภูชี้ดาว,19.869002,100.486419,16.2,91,0,Mainly Clear,0
5595,5/11/2024,5/11/2024 22:00,22,ภูชี้ดาว,19.869002,100.486419,15.6,93,0.5,Drizzle,0
5596,5/11/2024,5/11/2024 23:00,23,ภูชี้ดาว,19.869002,100.486419,15.5,93,0.3,Light Drizzle,0
5597,5/11/2024,6/11/2024 0:00,0,ภูชี้ดาว,19.869002,100.486419,15.4,93,0.1,Light Drizzle,0
5598,5/11/2024,6/11/2024 1:00,1,ภูชี้ดาว,19.869002,100.486419,15,93,0,Mainly Clear,0
5599,5/11/2024,6/11/2024 2:00,2,ภูชี้ดาว,19.869002,100.486419,14.6,94,0,Mainly Clear,0
5600,5/11/2024,6/11/2024 3:00,3,ภูชี้ดาว,19.869002,100.486419,14.3,95,0,Mainly Clear,0
5601,6/11/2024,6/11/2024 21:00,21,ภูชี้ดาว,19.869002,100.486419,15.2,97,0,Overcast,0
5602,6/11/2024,6/11/2024 22:00,22,ภูชี้ดาว,19.869002,100.486419,15.4,97,0,Overcast,0
5603,6/11/2024,6/11/2024 23:00,23,ภูชี้ดาว,19.869002,100.486419,15.3,99,0.4,Light Drizzle,0
5604,6/11/2024,7/11/2024 0:00,0,ภูชี้ดาว,19.869002,100.486419,15.3,100,0.3,Light Drizzle,0
5605,6/11/2024,7/11/2024 1:00,1,ภูชี้ดาว,19.869002,100.486419,15,98,0.1,Light Drizzle,0
5606,6/11/2024,7/11/2024 2:00,2,ภูชี้ดาว,19.869002,100.486419,15,97,0.1,Light Drizzle,0
5607,6/11/2024,7/11/2024 3:00,3,ภูชี้ดาว,19.869002,100.486419,15.1,97,0,Overcast,0
5608,7/11/2024,7/11/2024 21:00,21,ภูชี้ดาว,19.869002,100.486419,15.8,95,0.2,Light Drizzle,0
5609,7/11/2024,7/11/2024 22:00,22,ภูชี้ดาว,19.869002,100.486419,15.6,95,0.1,Light Drizzle,0
5610,7/11/2024,7/11/2024 23:00,23,ภูชี้ดาว,19.869002,100.486419,15.5,95,0,Overcast,0
5611,7/11/2024,8/11/2024 0:00,0,ภูชี้ดาว,19.869002,100.486419,15.2,95,0,Overcast,0
5612,7/11/2024,8/11/2024 1:00,1,ภูชี้ดาว,19.869002,100.486419,14.5,97,0,Overcast,0
5613,7/11/2024,8/11/2024 2:00,2,ภูชี้ดาว,19.869002,100.486419,14.7,97,0,Overcast,0
5614,7/11/2024,8/11/2024 3:00,3,ภูชี้ดาว,19.869002,100.486419,14.7,96,0,Overcast,0
5615,8/11/2024,8/11/2024 21:00,21,ภูชี้ดาว,19.869002,100.486419,15.2,92,0.1,Light Drizzle,0
5616,8/11/2024,8/11/2024 22:00,22,ภูชี้ดาว,19.869002,100.486419,15,93,0,Overcast,0
5617,8/11/2024,8/11/2024 23:00,23,ภูชี้ดาว,19.869002,100.486419,14.7,93,0,Overcast,0
5618,8/11/2024,9/11/2024 0:00,0,ภูชี้ดาว,19.869002,100.486419,14.6,93,0,Mainly Clear,0
5619,8/11/2024,9/11/2024 1:00,1,ภูชี้ดาว,19.869002,100.486419,13.6,96,0,Overcast,0
5620,8/11/2024,9/11/2024 2:00,2,ภูชี้ดาว,19.869002,100.486419,14.1,94,0,Overcast,0
5621,8/11/2024,9/11/2024 3:00,3,ภูชี้ดาว,19.869002,100.486419,14.1,95,0,Overcast,0
5622,9/11/2024,9/11/2024 21:00,21,ภูชี้ดาว,19.869002,100.486419,16.7,80,0,Clear,1
5623,9/11/2024,9/11/2024 22:00,22,ภูชี้ดาว,19.869002,100.486419,16.4,80,0,Clear,1
5624,9/11/2024,9/11/2024 23:00,23,ภูชี้ดาว,19.869002,100.486419,16.2,80,0,Clear,1
5625,9/11/2024,10/11/2024 0:00,0,ภูชี้ดาว,19.869002,100.486419,16,81,0,Clear,1
5626,9/11/2024,10/11/2024 1:00,1,ภูชี้ดาว,19.869002,100.486419,15.6,83,0,Clear,0
5627,9/11/2024,10/11/2024 2:00,2,ภูชี้ดาว,19.869002,100.486419,15.3,84,0,Clear,0
5628,9/11/2024,10/11/2024 3:00,3,ภูชี้ดาว,19.869002,100.486419,15.1,85,0,Clear,0
5629,10/11/2024,10/11/2024 21:00,21,ภูชี้ดาว,19.869002,100.486419,17.6,80,0,Clear,1
5630,10/11/2024,10/11/2024 22:00,22,ภูชี้ดาว,19.869002,100.486419,17.1,80,0,Clear,1
5631,10/11/2024,10/11/2024 23:00,23,ภูชี้ดาว,19.869002,100.486419,16.3,84,0,Clear,0
5632,10/11/2024,11/11/2024 0:00,0,ภูชี้ดาว,19.869002,100.486419,15.9,85,0,Clear,0
5633,10/11/2024,11/11/2024 1:00,1,ภูชี้ดาว,19.869002,100.486419,15.9,84,0,Clear,0
5634,10/11/2024,11/11/2024 2:00,2,ภูชี้ดาว,19.869002,100.486419,15.5,85,0,Clear,0
5635,10/11/2024,11/11/2024 3:00,3,ภูชี้ดาว,19.869002,100.486419,17.4,74,0,Clear,1
5636,11/11/2024,11/11/2024 21:00,21,ภูชี้ดาว,19.869002,100.486419,18.1,85,0,Clear,0
5637,11/11/2024,11/11/2024 22:00,22,ภูชี้ดาว,19.869002,100.486419,17.7,84,0,Clear,0
5638,11/11/2024,11/11/2024 23:00,23,ภูชี้ดาว,19.869002,100.486419,17.3,84,0,Clear,0
5639,11/11/2024,12/11/2024 0:00,0,ภูชี้ดาว,19.869002,100.486419,16.8,85,0,Clear,0
5640,11/11/2024,12/11/2024 1:00,1,ภูชี้ดาว,19.869002,100.486419,16.6,83,0,Clear,0
5641,11/11/2024,12/11/2024 2:00,2,ภูชี้ดาว,19.869002,100.486419,16.4,83,0,Clear,0
5642,11/11/2024,12/11/2024 3:00,3,ภูชี้ดาว,19.869002,100.486419,15.8,86,0,Clear,0
5643,12/11/2024,12/11/2024 21:00,21,ภูชี้ดาว,19.869002,100.486419,17.7,91,0,Clear,0
5644,12/11/2024,12/11/2024 22:00,22,ภูชี้ดาว,19.869002,100.486419,17.8,87,0,Clear,0
5645,12/11/2024,12/11/2024 23:00,23,ภูชี้ดาว,19.869002,100.486419,17.7,85,0,Clear,0
5646,12/11/2024,13/11/2024 0:00,0,ภูชี้ดาว,19.869002,100.486419,17.9,83,0,Clear,0
5647,12/11/2024,13/11/2024 1:00,1,ภูชี้ดาว,19.869002,100.486419,17.6,83,0,Clear,0
5648,12/11/2024,13/11/2024 2:00,2,ภูชี้ดาว,19.869002,100.486419,17.3,84,0,Clear,0
5649,12/11/2024,13/11/2024 3:00,3,ภูชี้ดาว,19.869002,100.486419,17,85,0,Clear,0
5650,13/11/2024,13/11/2024 21:00,21,ภูชี้ดาว,19.869002,100.486419,18.9,90,0,Clear,0
5651,13/11/2024,13/11/2024 22:00,22,ภูชี้ดาว,19.869002,100.486419,18.8,88,0,Clear,0
5652,13/11/2024,13/11/2024 23:00,23,ภูชี้ดาว,19.869002,100.486419,18.6,87,0,Clear,0
5653,13/11/2024,14/11/2024 0:00,0,ภูชี้ดาว,19.869002,100.486419,18.3,87,0,Clear,0
5654,13/11/2024,14/11/2024 1:00,1,ภูชี้ดาว,19.869002,100.486419,18,88,0,Clear,0
5655,13/11/2024,14/11/2024 2:00,2,ภูชี้ดาว,19.869002,100.486419,17.8,87,0,Clear,0
5656,13/11/2024,14/11/2024 3:00,3,ภูชี้ดาว,19.869002,100.486419,17.5,87,0,Clear,0
5657,14/11/2024,14/11/2024 21:00,21,ภูชี้ดาว,19.869002,100.486419,18.7,90,0,Clear,0
5658,14/11/2024,14/11/2024 22:00,22,ภูชี้ดาว,19.869002,100.486419,18.3,88,0,Clear,0
5659,14/11/2024,14/11/2024 23:00,23,ภูชี้ดาว,19.869002,100.486419,17.9,86,0,Clear,0
5660,14/11/2024,15/11/2024 0:00,0,ภูชี้ดาว,19.869002,100.486419,17.9,84,0,Clear,0
5661,14/11/2024,15/11/2024 1:00,1,ภูชี้ดาว,19.869002,100.486419,17.7,83,0,Mainly Clear,0
5662,14/11/2024,15/11/2024 2:00,2,ภูชี้ดาว,19.869002,100.486419,17.4,83,0,Overcast,0
5663,14/11/2024,15/11/2024 3:00,3,ภูชี้ดาว,19.869002,100.486419,17,84,0,Partly Cloudy,0
5664,15/11/2024,15/11/2024 21:00,21,ภูชี้ดาว,19.869002,100.486419,17,69,0,Clear,1
5665,15/11/2024,15/11/2024 22:00,22,ภูชี้ดาว,19.869002,100.486419,16.8,64,0,Mainly Clear,1
5666,15/11/2024,15/11/2024 23:00,23,ภูชี้ดาว,19.869002,100.486419,16.8,60,0,Mainly Clear,1
5667,15/11/2024,16/11/2024 0:00,0,ภูชี้ดาว,19.869002,100.486419,16.8,59,0,Clear,1
5668,15/11/2024,16/11/2024 1:00,1,ภูชี้ดาว,19.869002,100.486419,16.5,60,0,Mainly Clear,1
5669,15/11/2024,16/11/2024 2:00,2,ภูชี้ดาว,19.869002,100.486419,15.8,63,0,Mainly Clear,1
5670,15/11/2024,16/11/2024 3:00,3,ภูชี้ดาว,19.869002,100.486419,15.2,66,0,Clear,1
5671,16/11/2024,16/11/2024 21:00,21,ภูชี้ดาว,19.869002,100.486419,17.1,69,0,Clear,1
5672,16/11/2024,16/11/2024 22:00,22,ภูชี้ดาว,19.869002,100.486419,17.2,65,0,Clear,1
5673,16/11/2024,16/11/2024 23:00,23,ภูชี้ดาว,19.869002,100.486419,17.1,62,0,Clear,1
5674,16/11/2024,17/11/2024 0:00,0,ภูชี้ดาว,19.869002,100.486419,16.6,61,0,Clear,1
5675,16/11/2024,17/11/2024 1:00,1,ภูชี้ดาว,19.869002,100.486419,16.3,60,0,Clear,1
5676,16/11/2024,17/11/2024 2:00,2,ภูชี้ดาว,19.869002,100.486419,15.8,62,0,Clear,1
5677,16/11/2024,17/11/2024 3:00,3,ภูชี้ดาว,19.869002,100.486419,15.7,64,0,Clear,1
5678,17/11/2024,17/11/2024 21:00,21,ภูชี้ดาว,19.869002,100.486419,18.4,78,0,Clear,1
5679,17/11/2024,17/11/2024 22:00,22,ภูชี้ดาว,19.869002,100.486419,18.2,77,0,Mainly Clear,1
5680,17/11/2024,17/11/2024 23:00,23,ภูชี้ดาว,19.869002,100.486419,17.6,80,0,Overcast,0
5681,17/11/2024,18/11/2024 0:00,0,ภูชี้ดาว,19.869002,100.486419,16.8,84,0,Overcast,0
5682,17/11/2024,18/11/2024 1:00,1,ภูชี้ดาว,19.869002,100.486419,16.3,85,0,Mainly Clear,0
5683,17/11/2024,18/11/2024 2:00,2,ภูชี้ดาว,19.869002,100.486419,16.2,85,0,Mainly Clear,0
5684,17/11/2024,18/11/2024 3:00,3,ภูชี้ดาว,19.869002,100.486419,16.4,82,0,Partly Cloudy,1
5685,18/11/2024,18/11/2024 21:00,21,ภูชี้ดาว,19.869002,100.486419,16.6,82,0,Clear,0
5686,18/11/2024,18/11/2024 22:00,22,ภูชี้ดาว,19.869002,100.486419,15.9,84,0,Clear,0
5687,18/11/2024,18/11/2024 23:00,23,ภูชี้ดาว,19.869002,100.486419,15.4,86,0,Clear,0
5688,18/11/2024,19/11/2024 0:00,0,ภูชี้ดาว,19.869002,100.486419,15.2,86,0,Clear,0
5689,18/11/2024,19/11/2024 1:00,1,ภูชี้ดาว,19.869002,100.486419,15,87,0,Clear,0
5690,18/11/2024,19/11/2024 2:00,2,ภูชี้ดาว,19.869002,100.486419,14.8,87,0,Clear,0
5691,18/11/2024,19/11/2024 3:00,3,ภูชี้ดาว,19.869002,100.486419,14.9,87,0,Clear,0
5692,19/11/2024,19/11/2024 21:00,21,ภูชี้ดาว,19.869002,100.486419,18.1,69,0,Clear,1
5693,19/11/2024,19/11/2024 22:00,22,ภูชี้ดาว,19.869002,100.486419,17.5,71,0,Clear,1
5694,19/11/2024,19/11/2024 23:00,23,ภูชี้ดาว,19.869002,100.486419,16.9,73,0,Clear,1
5695,19/11/2024,20/11/2024 0:00,0,ภูชี้ดาว,19.869002,100.486419,16.1,76,0,Clear,1
5696,19/11/2024,20/11/2024 1:00,1,ภูชี้ดาว,19.869002,100.486419,15.6,77,0,Clear,1
5697,19/11/2024,20/11/2024 2:00,2,ภูชี้ดาว,19.869002,100.486419,15.2,80,0,Clear,1
5698,19/11/2024,20/11/2024 3:00,3,ภูชี้ดาว,19.869002,100.486419,15.2,80,0,Clear,1
5699,20/11/2024,20/11/2024 21:00,21,ภูชี้ดาว,19.869002,100.486419,16.9,79,0,Clear,1
5700,20/11/2024,20/11/2024 22:00,22,ภูชี้ดาว,19.869002,100.486419,16.7,79,0,Clear,1
5701,20/11/2024,20/11/2024 23:00,23,ภูชี้ดาว,19.869002,100.486419,16.2,80,0,Clear,1
5702,20/11/2024,21/11/2024 0:00,0,ภูชี้ดาว,19.869002,100.486419,16,79,0,Clear,1
5703,20/11/2024,21/11/2024 1:00,1,ภูชี้ดาว,19.869002,100.486419,15.7,81,0,Clear,0
5704,20/11/2024,21/11/2024 2:00,2,ภูชี้ดาว,19.869002,100.486419,14.9,86,0,Partly Cloudy,0
5705,20/11/2024,21/11/2024 3:00,3,ภูชี้ดาว,19.869002,100.486419,14.8,86,0,Mainly Clear,0
5706,21/11/2024,21/11/2024 21:00,21,ภูชี้ดาว,19.869002,100.486419,16.7,86,0,Clear,0
5707,21/11/2024,21/11/2024 22:00,22,ภูชี้ดาว,19.869002,100.486419,16.3,87,0,Clear,0
5708,21/11/2024,21/11/2024 23:00,23,ภูชี้ดาว,19.869002,100.486419,15.5,90,0,Clear,0
5709,21/11/2024,22/11/2024 0:00,0,ภูชี้ดาว,19.869002,100.486419,15.2,90,0,Clear,0
5710,21/11/2024,22/11/2024 1:00,1,ภูชี้ดาว,19.869002,100.486419,15,90,0,Clear,0
5711,21/11/2024,22/11/2024 2:00,2,ภูชี้ดาว,19.869002,100.486419,14.6,90,0,Mainly Clear,0
5712,21/11/2024,22/11/2024 3:00,3,ภูชี้ดาว,19.869002,100.486419,14.1,92,0,Mainly Clear,0
5713,22/11/2024,22/11/2024 21:00,21,ภูชี้ดาว,19.869002,100.486419,17,72,0,Clear,1
5714,22/11/2024,22/11/2024 22:00,22,ภูชี้ดาว,19.869002,100.486419,16.5,76,0,Clear,1
5715,22/11/2024,22/11/2024 23:00,23,ภูชี้ดาว,19.869002,100.486419,15.7,79,0,Mainly Clear,1
5716,22/11/2024,23/11/2024 0:00,0,ภูชี้ดาว,19.869002,100.486419,15.2,81,0,Mainly Clear,0
5717,22/11/2024,23/11/2024 1:00,1,ภูชี้ดาว,19.869002,100.486419,14.8,84,0.1,Light Drizzle,0
5718,22/11/2024,23/11/2024 2:00,2,ภูชี้ดาว,19.869002,100.486419,14.5,84,0,Mainly Clear,0
5719,22/11/2024,23/11/2024 3:00,3,ภูชี้ดาว,19.869002,100.486419,14.2,85,0,Clear,0
5720,23/11/2024,23/11/2024 21:00,21,ภูชี้ดาว,19.869002,100.486419,16.2,84,0,Clear,0
5721,23/11/2024,23/11/2024 22:00,22,ภูชี้ดาว,19.869002,100.486419,16.2,83,0,Clear,0
5722,23/11/2024,23/11/2024 23:00,23,ภูชี้ดาว,19.869002,100.486419,15.8,84,0,Clear,0
5723,23/11/2024,24/11/2024 0:00,0,ภูชี้ดาว,19.869002,100.486419,15.5,85,0,Clear,0
5724,23/11/2024,24/11/2024 1:00,1,ภูชี้ดาว,19.869002,100.486419,15.2,86,0,Clear,0
5725,23/11/2024,24/11/2024 2:00,2,ภูชี้ดาว,19.869002,100.486419,15,86,0,Clear,0
5726,23/11/2024,24/11/2024 3:00,3,ภูชี้ดาว,19.869002,100.486419,14.8,87,0,Clear,0
5727,24/11/2024,24/11/2024 21:00,21,ภูชี้ดาว,19.869002,100.486419,17.3,85,0,Clear,0
5728,24/11/2024,24/11/2024 22:00,22,ภูชี้ดาว,19.869002,100.486419,17.2,83,0,Mainly Clear,0
5729,24/11/2024,24/11/2024 23:00,23,ภูชี้ดาว,19.869002,100.486419,16.8,82,0,Clear,0
5730,24/11/2024,25/11/2024 0:00,0,ภูชี้ดาว,19.869002,100.486419,16.5,83,0,Clear,0
5731,24/11/2024,25/11/2024 1:00,1,ภูชี้ดาว,19.869002,100.486419,16.1,83,0,Clear,0
5732,24/11/2024,25/11/2024 2:00,2,ภูชี้ดาว,19.869002,100.486419,15.8,84,0,Overcast,0
5733,24/11/2024,25/11/2024 3:00,3,ภูชี้ดาว,19.869002,100.486419,15.4,85,0,Overcast,0
5734,25/11/2024,25/11/2024 21:00,21,ภูชี้ดาว,19.869002,100.486419,18.1,81,0,Overcast,0
5735,25/11/2024,25/11/2024 22:00,22,ภูชี้ดาว,19.869002,100.486419,17.8,81,0,Clear,0
5736,25/11/2024,25/11/2024 23:00,23,ภูชี้ดาว,19.869002,100.486419,17.4,80,0,Clear,1
5737,25/11/2024,26/11/2024 0:00,0,ภูชี้ดาว,19.869002,100.486419,16.9,80,0,Clear,1
5738,25/11/2024,26/11/2024 1:00,1,ภูชี้ดาว,19.869002,100.486419,16.6,81,0,Mainly Clear,0
5739,25/11/2024,26/11/2024 2:00,2,ภูชี้ดาว,19.869002,100.486419,16.4,81,0,Mainly Clear,0
5740,25/11/2024,26/11/2024 3:00,3,ภูชี้ดาว,19.869002,100.486419,15.8,83,0,Overcast,0
5741,26/11/2024,26/11/2024 21:00,21,ภูชี้ดาว,19.869002,100.486419,16.9,92,0,Overcast,0
5742,26/11/2024,26/11/2024 22:00,22,ภูชี้ดาว,19.869002,100.486419,16.7,91,0,Partly Cloudy,0
5743,26/11/2024,26/11/2024 23:00,23,ภูชี้ดาว,19.869002,100.486419,15.9,95,0,Overcast,0
5744,26/11/2024,27/11/2024 0:00,0,ภูชี้ดาว,19.869002,100.486419,15.7,92,0.2,Light Drizzle,0
5745,26/11/2024,27/11/2024 1:00,1,ภูชี้ดาว,19.869002,100.486419,15,94,0,Overcast,0
5746,26/11/2024,27/11/2024 2:00,2,ภูชี้ดาว,19.869002,100.486419,15.4,93,0,Overcast,0
5747,26/11/2024,27/11/2024 3:00,3,ภูชี้ดาว,19.869002,100.486419,15,93,0,Overcast,0
5748,27/11/2024,27/11/2024 21:00,21,ภูชี้ดาว,19.869002,100.486419,17.2,92,0.2,Light Drizzle,0
5749,27/11/2024,27/11/2024 22:00,22,ภูชี้ดาว,19.869002,100.486419,16.2,95,0.4,Light Drizzle,0
5750,27/11/2024,27/11/2024 23:00,23,ภูชี้ดาว,19.869002,100.486419,15.8,99,0.1,Light Drizzle,0
5751,27/11/2024,28/11/2024 0:00,0,ภูชี้ดาว,19.869002,100.486419,15,99,1.2,Heavy Drizzle,0
5752,27/11/2024,28/11/2024 1:00,1,ภูชี้ดาว,19.869002,100.486419,15,99,0.2,Light Drizzle,0
5753,27/11/2024,28/11/2024 2:00,2,ภูชี้ดาว,19.869002,100.486419,15,99,0,Overcast,0
5754,27/11/2024,28/11/2024 3:00,3,ภูชี้ดาว,19.869002,100.486419,14.9,99,0,Overcast,0
5755,28/11/2024,28/11/2024 21:00,21,ภูชี้ดาว,19.869002,100.486419,16.9,83,0,Partly Cloudy,0
5756,28/11/2024,28/11/2024 22:00,22,ภูชี้ดาว,19.869002,100.486419,16,84,0,Partly Cloudy,0
5757,28/11/2024,28/11/2024 23:00,23,ภูชี้ดาว,19.869002,100.486419,15.6,84,0,Partly Cloudy,0
5758,28/11/2024,29/11/2024 0:00,0,ภูชี้ดาว,19.869002,100.486419,14.9,85,0,Mainly Clear,0
5759,28/11/2024,29/11/2024 1:00,1,ภูชี้ดาว,19.869002,100.486419,14.5,82,0,Overcast,0
5760,28/11/2024,29/11/2024 2:00,2,ภูชี้ดาว,19.869002,100.486419,14.3,84,0,Overcast,0
5761,28/11/2024,29/11/2024 3:00,3,ภูชี้ดาว,19.869002,100.486419,14.1,84,0,Overcast,0
5762,29/11/2024,29/11/2024 21:00,21,ภูชี้ดาว,19.869002,100.486419,15.2,76,0,Mainly Clear,1
5763,29/11/2024,29/11/2024 22:00,22,ภูชี้ดาว,19.869002,100.486419,14.5,76,0,Overcast,0
5764,29/11/2024,29/11/2024 23:00,23,ภูชี้ดาว,19.869002,100.486419,14.8,76,0,Overcast,0
5765,29/11/2024,30/11/2024 0:00,0,ภูชี้ดาว,19.869002,100.486419,14.8,76,0,Overcast,0
5766,29/11/2024,30/11/2024 1:00,1,ภูชี้ดาว,19.869002,100.486419,14.4,78,0,Overcast,0
5767,29/11/2024,30/11/2024 2:00,2,ภูชี้ดาว,19.869002,100.486419,13.9,81,0,Overcast,0
5768,29/11/2024,30/11/2024 3:00,3,ภูชี้ดาว,19.869002,100.486419,13.3,83,0,Mainly Clear,0
5769,30/11/2024,30/11/2024 21:00,21,ภูชี้ดาว,19.869002,100.486419,14.9,82,0,Clear,0
5770,30/11/2024,30/11/2024 22:00,22,ภูชี้ดาว,19.869002,100.486419,14.7,81,0,Clear,0
5771,30/11/2024,30/11/2024 23:00,23,ภูชี้ดาว,19.869002,100.486419,14.5,80,0,Clear,1
5772,30/11/2024,1/12/2024 0:00,0,ภูชี้ดาว,19.869002,100.486419,14.2,80,0,Mainly Clear,1
5773,30/11/2024,1/12/2024 1:00,1,ภูชี้ดาว,19.869002,100.486419,13.9,80,0,Partly Cloudy,1
5774,30/11/2024,1/12/2024 2:00,2,ภูชี้ดาว,19.869002,100.486419,13.7,80,0,Partly Cloudy,1
5775,30/11/2024,1/12/2024 3:00,3,ภูชี้ดาว,19.869002,100.486419,13.4,80,0,Partly Cloudy,1
